/* Auto-generated from input.png (240x135). */
#pragma once
#include <stdint.h>

static const int splashWidth = 240;
static const int splashHeight = 135;
static const uint16_t splashAlpha = 0xF81F;

static const uint16_t splashScreen[32400] = {
    0x190A, 0x190A, 0x18EA, 0x18EA, 0x18EA, 0x18EA, 0x18EA, 0x18EA, 0x190A, 0x190A, 0x190A, 0x190A,
    0x190A, 0x192B, 0x192B, 0x190B, 0x190A, 0x190A, 0x190B, 0x190B, 0x190B, 0x190B, 0x212B, 0x190B,
    0x192B, 0x212B, 0x212B, 0x212B, 0x212B, 0x212B, 0x212B, 0x212B, 0x212B, 0x192B, 0x212B, 0x212B,
    0x212B, 0x212B, 0x212C, 0x212C, 0x212C, 0x212C, 0x212C, 0x212B, 0x212C, 0x212B, 0x212C, 0x212C,
    0x292C, 0x292D, 0x312E, 0x394F, 0x4950, 0x9231, 0xAA51, 0x71B1, 0x314F, 0x312E, 0x292D, 0x292D,
    0x212C, 0x212C, 0x212C, 0x212C, 0x212C, 0x212C, 0x212B, 0x212C, 0x212C, 0x212C, 0x212B, 0x212B,
    0x212B, 0x212B, 0x212B, 0x212B, 0x212C, 0x212C, 0x212C, 0x212C, 0x212C, 0x212C, 0x212C, 0x212C,
    0x212C, 0x212C, 0x212C, 0x214D, 0x212D, 0x392D, 0x694D, 0x392D, 0x192C, 0x212C, 0x212C, 0x212B,
    0x212B, 0x212C, 0x212C, 0x212B, 0x212B, 0x212B, 0x212B, 0x212B, 0x212B, 0x212B, 0x212B, 0x212B,
    0x212B, 0x212B, 0x212B, 0x212B, 0x212B, 0x212C, 0x212C, 0x212C, 0x212B, 0x212C, 0x212B, 0x212B,
    0x212C, 0x212B, 0x212C, 0x212C, 0x212C, 0x212C, 0x212C, 0x212C, 0x212C, 0x212C, 0x212C, 0x212C,
    0x212C, 0x212C, 0x212C, 0x212C, 0x212C, 0x212C, 0x212C, 0x212C, 0x212C, 0x212C, 0x212C, 0x212C,
    0x212C, 0x212C, 0x212C, 0x212C, 0x212C, 0x212C, 0x212C, 0x212C, 0x212C, 0x212C, 0x212C, 0x196F,
    0x2A14, 0x214D, 0x212C, 0x212C, 0x212C, 0x212C, 0x212C, 0x212C, 0x212C, 0x212C, 0x212C, 0x212C,
    0x212C, 0x212C, 0x212C, 0x310D, 0x81D3, 0x394E, 0x214C, 0x212C, 0x212C, 0x212C, 0x212C, 0x212C,
    0x212C, 0x212C, 0x212C, 0x212C, 0x212B, 0x212C, 0x212B, 0x212B, 0x212C, 0x212B, 0x212B, 0x212C,
    0x190B, 0x190B, 0x190B, 0x190B, 0x190B, 0x212B, 0x212B, 0x212B, 0x210B, 0x210B, 0x212B, 0x212B,
    0x212B, 0x210B, 0x212B, 0x212B, 0x212B, 0x212B, 0x212B, 0x212B, 0x212B, 0x212B, 0x212C, 0x212C,
    0x314C, 0x294C, 0x212C, 0x212C, 0x212C, 0x212C, 0x292C, 0x292C, 0x312C, 0x312D, 0x392D, 0x412E,
    0x492E, 0x512E, 0x614F, 0x7190, 0x9A50, 0xDBF1, 0xCB71, 0xB2D1, 0x9232, 0x6170, 0x514F, 0x492E,
    0x190B, 0x190B, 0x190B, 0x190B, 0x190B, 0x190B, 0x190B, 0x190B, 0x190B, 0x190B, 0x190B, 0x190B,
    0x190B, 0x192B, 0x192B, 0x192B, 0x192B, 0x190B, 0x192C, 0x192C, 0x212C, 0x192C, 0x212C, 0x212B,
    0x212C, 0x192C, 0x212C, 0x212C, 0x212C, 0x212C, 0x212C, 0x212C, 0x212C, 0x212C, 0x212C, 0x212C,
    0x212C, 0x212C, 0x214C, 0x214D, 0x214D, 0x212D, 0x214D, 0x214D, 0x214D, 0x214D, 0x214D, 0x214D,
    0x294D, 0x294E, 0x314E, 0x314F, 0x3950, 0x4151, 0x71B2, 0xAA32, 0x9211, 0x3970, 0x314F, 0x292E,
    0x292E, 0x294D, 0x294D, 0x214D, 0x214D, 0x214D, 0x214D, 0x214C, 0x214D, 0x212C, 0x212D, 0x214D,
    0x214C, 0x214C, 0x214D, 0x214D, 0x212D, 0x212D, 0x212D, 0x212D, 0x212D, 0x214D, 0x214D, 0x214D,
    0x212D, 0x214D, 0x214D, 0x214E, 0x214E, 0x292D, 0x916E, 0x496E, 0x214E, 0x214D, 0x214D, 0x214C,
    0x214C, 0x214C, 0x212C, 0x212C, 0x212C, 0x212C, 0x212C, 0x212C, 0x212C, 0x212C, 0x212C, 0x212C,
    0x212C, 0x212C, 0x214D, 0x214D, 0x214D, 0x214D, 0x212D, 0x212C, 0x212C, 0x212C, 0x212D, 0x212D,
    0x214D, 0x212C, 0x212C, 0x212C, 0x212C, 0x214D, 0x214D, 0x214D, 0x214C, 0x214C, 0x214C, 0x214C,
    0x214D, 0x214D, 0x214D, 0x214D, 0x214D, 0x214D, 0x214D, 0x214D, 0x214D, 0x214D, 0x214D, 0x212D,
    0x214D, 0x214D, 0x214D, 0x214D, 0x214D, 0x214D, 0x214D, 0x214D, 0x214D, 0x214D, 0x212D, 0x2190,
    0x2A56, 0x212E, 0x212D, 0x212D, 0x212D, 0x214D, 0x212D, 0x212D, 0x212D, 0x212D, 0x212D, 0x212D,
    0x212D, 0x212D, 0x410E, 0x7992, 0x312E, 0x214D, 0x214D, 0x214D, 0x214D, 0x212D, 0x214D, 0x214D,
    0x212D, 0x212D, 0x214C, 0x214C, 0x214C, 0x212C, 0x212C, 0x212C, 0x212D, 0x316C, 0x294C, 0x192D,
    0x212C, 0x212C, 0x212C, 0x212C, 0x212C, 0x192C, 0x212C, 0x212C, 0x212C, 0x212C, 0x212C, 0x212C,
    0x212C, 0x212C, 0x212C, 0x212C, 0x212C, 0x212C, 0x212C, 0x212C, 0x212C, 0x212C, 0x212C, 0x212C,
    0x212D, 0x212D, 0x212D, 0x292D, 0x292D, 0x292D, 0x312D, 0x312E, 0x392E, 0x412E, 0x492F, 0x594F,
    0x6150, 0x7170, 0x9A30, 0xDBF1, 0xDBF1, 0xC313, 0x9A53, 0x7151, 0x6151, 0x514F, 0x492E, 0x392E,
    0x192C, 0x192D, 0x212D, 0x212D, 0x192D, 0x192D, 0x192D, 0x192D, 0x192D, 0x212D, 0x192D, 0x192D,
    0x192D, 0x192D, 0x214D, 0x214D, 0x214D, 0x214D, 0x214D, 0x214D, 0x214D, 0x212D, 0x212D, 0x212D,
    0x212D, 0x212D, 0x214E, 0x214E, 0x316C, 0x49AC, 0x214E, 0x214E, 0x214E, 0x214D, 0x212D, 0x212D,
    0x214D, 0x214D, 0x214D, 0x214D, 0x214E, 0x294D, 0x316D, 0x214E, 0x216E, 0x216E, 0x214E, 0x214E,
    0x294F, 0x294F, 0x294F, 0x316F, 0x3170, 0x3970, 0x4172, 0x71F2, 0xB293, 0x9232, 0x51D1, 0x3170,
    0x314F, 0x294F, 0x294F, 0x296E, 0x294E, 0x294E, 0x294E, 0x294E, 0x214D, 0x214D, 0x214D, 0x214E,
    0x214E, 0x214E, 0x214E, 0x214D, 0x214E, 0x214E, 0x214E, 0x214E, 0x214E, 0x214E, 0x214E, 0x214E,
    0x214E, 0x214E, 0x214E, 0x214E, 0x214E, 0x294E, 0x414E, 0x698F, 0x498F, 0x296F, 0x216F, 0x216E,
    0x216E, 0x214E, 0x216E, 0x214E, 0x214E, 0x216E, 0x216E, 0x214E, 0x214E, 0x214E, 0x214E, 0x214E,
    0x214E, 0x214E, 0x214E, 0x214E, 0x214E, 0x214E, 0x214E, 0x214E, 0x214E, 0x214D, 0x214D, 0x214E,
    0x214D, 0x214E, 0x214E, 0x214E, 0x214E, 0x214E, 0x214E, 0x214E, 0x214E, 0x214D, 0x214E, 0x214E,
    0x214E, 0x214E, 0x214E, 0x212E, 0x214E, 0x214E, 0x214E, 0x214E, 0x214E, 0x214E, 0x214E, 0x214E,
    0x214E, 0x214E, 0x214E, 0x214E, 0x214E, 0x214E, 0x214E, 0x214E, 0x214E, 0x214E, 0x29B2, 0x29F2,
    0x29B0, 0x296E, 0x296E, 0x216E, 0x296E, 0x216E, 0x214E, 0x296E, 0x296E, 0x216E, 0x294E, 0x296E,
    0x296E, 0x414F, 0x5150, 0x59B2, 0x294E, 0x294E, 0x214E, 0x214E, 0x214E, 0x214E, 0x214E, 0x214E,
    0x214E, 0x214E, 0x214E, 0x214E, 0x214E, 0x214D, 0x214D, 0x214E, 0x214E, 0x214E, 0x212E, 0x212E,
    0x214E, 0x214E, 0x214E, 0x214E, 0x214E, 0x214E, 0x214E, 0x214E, 0x212E, 0x212E, 0x212E, 0x214E,
    0x214E, 0x214E, 0x214E, 0x214E, 0x214E, 0x212E, 0x212E, 0x292D, 0x212D, 0x212E, 0x212E, 0x212E,
    0x292E, 0x294E, 0x314E, 0x314F, 0x314F, 0x394F, 0x412F, 0x492F, 0x5150, 0x5971, 0x6972, 0x7992,
    0x91D1, 0xCB71, 0xE3F2, 0xD3B3, 0xB2F3, 0x89D3, 0x7172, 0x6172, 0x5971, 0x5150, 0x4150, 0x4150,
    0x190A, 0x190B, 0x190B, 0x190B, 0x190B, 0x190B, 0x190B, 0x190B, 0x190B, 0x190B, 0x190B, 0x190B,
    0x190B, 0x190B, 0x190B, 0x192B, 0x192B, 0x212B, 0x212B, 0x212B, 0x212B, 0x212B, 0x212B, 0x212B,
    0x212C, 0x212C, 0x214C, 0x214D, 0x51CA, 0x8ACC, 0x292C, 0x214D, 0x212C, 0x212C, 0x212C, 0x212B,
    0x192C, 0x212C, 0x212C, 0x212C, 0x214D, 0x212C, 0x212C, 0x214D, 0x214C, 0x212C, 0x212C, 0x212C,
    0x212C, 0x212D, 0x294D, 0x294E, 0x294E, 0x316F, 0x3970, 0x4191, 0x6A13, 0xB2B3, 0x9252, 0x51D1,
    0x316F, 0x314F, 0x294E, 0x294D, 0x294D, 0x294D, 0x214D, 0x212C, 0x212C, 0x212C, 0x212C, 0x212C,
    0x212C, 0x212C, 0x212C, 0x212C, 0x212C, 0x212C, 0x212C, 0x212C, 0x214C, 0x214C, 0x214C, 0x214C,
    0x212C, 0x212C, 0x212D, 0x214D, 0x214D, 0x214D, 0x214E, 0x816D, 0x61AF, 0x216E, 0x216E, 0x294D,
    0x214D, 0x214D, 0x214D, 0x214D, 0x214D, 0x214D, 0x214C, 0x214C, 0x214C, 0x214C, 0x214C, 0x214C,
    0x214C, 0x214C, 0x214C, 0x214C, 0x214C, 0x214C, 0x214C, 0x212C, 0x212C, 0x212C, 0x212C, 0x214C,
    0x212C, 0x212C, 0x212C, 0x212C, 0x212C, 0x212C, 0x212C, 0x212C, 0x212C, 0x212C, 0x212C, 0x212C,
    0x214C, 0x212C, 0x212D, 0x212D, 0x212D, 0x212D, 0x212D, 0x212C, 0x212C, 0x212C, 0x212C, 0x212C,
    0x212C, 0x212C, 0x212D, 0x212D, 0x214D, 0x214D, 0x214D, 0x214D, 0x214D, 0x214D, 0x29F3, 0x2A13,
    0x216D, 0x214D, 0x214D, 0x214D, 0x214D, 0x214D, 0x214D, 0x294D, 0x214D, 0x214D, 0x294D, 0x214D,
    0x212C, 0x7170, 0x7991, 0x212D, 0x214D, 0x214D, 0x214C, 0x212C, 0x212C, 0x212C, 0x212C, 0x212C,
    0x212C, 0x212C, 0x212C, 0x212C, 0x212C, 0x212C, 0x214C, 0x212C, 0x212C, 0x212C, 0x212C, 0x212C,
    0x212C, 0x212C, 0x212C, 0x212C, 0x212C, 0x212C, 0x212C, 0x212C, 0x212C, 0x212C, 0x212C, 0x212C,
    0x212C, 0x212C, 0x212C, 0x212D, 0x212D, 0x212D, 0x290B, 0x69AC, 0x292C, 0x212D, 0x212D, 0x292D,
    0x292D, 0x292D, 0x292D, 0x312D, 0x392D, 0x412E, 0x492E, 0x512E, 0x5950, 0x6971, 0x8191, 0xA250,
    0xE413, 0xE412, 0xBAD3, 0x91F3, 0x7172, 0x6151, 0x5150, 0x5150, 0x414F, 0x392E, 0x312E, 0x312D,
    0x194E, 0x214E, 0x194E, 0x194E, 0x192E, 0x192D, 0x192E, 0x192E, 0x192E, 0x192E, 0x192E, 0x194E,
    0x194E, 0x214E, 0x214E, 0x214E, 0x214E, 0x214E, 0x214E, 0x214E, 0x214E, 0x214E, 0x214E, 0x214E,
    0x214E, 0x214E, 0x216F, 0x216F, 0x216F, 0x216F, 0x216F, 0x216F, 0x216E, 0x216E, 0x214E, 0x214E,
    0x214E, 0x214E, 0x216E, 0x216F, 0x216F, 0x216F, 0x216F, 0x216F, 0x216F, 0x216E, 0x214E, 0x214E,
    0x216F, 0x216F, 0x296F, 0x296F, 0x2970, 0x3190, 0x3190, 0x3991, 0x3992, 0x51B2, 0x9232, 0xAA73,
    0x7212, 0x3170, 0x3170, 0x2970, 0x296F, 0x296F, 0x296F, 0x296F, 0x296F, 0x216F, 0x216F, 0x216F,
    0x216F, 0x214F, 0x216F, 0x216F, 0x216F, 0x216F, 0x216F, 0x216F, 0x216F, 0x216F, 0x216F, 0x216F,
    0x216F, 0x296F, 0x296F, 0x296F, 0x296F, 0x298F, 0x298F, 0x396F, 0x596F, 0x4990, 0x216F, 0x216F,
    0x216F, 0x216F, 0x216F, 0x216F, 0x216F, 0x216F, 0x216F, 0x216F, 0x216F, 0x216F, 0x216F, 0x216F,
    0x216F, 0x296F, 0x296F, 0x2990, 0x296F, 0x216F, 0x216F, 0x216F, 0x216F, 0x216F, 0x216F, 0x216F,
    0x216F, 0x216F, 0x216F, 0x216F, 0x216F, 0x216F, 0x216F, 0x216F, 0x216F, 0x216F, 0x216F, 0x216F,
    0x216F, 0x216F, 0x216F, 0x216F, 0x216F, 0x216F, 0x216F, 0x216F, 0x216F, 0x216F, 0x216F, 0x216F,
    0x216F, 0x216F, 0x216F, 0x216F, 0x216F, 0x216F, 0x216F, 0x216F, 0x216F, 0x21B3, 0x29F3, 0x29D1,
    0x296F, 0x296F, 0x216F, 0x216F, 0x296F, 0x296F, 0x296F, 0x298F, 0x298F, 0x298F, 0x296F, 0x294F,
    0x6950, 0x494F, 0x3190, 0x216F, 0x296F, 0x296F, 0x296F, 0x296F, 0x296F, 0x216F, 0x216F, 0x216F,
    0x216E, 0x214E, 0x216E, 0x216F, 0x216F, 0x216F, 0x216F, 0x216F, 0x216F, 0x216F, 0x216F, 0x216F,
    0x216F, 0x216F, 0x216F, 0x216F, 0x216F, 0x216F, 0x214F, 0x214F, 0x214F, 0x214F, 0x216F, 0x216F,
    0x216F, 0x216F, 0x2170, 0x2170, 0x314F, 0x2970, 0x2170, 0x2950, 0x2950, 0x2970, 0x2970, 0x2970,
    0x3170, 0x3170, 0x4190, 0x4170, 0x4971, 0x5171, 0x5971, 0x6972, 0x7992, 0x9A32, 0xCB52, 0xE413,
    0xDBD5, 0xB294, 0x9214, 0x79B2, 0x6992, 0x5991, 0x5171, 0x4971, 0x4170, 0x3970, 0x3170, 0x3170,
    0x190B, 0x190B, 0x190B, 0x190B, 0x190B, 0x190B, 0x190B, 0x190C, 0x190C, 0x190C, 0x190C, 0x192C,
    0x192C, 0x212C, 0x212C, 0x212C, 0x212C, 0x212C, 0x212D, 0x212C, 0x212C, 0x212C, 0x212C, 0x212C,
    0x212C, 0x212C, 0x214C, 0x214D, 0x214D, 0x214D, 0x214D, 0x214D, 0x214D, 0x214D, 0x214D, 0x214C,
    0x214C, 0x212C, 0x214D, 0x212D, 0x212D, 0x212D, 0x212D, 0x212D, 0x212C, 0x212D, 0x212D, 0x214D,
    0x214D, 0x214D, 0x214D, 0x294E, 0x294E, 0x294E, 0x294E, 0x316F, 0x3190, 0x3991, 0x49B1, 0x8A52,
    0xBAF4, 0x7212, 0x3990, 0x296F, 0x294E, 0x294E, 0x294E, 0x294E, 0x294D, 0x214D, 0x214D, 0x214D,
    0x214D, 0x214D, 0x214D, 0x214D, 0x214D, 0x214D, 0x214D, 0x214D, 0x214D, 0x214D, 0x214D, 0x214D,
    0x296E, 0x294E, 0x296E, 0x296E, 0x296E, 0x296E, 0x216E, 0x294E, 0x696E, 0x61B0, 0x214E, 0x214E,
    0x214E, 0x214D, 0x214E, 0x214E, 0x214E, 0x214D, 0x214D, 0x214D, 0x214D, 0x214D, 0x214D, 0x214D,
    0x214D, 0x214D, 0x296E, 0x214E, 0x214E, 0x214E, 0x214E, 0x214E, 0x214E, 0x214D, 0x214D, 0x214D,
    0x214D, 0x214D, 0x214D, 0x214D, 0x214D, 0x214D, 0x214D, 0x214D, 0x214D, 0x214D, 0x214D, 0x214D,
    0x214D, 0x214D, 0x214D, 0x214D, 0x214D, 0x214D, 0x214D, 0x214D, 0x214D, 0x214D, 0x214D, 0x214D,
    0x214D, 0x214D, 0x214D, 0x214D, 0x214D, 0x214D, 0x214D, 0x214D, 0x212D, 0x21F5, 0x29D3, 0x214D,
    0x214E, 0x214D, 0x294E, 0x296E, 0x296E, 0x296E, 0x296E, 0x296E, 0x294E, 0x296E, 0x296E, 0x314E,
    0x7190, 0x416F, 0x296E, 0x294E, 0x214E, 0x294E, 0x294D, 0x294D, 0x214D, 0x214D, 0x214D, 0x214D,
    0x294D, 0x214D, 0x214D, 0x214D, 0x214D, 0x214D, 0x214D, 0x214D, 0x214D, 0x214D, 0x214D, 0x214D,
    0x214D, 0x214D, 0x214D, 0x214D, 0x214D, 0x214D, 0x214D, 0x214D, 0x214D, 0x214D, 0x214D, 0x214D,
    0x214D, 0x214D, 0x214D, 0x214D, 0x394D, 0x294E, 0x212E, 0x212E, 0x212D, 0x292D, 0x292D, 0x292E,
    0x312E, 0x394E, 0x414F, 0x494F, 0x5150, 0x6150, 0x6971, 0x8171, 0xB2D1, 0xDBD2, 0xE434, 0xBB55,
    0x9213, 0x7992, 0x6971, 0x5970, 0x514F, 0x494F, 0x414F, 0x394E, 0x314E, 0x314E, 0x294D, 0x294D,
    0x192C, 0x192C, 0x192C, 0x192C, 0x192D, 0x192D, 0x192D, 0x192D, 0x192D, 0x192D, 0x192D, 0x192D,
    0x192D, 0x194D, 0x194D, 0x212D, 0x212D, 0x214D, 0x214D, 0x214D, 0x214D, 0x214E, 0x214D, 0x214D,
    0x214D, 0x214D, 0x214D, 0x214E, 0x214D, 0x214D, 0x214D, 0x214D, 0x216E, 0x214E, 0x214E, 0x214E,
    0x214E, 0x214D, 0x214E, 0x214E, 0x214E, 0x214E, 0x214E, 0x214E, 0x214E, 0x214E, 0x214E, 0x214E,
    0x214E, 0x216E, 0x216E, 0x296E, 0x296F, 0x296F, 0x298F, 0x316F, 0x3190, 0x3190, 0x39B1, 0x41B2,
    0x69F1, 0xA293, 0x7211, 0x3990, 0x2970, 0x296F, 0x294F, 0x296E, 0x296E, 0x296E, 0x294E, 0x214E,
    0x214E, 0x214E, 0x214E, 0x214E, 0x216E, 0x216E, 0x216E, 0x214E, 0x214E, 0x214E, 0x216E, 0x216E,
    0x296E, 0x296F, 0x296F, 0x296F, 0x296F, 0x296F, 0x298F, 0x296F, 0x398F, 0x5190, 0x518F, 0x2170,
    0x216F, 0x216F, 0x216E, 0x216E, 0x216E, 0x216E, 0x216E, 0x216E, 0x216E, 0x214E, 0x214E, 0x216E,
    0x296E, 0x296F, 0x296F, 0x296F, 0x296F, 0x296F, 0x216F, 0x214E, 0x214E, 0x214E, 0x214E, 0x214E,
    0x214E, 0x214E, 0x214E, 0x214E, 0x214E, 0x214E, 0x214E, 0x214E, 0x214E, 0x216E, 0x214E, 0x214E,
    0x214E, 0x214E, 0x214E, 0x214E, 0x216E, 0x214E, 0x216E, 0x216E, 0x216E, 0x216E, 0x216E, 0x216E,
    0x296E, 0x216E, 0x216E, 0x216E, 0x214E, 0x214E, 0x296E, 0x296E, 0x2990, 0x29D4, 0x29D2, 0x294E,
    0x216F, 0x296E, 0x296E, 0x296E, 0x296F, 0x296E, 0x296E, 0x296E, 0x216F, 0x216E, 0x394E, 0x89B2,
    0x396F, 0x298F, 0x296F, 0x296E, 0x296F, 0x296E, 0x296E, 0x296E, 0x296E, 0x214E, 0x214E, 0x216E,
    0x214E, 0x216E, 0x214E, 0x214E, 0x214E, 0x214E, 0x294E, 0x216E, 0x214E, 0x214E, 0x216E, 0x216E,
    0x216E, 0x214E, 0x214E, 0x214E, 0x214E, 0x214E, 0x214E, 0x214E, 0x214E, 0x214E, 0x214E, 0x214E,
    0x214E, 0x214E, 0x214E, 0x214E, 0x294E, 0x294E, 0x294F, 0x294E, 0x294E, 0x314E, 0x314F, 0x394F,
    0x394F, 0x4970, 0x5170, 0x5971, 0x6971, 0x7991, 0x91F0, 0xCB52, 0xCB93, 0xCB95, 0x9A54, 0x81B3,
    0x7192, 0x6191, 0x5170, 0x4950, 0x414F, 0x394F, 0x314F, 0x314E, 0x292E, 0x292E, 0x292E, 0x212E,
    0x216F, 0x216F, 0x216F, 0x216F, 0x216F, 0x216F, 0x216F, 0x216F, 0x196F, 0x216F, 0x216F, 0x216F,
    0x216F, 0x216F, 0x216F, 0x216F, 0x216F, 0x216F, 0x216F, 0x2170, 0x2190, 0x2190, 0x2190, 0x2190,
    0x2190, 0x2190, 0x2190, 0x2190, 0x2190, 0x2190, 0x2190, 0x2190, 0x2190, 0x2190, 0x21B0, 0x2190,
    0x2190, 0x2990, 0x2990, 0x2991, 0x2991, 0x2991, 0x2991, 0x29B1, 0x2990, 0x2990, 0x2990, 0x2990,
    0x2990, 0x2990, 0x29B1, 0x29B1, 0x29B1, 0x31D1, 0x31D1, 0x31D2, 0x31D1, 0x31D2, 0x39D2, 0x39D2,
    0x39D2, 0x51B2, 0xA294, 0x7A12, 0x49D3, 0x31B2, 0x31B1, 0x29B1, 0x29B1, 0x29B0, 0x2990, 0x2990,
    0x2990, 0x2990, 0x2991, 0x29B1, 0x2991, 0x2990, 0x2990, 0x2990, 0x2990, 0x2990, 0x2990, 0x2990,
    0x29B0, 0x29B0, 0x29B0, 0x29B0, 0x29B0, 0x29B1, 0x29B1, 0x31D1, 0x31D1, 0x6190, 0x71D1, 0x2191,
    0x29B1, 0x29B1, 0x29B1, 0x29B1, 0x29B1, 0x29B0, 0x29B0, 0x2990, 0x2990, 0x2990, 0x2990, 0x29B0,
    0x29B1, 0x29B1, 0x29B1, 0x2990, 0x2990, 0x29B1, 0x29B1, 0x2991, 0x2991, 0x2990, 0x2990, 0x2990,
    0x2990, 0x2990, 0x2990, 0x2190, 0x2191, 0x2991, 0x2191, 0x2191, 0x2990, 0x2990, 0x2990, 0x2990,
    0x2990, 0x2990, 0x2990, 0x2990, 0x2990, 0x2990, 0x2990, 0x29B0, 0x29B0, 0x2990, 0x2991, 0x2990,
    0x2990, 0x2990, 0x2990, 0x2990, 0x2990, 0x2990, 0x2990, 0x2990, 0x3257, 0x31F3, 0x2990, 0x29B1,
    0x2990, 0x2990, 0x2990, 0x29B0, 0x29B0, 0x29B0, 0x2990, 0x2990, 0x2990, 0x3170, 0x4950, 0x61B2,
    0x31B1, 0x2991, 0x2990, 0x2990, 0x2990, 0x2990, 0x2990, 0x2990, 0x2990, 0x2990, 0x2990, 0x2990,
    0x2990, 0x2990, 0x2990, 0x29B1, 0x29B1, 0x29B0, 0x2991, 0x2990, 0x2990, 0x2990, 0x2990, 0x2990,
    0x2990, 0x2990, 0x2990, 0x2190, 0x2190, 0x2990, 0x2990, 0x2991, 0x2991, 0x2991, 0x2991, 0x2991,
    0x2990, 0x2990, 0x2990, 0x2991, 0x2991, 0x3191, 0x3191, 0x3191, 0x3991, 0x3991, 0x41B2, 0x49B2,
    0x51B2, 0x59B2, 0x69B3, 0x79B4, 0x89F4, 0xCBB4, 0xE454, 0xDC35, 0xBB36, 0x89F5, 0x79D4, 0x69D4,
    0x61B3, 0x5193, 0x4992, 0x4192, 0x3992, 0x3992, 0x3191, 0x3171, 0x2971, 0x2970, 0x2970, 0x2970,
    0x190B, 0x190B, 0x192B, 0x192B, 0x192B, 0x192B, 0x192C, 0x192C, 0x192C, 0x192C, 0x212C, 0x212C,
    0x212C, 0x212C, 0x212C, 0x212C, 0x212D, 0x192D, 0x192D, 0x214E, 0x216E, 0x216F, 0x216F, 0x216F,
    0x216F, 0x218F, 0x218F, 0x2190, 0x2190, 0x2190, 0x2190, 0x2190, 0x2190, 0x2190, 0x2190, 0x2190,
    0x2190, 0x2190, 0x2991, 0x2991, 0x2191, 0x2191, 0x2191, 0x2190, 0x2190, 0x2190, 0x2190, 0x2190,
    0x2190, 0x2190, 0x2990, 0x2990, 0x29B1, 0x29B1, 0x31D1, 0x31D1, 0x31B1, 0x31B1, 0x31D2, 0x39D2,
    0x39D2, 0x39B2, 0x3192, 0x6214, 0x51D3, 0x3992, 0x2990, 0x298F, 0x296F, 0x296F, 0x214E, 0x214E,
    0x214E, 0x214E, 0x296E, 0x296E, 0x216E, 0x296E, 0x214D, 0x214D, 0x216D, 0x296E, 0x296E, 0x296E,
    0x296E, 0x298E, 0x296E, 0x296E, 0x296E, 0x296F, 0x298F, 0x298F, 0x2990, 0x3190, 0x4990, 0x59B1,
    0x29B1, 0x29B1, 0x29B1, 0x2990, 0x2990, 0x2990, 0x2990, 0x2990, 0x2170, 0x2170, 0x296F, 0x298F,
    0x2990, 0x2990, 0x298F, 0x296F, 0x298F, 0x212C, 0x290B, 0x210B, 0x20EA, 0x20EA, 0x20EA, 0x20EA,
    0x20EA, 0x210A, 0x210A, 0x210A, 0x210A, 0x210A, 0x20EA, 0x212D, 0x216F, 0x296F, 0x296E, 0x296E,
    0x216E, 0x216E, 0x216E, 0x296E, 0x296E, 0x296E, 0x296E, 0x296E, 0x296E, 0x296E, 0x296E, 0x296E,
    0x296E, 0x296E, 0x296E, 0x296E, 0x296E, 0x214E, 0x214D, 0x214E, 0x2A14, 0x29D1, 0x296E, 0x296E,
    0x296E, 0x298E, 0x296E, 0x296E, 0x296E, 0x298F, 0x296F, 0x296F, 0x296F, 0x414F, 0x81B2, 0x296F,
    0x296F, 0x296F, 0x298E, 0x296E, 0x296E, 0x296E, 0x296E, 0x296E, 0x296E, 0x296E, 0x294E, 0x214E,
    0x214D, 0x214E, 0x296E, 0x2A31, 0x5C39, 0x31D0, 0x296E, 0x296E, 0x296D, 0x214D, 0x214D, 0x214D,
    0x214D, 0x214D, 0x214D, 0x214D, 0x214D, 0x214D, 0x212D, 0x214D, 0x214D, 0x214D, 0x214D, 0x214D,
    0x294D, 0x294D, 0x294D, 0x294E, 0x316E, 0x314E, 0x314E, 0x314E, 0x394E, 0x414F, 0x414F, 0x4970,
    0x5970, 0x6971, 0x7992, 0xAA72, 0xD3F2, 0xDBF4, 0xAAD4, 0x8A13, 0x7192, 0x6191, 0x5990, 0x5170,
    0x496F, 0x414E, 0x392E, 0x314D, 0x314D, 0x294D, 0x294D, 0x294D, 0x294C, 0x214C, 0x214C, 0x292C,
    0x214E, 0x214E, 0x214D, 0x214D, 0x214E, 0x214E, 0x214D, 0x214E, 0x214E, 0x214E, 0x214E, 0x214E,
    0x214E, 0x214E, 0x212E, 0x194E, 0x194E, 0x194F, 0x190B, 0x18A7, 0x18C7, 0x18A7, 0x18C7, 0x18A7,
    0x18A7, 0x18A7, 0x18A7, 0x18A7, 0x18A7, 0x18A7, 0x18A7, 0x18A7, 0x18A8, 0x18A8, 0x18A8, 0x18C8,
    0x18C8, 0x18C8, 0x18C8, 0x18C8, 0x18C8, 0x18C8, 0x18A8, 0x18A8, 0x18A8, 0x18A8, 0x18A8, 0x18A8,
    0x18A8, 0x20C8, 0x20C8, 0x20C8, 0x20C8, 0x20C8, 0x20C8, 0x20C8, 0x20C8, 0x20C8, 0x20C8, 0x20E8,
    0x20C8, 0x20C8, 0x20C8, 0x20C8, 0x410B, 0x59D2, 0x3191, 0x2991, 0x29B0, 0x2990, 0x298F, 0x296F,
    0x298F, 0x298F, 0x298F, 0x298F, 0x298F, 0x298F, 0x298F, 0x298F, 0x298F, 0x2990, 0x2990, 0x2990,
    0x2990, 0x2990, 0x2990, 0x296F, 0x2970, 0x2990, 0x20E9, 0x18C7, 0x20C7, 0x20C7, 0x28A7, 0x30C8,
    0x18C8, 0x18C8, 0x20C8, 0x18C8, 0x18A7, 0x18A7, 0x18A7, 0x18A7, 0x18A7, 0x18A7, 0x18C8, 0x20C8,
    0x210A, 0x3190, 0x2970, 0x214F, 0x292B, 0x20C7, 0x1886, 0x1886, 0x1885, 0x1865, 0x1865, 0x1885,
    0x1886, 0x1886, 0x1886, 0x1886, 0x1886, 0x1886, 0x1885, 0x18C9, 0x212D, 0x2990, 0x2990, 0x298F,
    0x298F, 0x296F, 0x296F, 0x296F, 0x2990, 0x2990, 0x2990, 0x2990, 0x298F, 0x298F, 0x298F, 0x298F,
    0x298F, 0x2990, 0x2990, 0x296F, 0x2990, 0x296F, 0x2190, 0x3277, 0x29B1, 0x2990, 0x2990, 0x2990,
    0x2990, 0x2990, 0x2990, 0x2990, 0x2990, 0x2990, 0x2990, 0x2990, 0x5991, 0x6191, 0x39B1, 0x29B0,
    0x2990, 0x2990, 0x2990, 0x2990, 0x2990, 0x2990, 0x298F, 0x298F, 0x298F, 0x298F, 0x298F, 0x298F,
    0x298F, 0x298F, 0x298F, 0x29B1, 0x3A73, 0x29B0, 0x2990, 0x298F, 0x296F, 0x296F, 0x216F, 0x216F,
    0x216F, 0x296F, 0x296F, 0x216F, 0x216F, 0x216F, 0x216F, 0x296F, 0x296F, 0x296F, 0x296F, 0x296F,
    0x296F, 0x296F, 0x296F, 0x316F, 0x316F, 0x3970, 0x3970, 0x4170, 0x4970, 0x5171, 0x5971, 0x6172,
    0x7192, 0x81D1, 0xD414, 0xD3B4, 0xCBB5, 0xBB56, 0x79B3, 0x6992, 0x6192, 0x5991, 0x5191, 0x4991,
    0x3971, 0x3970, 0x3150, 0x314F, 0x296F, 0x296F, 0x296F, 0x294F, 0x294F, 0x216F, 0x296F, 0x296F,
    0x216F, 0x216F, 0x218F, 0x218F, 0x216F, 0x2170, 0x2170, 0x216F, 0x216F, 0x216F, 0x2170, 0x2170,
    0x2170, 0x2170, 0x2170, 0x2170, 0x216F, 0x190C, 0x18E8, 0x1885, 0x1885, 0x1885, 0x1865, 0x1865,
    0x1865, 0x1865, 0x1865, 0x1865, 0x1865, 0x1865, 0x1865, 0x1865, 0x1865, 0x1865, 0x1865, 0x1865,
    0x1865, 0x1865, 0x1865, 0x1865, 0x1865, 0x1865, 0x1865, 0x1865, 0x1865, 0x1865, 0x1865, 0x1866,
    0x1866, 0x1866, 0x1886, 0x1865, 0x1865, 0x1865, 0x1865, 0x1865, 0x1865, 0x1865, 0x1885, 0x1885,
    0x1885, 0x1865, 0x1865, 0x1865, 0x1866, 0x20A7, 0x61D0, 0x41F2, 0x29D2, 0x29B1, 0x29B1, 0x29B1,
    0x29B1, 0x29B1, 0x29B1, 0x29B1, 0x29B1, 0x29B1, 0x29B1, 0x29B1, 0x29B1, 0x29B1, 0x29B1, 0x29B2,
    0x29B1, 0x29B1, 0x29B1, 0x29B1, 0x296D, 0x2109, 0x20A7, 0x1885, 0x1865, 0x1885, 0x1885, 0x1885,
    0x1865, 0x1885, 0x1885, 0x1865, 0x1865, 0x1865, 0x1865, 0x1865, 0x1865, 0x1865, 0x1885, 0x2086,
    0x20A6, 0x20C9, 0x2990, 0x212D, 0x1865, 0x20A6, 0x3148, 0x5A8C, 0x5A8C, 0x5A8C, 0x5A8C, 0x5AAC,
    0x5AAC, 0x5AAD, 0x5ACD, 0x62EE, 0x62EE, 0x522B, 0x1886, 0x1865, 0x1886, 0x216D, 0x31B1, 0x29B1,
    0x29B1, 0x29B1, 0x29B1, 0x29B1, 0x29B1, 0x29B1, 0x29B1, 0x29B1, 0x29B1, 0x29B1, 0x29B1, 0x29B1,
    0x29B1, 0x29B1, 0x29B1, 0x29B1, 0x29B1, 0x29B1, 0x29B2, 0x2A77, 0x29F2, 0x29B1, 0x29B1, 0x29D1,
    0x29B2, 0x29B1, 0x29B1, 0x29B1, 0x29D1, 0x29D2, 0x31B1, 0x31B2, 0x6191, 0x61D2, 0x31B1, 0x29D1,
    0x29D1, 0x29B1, 0x31D1, 0x31B1, 0x31B1, 0x31D1, 0x29B1, 0x29B1, 0x29B1, 0x29B1, 0x29B1, 0x29B1,
    0x29B1, 0x29B1, 0x29B1, 0x29B1, 0x29B1, 0x29B1, 0x29B1, 0x29B1, 0x29B1, 0x2991, 0x2991, 0x29B1,
    0x29B1, 0x29B1, 0x29B1, 0x29B1, 0x29B1, 0x29B1, 0x29B1, 0x29B1, 0x29B1, 0x29B1, 0x29B1, 0x31B1,
    0x2991, 0x3191, 0x31B1, 0x39B2, 0x3991, 0x4191, 0x4992, 0x5193, 0x59B3, 0x69B3, 0x71B4, 0x89D2,
    0xC353, 0xCB93, 0xE4B6, 0xBB56, 0x8A16, 0x79F5, 0x71D4, 0x61D3, 0x59B3, 0x51B3, 0x49B3, 0x41B2,
    0x3992, 0x3992, 0x3191, 0x3191, 0x3191, 0x3191, 0x2991, 0x2991, 0x2991, 0x2991, 0x2991, 0x2991,
    0x192C, 0x212C, 0x212C, 0x212C, 0x212C, 0x212C, 0x212C, 0x212C, 0x214C, 0x212C, 0x212C, 0x212C,
    0x212C, 0x214C, 0x212C, 0x212D, 0x212B, 0x1065, 0x1865, 0x1885, 0x20E6, 0x39C9, 0x39A9, 0x39A9,
    0x39A9, 0x39C9, 0x39C9, 0x39C9, 0x41C9, 0x41C9, 0x41CA, 0x41CA, 0x41CA, 0x41CA, 0x41CA, 0x39A9,
    0x2085, 0x1886, 0x28E7, 0x41CA, 0x41C9, 0x41C9, 0x41C9, 0x41C9, 0x41C9, 0x41CA, 0x41CA, 0x41CA,
    0x41CA, 0x41CA, 0x41CA, 0x41CA, 0x41CA, 0x41CA, 0x41CA, 0x41C9, 0x41CA, 0x41CA, 0x41CA, 0x41CA,
    0x41CA, 0x41EA, 0x41CA, 0x41CA, 0x20A6, 0x1886, 0x20A6, 0x28EA, 0x39B1, 0x2990, 0x216F, 0x296F,
    0x296F, 0x296E, 0x296E, 0x296E, 0x296E, 0x296E, 0x296E, 0x296E, 0x296E, 0x296F, 0x296F, 0x296F,
    0x216E, 0x214E, 0x214D, 0x190A, 0x20E8, 0x1865, 0x1886, 0x39A9, 0x41CA, 0x41CA, 0x41CA, 0x41CA,
    0x41CA, 0x41CA, 0x41CA, 0x41CA, 0x41CA, 0x41CA, 0x41CA, 0x41CA, 0x41CA, 0x41CA, 0x49EA, 0x41CA,
    0x20A7, 0x2086, 0x1866, 0x20E9, 0x2086, 0x20A7, 0x736F, 0xEEB8, 0xED93, 0xED93, 0xEDB3, 0xEDB4,
    0xEDB4, 0xEDB4, 0xEDB3, 0xE5B4, 0xEF1B, 0xB556, 0x2086, 0x1886, 0x1886, 0x18A8, 0x298F, 0x296E,
    0x216E, 0x216E, 0x296E, 0x296E, 0x296E, 0x296E, 0x298E, 0x296E, 0x296E, 0x296F, 0x296F, 0x296E,
    0x296E, 0x296E, 0x296E, 0x296E, 0x296E, 0x2990, 0x31F3, 0x2990, 0x298F, 0x296F, 0x296F, 0x298F,
    0x298F, 0x298F, 0x296F, 0x298F, 0x298F, 0x298F, 0x318F, 0x7992, 0x4990, 0x296F, 0x298F, 0x296F,
    0x296F, 0x296F, 0x296F, 0x298E, 0x296E, 0x296E, 0x296E, 0x296E, 0x296E, 0x296E, 0x296E, 0x296E,
    0x216E, 0x216E, 0x216E, 0x216E, 0x214D, 0x214D, 0x294D, 0x294E, 0x296D, 0x296E, 0x296E, 0x294D,
    0x296D, 0x296D, 0x296E, 0x296E, 0x296D, 0x296E, 0x296D, 0x296D, 0x294E, 0x294E, 0x294E, 0x294E,
    0x294E, 0x314E, 0x314E, 0x394F, 0x394E, 0x412F, 0x494F, 0x5150, 0x6171, 0x7192, 0x9A52, 0xDBF4,
    0xDC14, 0xD3F6, 0x81D3, 0x79B3, 0x69B2, 0x5991, 0x5170, 0x4950, 0x414F, 0x394F, 0x394F, 0x314E,
    0x314E, 0x294E, 0x294E, 0x294D, 0x294D, 0x294D, 0x214D, 0x214C, 0x214C, 0x212C, 0x212C, 0x212C,
    0x216F, 0x214F, 0x214F, 0x214F, 0x214F, 0x214F, 0x216E, 0x216E, 0x214E, 0x216E, 0x216F, 0x216E,
    0x216F, 0x216F, 0x216F, 0x216F, 0x214D, 0x1065, 0x1865, 0x1886, 0x6B4F, 0xF73B, 0xEE98, 0xEE99,
    0xEE99, 0xEE79, 0xEE79, 0xEE79, 0xEE79, 0xEE79, 0xEE99, 0xEE99, 0xEE99, 0xEE99, 0xEEFB, 0xDEBB,
    0x59C8, 0x2086, 0x6B4F, 0xF75C, 0xEE99, 0xEE99, 0xEE99, 0xEE99, 0xEE99, 0xEE99, 0xEE99, 0xEE99,
    0xEE99, 0xEE99, 0xEE99, 0xEE99, 0xEE99, 0xEE99, 0xEE99, 0xEE99, 0xEE99, 0xEE99, 0xEE79, 0xEE99,
    0xEE99, 0xEE78, 0xEE78, 0xEF3C, 0x3969, 0x20A6, 0x20A7, 0x20A6, 0x20A7, 0x39CF, 0x29B0, 0x2990,
    0x2990, 0x2990, 0x2990, 0x2990, 0x2990, 0x2990, 0x29B0, 0x2990, 0x2990, 0x2990, 0x2990, 0x2990,
    0x2990, 0x212C, 0x2109, 0x1865, 0x1865, 0x1886, 0x3128, 0xEF3C, 0xEE78, 0xEE98, 0xEE98, 0xEE98,
    0xEE99, 0xEE99, 0xEE98, 0xEE98, 0xEE98, 0xEE98, 0xEE78, 0xEE78, 0xEE78, 0xEE78, 0xEE99, 0xDEBB,
    0x3108, 0x20A7, 0x2086, 0x2086, 0x2087, 0x2087, 0x7BD0, 0xE5B2, 0xE3C9, 0xE326, 0xE346, 0xE347,
    0xE367, 0xE367, 0xEB67, 0xE327, 0xE658, 0xAD15, 0x2087, 0x1886, 0x1886, 0x18A9, 0x2991, 0x2990,
    0x2990, 0x2990, 0x2990, 0x29B0, 0x2990, 0x2990, 0x29B0, 0x29B0, 0x29B1, 0x29B1, 0x29B1, 0x29B1,
    0x29B1, 0x29B1, 0x2990, 0x2990, 0x2990, 0x29D2, 0x3236, 0x29B0, 0x2991, 0x29B1, 0x29B1, 0x29B1,
    0x29B1, 0x29B1, 0x29B0, 0x29B0, 0x29B0, 0x3190, 0x4991, 0x59D2, 0x41D2, 0x29B1, 0x2990, 0x2990,
    0x2990, 0x2990, 0x2991, 0x29B0, 0x29B0, 0x29B0, 0x2990, 0x29B0, 0x29B0, 0x2990, 0x2990, 0x2990,
    0x2990, 0x2990, 0x2990, 0x2990, 0x2990, 0x2190, 0x2990, 0x2990, 0x2990, 0x298F, 0x298F, 0x298F,
    0x298F, 0x2990, 0x2990, 0x2990, 0x2990, 0x2990, 0x2990, 0x2990, 0x2990, 0x2990, 0x3170, 0x3190,
    0x3170, 0x3970, 0x4170, 0x4170, 0x4971, 0x5171, 0x6172, 0x6972, 0x7992, 0xC352, 0xD3D2, 0xDC15,
    0xA2B5, 0x79D4, 0x71B4, 0x61B3, 0x59B2, 0x4992, 0x4171, 0x4171, 0x3971, 0x3971, 0x3170, 0x3170,
    0x3170, 0x2970, 0x2970, 0x2970, 0x2970, 0x296F, 0x296F, 0x296F, 0x216F, 0x216F, 0x296F, 0x296F,
    0x2191, 0x2191, 0x2191, 0x2191, 0x2190, 0x2190, 0x2190, 0x2190, 0x2191, 0x2191, 0x21B1, 0x21B1,
    0x21B1, 0x21B1, 0x2191, 0x21B1, 0x216E, 0x1065, 0x1865, 0x1886, 0x736F, 0xEDF3, 0xE306, 0xE327,
    0xE307, 0xE307, 0xE306, 0xE327, 0xE327, 0xE307, 0xE327, 0xE326, 0xE306, 0xE306, 0xDCF0, 0xD639,
    0x79E8, 0x28A7, 0x7BB1, 0xF5F3, 0xE327, 0xE327, 0xE327, 0xDB27, 0xDB07, 0xDB27, 0xDB27, 0xE327,
    0xDB27, 0xE327, 0xE327, 0xE327, 0xE327, 0xE327, 0xE327, 0xE327, 0xE327, 0xE327, 0xE327, 0xE327,
    0xE327, 0xE347, 0xDB47, 0xEEFA, 0xAD34, 0x9CD4, 0x3969, 0x2087, 0x2086, 0x20A6, 0x294D, 0x29B2,
    0x29D2, 0x29D2, 0x29D2, 0x29D2, 0x29D2, 0x29D2, 0x29D2, 0x29D2, 0x29D2, 0x29D2, 0x29D2, 0x29B1,
    0x214D, 0x20C8, 0x1885, 0x20A6, 0x62ED, 0x83F0, 0x8C31, 0xF677, 0xE327, 0xEB47, 0xE347, 0xE347,
    0xE347, 0xE347, 0xE327, 0xE327, 0xE347, 0xE347, 0xE347, 0xE347, 0xE347, 0xEB67, 0xDBEB, 0xEF1B,
    0xAD14, 0x9CB4, 0x28E7, 0x28A7, 0x20A7, 0x28A7, 0x49EB, 0xAD15, 0xF676, 0xE367, 0xEB87, 0xEB87,
    0xEB87, 0xEB87, 0xEB87, 0xE368, 0xE679, 0xA4D4, 0x2087, 0x2086, 0x1886, 0x18A9, 0x29B2, 0x29D2,
    0x31D2, 0x31D2, 0x31D2, 0x31D2, 0x31D2, 0x29D2, 0x29D2, 0x31D2, 0x31D2, 0x31D2, 0x29D2, 0x31D2,
    0x29D2, 0x31D2, 0x29D2, 0x29D2, 0x29D2, 0x29D3, 0x3234, 0x31F2, 0x31F2, 0x31D2, 0x31D2, 0x31D2,
    0x31D2, 0x31D2, 0x31D2, 0x31D2, 0x31D2, 0x39B1, 0x89D4, 0x41D2, 0x31D2, 0x31D2, 0x29D2, 0x31D2,
    0x29D2, 0x29D2, 0x29D2, 0x29D2, 0x29D2, 0x29D2, 0x31D2, 0x31D2, 0x29D2, 0x29D2, 0x29D2, 0x29D2,
    0x29D2, 0x29B2, 0x29B2, 0x29D2, 0x29B2, 0x29B2, 0x29B1, 0x29B1, 0x29B1, 0x29B1, 0x29B1, 0x29B1,
    0x29B1, 0x29B2, 0x29D2, 0x29B2, 0x29B2, 0x29B2, 0x31B2, 0x31B2, 0x31D2, 0x31B2, 0x31B2, 0x39D2,
    0x41D3, 0x49D3, 0x51D3, 0x59D4, 0x61B4, 0x71D4, 0x81D4, 0xAAB4, 0xCB73, 0xCB94, 0xC396, 0x89F4,
    0x79D5, 0x71D4, 0x61D4, 0x59B3, 0x51B3, 0x49B2, 0x41B2, 0x39B2, 0x39B2, 0x39B2, 0x39B2, 0x31B2,
    0x31B2, 0x31B2, 0x31B2, 0x29B2, 0x29B2, 0x2991, 0x2991, 0x2992, 0x2992, 0x2992, 0x2992, 0x2992,
    0x194D, 0x214D, 0x194D, 0x214D, 0x214D, 0x214D, 0x214D, 0x214D, 0x216D, 0x216E, 0x216E, 0x216E,
    0x216E, 0x216E, 0x216E, 0x216E, 0x212B, 0x1065, 0x1866, 0x1886, 0x7BAF, 0xEE54, 0xE4AD, 0xE44C,
    0xEB67, 0xEB67, 0xEB47, 0xEB47, 0xEB47, 0xEB47, 0xEB47, 0xE367, 0xE4EE, 0xE50F, 0xE636, 0xCDD8,
    0x79E8, 0x20A7, 0x8C32, 0xEE12, 0xDC6C, 0xE3EA, 0xE347, 0xE367, 0xE367, 0xE367, 0xE367, 0xEB67,
    0xE367, 0xEB67, 0xEB67, 0xEB67, 0xEB67, 0xEB67, 0xE367, 0xE367, 0xEB67, 0xEB67, 0xEB67, 0xEB67,
    0xEB67, 0xEB67, 0xE367, 0xE42B, 0xDC0B, 0xE6B9, 0x628C, 0x3949, 0x20A6, 0x2086, 0x1886, 0x18C9,
    0x2990, 0x2991, 0x2990, 0x2990, 0x2990, 0x29B0, 0x2990, 0x2990, 0x2990, 0x29B0, 0x298F, 0x290A,
    0x1865, 0x1886, 0x20C7, 0x28E6, 0xBDB6, 0xE4EF, 0xEC6D, 0xE44B, 0xEB67, 0xEB67, 0xEB87, 0xEB87,
    0xEB87, 0xEB87, 0xEB67, 0xEB67, 0xEB87, 0xEB67, 0xEB67, 0xEB67, 0xE367, 0xE387, 0xEB88, 0xEC0A,
    0xD44C, 0xE6BA, 0x626C, 0x49CA, 0x28C7, 0x28C7, 0x28C7, 0x9473, 0xEE14, 0xE367, 0xEB87, 0xEB87,
    0xE387, 0xEBA7, 0xEB87, 0xDC4C, 0xDE58, 0x9C73, 0x20A7, 0x2087, 0x2086, 0x18C9, 0x2990, 0x2990,
    0x2990, 0x2990, 0x29B0, 0x29B0, 0x29B0, 0x29B1, 0x2990, 0x29B1, 0x29B1, 0x29B0, 0x29B0, 0x29B0,
    0x29B0, 0x2990, 0x2990, 0x2990, 0x29B1, 0x31F3, 0x29B0, 0x29B1, 0x29B1, 0x29B1, 0x29B1, 0x29B1,
    0x29B1, 0x29B1, 0x29B1, 0x31B1, 0x41B1, 0x51D1, 0x39D1, 0x31D1, 0x29B1, 0x2990, 0x2990, 0x2990,
    0x2990, 0x2990, 0x2990, 0x2990, 0x2990, 0x2990, 0x2990, 0x2990, 0x2990, 0x2990, 0x298F, 0x296F,
    0x298F, 0x296F, 0x298F, 0x298F, 0x296F, 0x296F, 0x296F, 0x296F, 0x298F, 0x298F, 0x296F, 0x296F,
    0x296F, 0x298F, 0x296F, 0x296F, 0x296F, 0x296F, 0x2970, 0x2970, 0x2970, 0x3170, 0x3170, 0x3970,
    0x4171, 0x4971, 0x5192, 0x5992, 0x6993, 0x81D2, 0xC333, 0xD373, 0xCBB6, 0x9234, 0x71B4, 0x69B3,
    0x5992, 0x5192, 0x4971, 0x4170, 0x3950, 0x3970, 0x3170, 0x316F, 0x316F, 0x296F, 0x296F, 0x296F,
    0x296F, 0x294F, 0x296F, 0x296E, 0x296E, 0x294E, 0x214E, 0x216E, 0x216E, 0x214E, 0x214E, 0x214E,
    0x2170, 0x2190, 0x2170, 0x2190, 0x2190, 0x2190, 0x2190, 0x2191, 0x2191, 0x2190, 0x2190, 0x2191,
    0x2991, 0x2991, 0x2990, 0x2191, 0x214D, 0x1066, 0x1866, 0x1886, 0x41A9, 0x7B92, 0xB5B7, 0xEE55,
    0xEB67, 0xEB67, 0xE367, 0xEB67, 0xEB66, 0xEB67, 0xEB67, 0xD3AA, 0xF77D, 0x8C13, 0x7B51, 0x6A4C,
    0x81E8, 0x2086, 0x520C, 0x8BF2, 0xD6BA, 0xED30, 0xEB67, 0xEB87, 0xEB87, 0xEB87, 0xEB87, 0xEB87,
    0xEB87, 0xEB87, 0xEB87, 0xEB87, 0xEB87, 0xEB87, 0xEB87, 0xEB87, 0xEB87, 0xEB87, 0xEB87, 0xEB87,
    0xEB87, 0xEB87, 0xEB87, 0xEB67, 0xDB67, 0xEDB4, 0xEE36, 0xDE79, 0xA4F5, 0x2086, 0x2086, 0x1866,
    0x18A9, 0x29B2, 0x29B1, 0x29B1, 0x29B1, 0x29B1, 0x29B1, 0x29B2, 0x29B2, 0x294C, 0x2909, 0x2086,
    0x2086, 0x2907, 0xCE38, 0xDE37, 0xEEB7, 0xE40A, 0xEB67, 0xEB87, 0xEB87, 0xEB87, 0xEB87, 0xEB87,
    0xEBA7, 0xEBA7, 0xEB87, 0xEB87, 0xEB87, 0xEB88, 0xEB87, 0xEB87, 0xEB88, 0xE387, 0xEB87, 0xEB87,
    0xE3C9, 0xED50, 0xEE98, 0xCE19, 0x28A7, 0x28A7, 0x28A7, 0xAD14, 0xEDD2, 0xE387, 0xEBA7, 0xEBA7,
    0xEBA7, 0xEBA7, 0xE387, 0xE677, 0xB471, 0x4128, 0x20A7, 0x2086, 0x20CA, 0x2970, 0x29B1, 0x29D2,
    0x31D2, 0x31D2, 0x31D2, 0x31D2, 0x31D2, 0x31D2, 0x31D2, 0x31D2, 0x31D2, 0x31D2, 0x31D2, 0x31D2,
    0x31D2, 0x31D2, 0x31D2, 0x31D1, 0x29B2, 0x31D2, 0x31D2, 0x31F2, 0x31F2, 0x31F2, 0x31F3, 0x31F2,
    0x31F2, 0x31D2, 0x31D2, 0x31D2, 0x49B2, 0x61F3, 0x31D2, 0x31D2, 0x31D2, 0x31D2, 0x31D2, 0x31D2,
    0x31D2, 0x29D2, 0x29B2, 0x29B2, 0x29B2, 0x31B2, 0x29B2, 0x29B2, 0x29B2, 0x29B1, 0x29B1, 0x29B1,
    0x29B1, 0x29B1, 0x29B1, 0x29B1, 0x29B1, 0x29B1, 0x29B1, 0x29B1, 0x29B2, 0x29B2, 0x29B2, 0x29B1,
    0x31B1, 0x31B1, 0x31B1, 0x31B1, 0x31B1, 0x31B1, 0x31D2, 0x39D2, 0x39D2, 0x39B2, 0x41B2, 0x49B2,
    0x51B3, 0x59B3, 0x69D4, 0x79D4, 0xAAB3, 0xD373, 0xCB95, 0xA2B6, 0x79D4, 0x69D4, 0x61B3, 0x59B3,
    0x5192, 0x4992, 0x4192, 0x3971, 0x3991, 0x3191, 0x3191, 0x3171, 0x3171, 0x2991, 0x3191, 0x2991,
    0x2991, 0x2991, 0x2991, 0x2991, 0x2991, 0x2991, 0x2991, 0x2991, 0x2990, 0x2990, 0x2990, 0x2990,
    0x21B2, 0x21B2, 0x29B2, 0x29B2, 0x29B2, 0x29B2, 0x29B2, 0x29B2, 0x29B2, 0x29D2, 0x29D2, 0x29D2,
    0x29B2, 0x29B2, 0x29B1, 0x21B2, 0x2191, 0x18EA, 0x1865, 0x1886, 0x20A7, 0x20A8, 0x9CB3, 0xEDB1,
    0xEB87, 0xEBA7, 0xEB87, 0xEB87, 0xEB87, 0xEBA7, 0xEBA7, 0xD42B, 0xF77E, 0x626E, 0x89E6, 0x5987,
    0x30E7, 0x20A7, 0x28C8, 0x3929, 0xDEBA, 0xE4CD, 0xEBA7, 0xEBA7, 0xEBA8, 0xEBA7, 0xEBC7, 0xEBA7,
    0xEBA7, 0xE3C7, 0xE3C7, 0xE3C7, 0xE3C7, 0xEBE7, 0xEBE7, 0xEBE7, 0xEBC7, 0xEBC7, 0xE3A8, 0xEBA7,
    0xEBA7, 0xEBA7, 0xEBA7, 0xEBA7, 0xEBA7, 0xEB87, 0xDB67, 0xDDF6, 0xBDD8, 0x28C7, 0x2086, 0x1886,
    0x18CA, 0x31F3, 0x31F3, 0x31F3, 0x31F2, 0x31D2, 0x29D2, 0x29D2, 0x296E, 0x20C7, 0x1865, 0x2907,
    0x62AC, 0x6B0D, 0xE6B8, 0xDB87, 0xE388, 0xEBA7, 0xEBA7, 0xEBA7, 0xEBA7, 0xEBA7, 0xE3A7, 0xE3E8,
    0xE3E8, 0xE3E8, 0xE3E7, 0xE3E7, 0xEBE8, 0xE3C8, 0xE3C7, 0xEBA7, 0xEBA8, 0xEBA7, 0xEBA7, 0xEBC7,
    0xEBC7, 0xEB87, 0xE5F5, 0xCE19, 0x30E8, 0x30C7, 0x28C7, 0xBD96, 0xED91, 0xE3A7, 0xEBA7, 0xE3C7,
    0xEBC7, 0xEBC7, 0xE387, 0xEE78, 0xAC51, 0x38E7, 0x2087, 0x2086, 0x20EA, 0x29B1, 0x31D2, 0x31F2,
    0x31F3, 0x31F3, 0x31F3, 0x31F3, 0x31F3, 0x31F3, 0x31F3, 0x31F3, 0x31F3, 0x31F3, 0x31F2, 0x31F2,
    0x31D3, 0x31D2, 0x31D2, 0x31D2, 0x31D2, 0x31D2, 0x39F3, 0x3A13, 0x3A13, 0x3A13, 0x3A13, 0x39F3,
    0x31F3, 0x31F3, 0x39F3, 0x69D3, 0x5214, 0x3A13, 0x31F3, 0x31D2, 0x31D2, 0x31D3, 0x31F3, 0x31F3,
    0x31D2, 0x31D2, 0x31D2, 0x31B2, 0x31D2, 0x31F3, 0x31F3, 0x31D3, 0x29D2, 0x29B2, 0x29B2, 0x29B2,
    0x31D2, 0x29D2, 0x29D2, 0x31D2, 0x31F2, 0x31F3, 0x31D3, 0x31D2, 0x31D2, 0x31F3, 0x31F2, 0x31F3,
    0x31F3, 0x31F3, 0x31F3, 0x39F2, 0x39F3, 0x39F3, 0x39F3, 0x41F3, 0x4213, 0x41F3, 0x41D3, 0x49D3,
    0x59D4, 0x69F5, 0x8235, 0xDBF4, 0xE3F4, 0xAAF6, 0x8A77, 0x71F6, 0x69F5, 0x61D4, 0x59D3, 0x51B3,
    0x51B3, 0x49B3, 0x41B3, 0x39B2, 0x39B2, 0x39B2, 0x39B2, 0x31B2, 0x3191, 0x31B2, 0x31B2, 0x31B2,
    0x31B2, 0x29B2, 0x29B2, 0x29B2, 0x29B2, 0x29B2, 0x29B2, 0x29B2, 0x29B2, 0x29B2, 0x29B2, 0x29B2,
    0x214E, 0x214D, 0x214D, 0x214E, 0x214E, 0x216E, 0x216E, 0x216E, 0x216E, 0x216E, 0x216E, 0x216E,
    0x216E, 0x216E, 0x216F, 0x216F, 0x216F, 0x214D, 0x20E9, 0x1885, 0x1886, 0x41C9, 0xBD94, 0xED4E,
    0xEBC7, 0xEBE7, 0xEBE7, 0xEBE7, 0xEBE7, 0xEBE7, 0xEBC7, 0xD46D, 0xEF5D, 0x6A4C, 0x8A07, 0x28A6,
    0x20A7, 0x20A7, 0x20A7, 0x3968, 0xEF1B, 0xE46A, 0xEBE7, 0xEBE8, 0xEBE8, 0xEBE8, 0xEC07, 0xEBE7,
    0xDC2B, 0xEEF9, 0xEEFA, 0xEEF9, 0xEEFA, 0xEEFA, 0xEEFA, 0xEEFA, 0xEEFA, 0xEEFA, 0xF696, 0xEBE8,
    0xEBE8, 0xEBC8, 0xEBC8, 0xEBC7, 0xEBC7, 0xEBE7, 0xE3C8, 0xE637, 0xBD97, 0x28C7, 0x2086, 0x1886,
    0x20EA, 0x31D1, 0x31B1, 0x29B1, 0x29B1, 0x29B1, 0x29B0, 0x296E, 0x1886, 0x1866, 0x1886, 0x736E,
    0xF6D8, 0xED30, 0xED2F, 0xEBC8, 0xEBC8, 0xEBC7, 0xEBC7, 0xEBC8, 0xEBC7, 0xE3C7, 0xDD0E, 0xEF1B,
    0xEF1A, 0xEF1B, 0xEEFA, 0xEEFB, 0xEF1A, 0xEF1B, 0xEE95, 0xEC08, 0xEC08, 0xEC07, 0xEC08, 0xEC08,
    0xEC07, 0xE3E8, 0xE657, 0xBDB8, 0x30C8, 0x30C8, 0x30C7, 0xCE17, 0xED4F, 0xE3C7, 0xEBE7, 0xEBE7,
    0xEBE7, 0xEBE7, 0xDBA7, 0xEEB8, 0xAC52, 0x30E8, 0x20A7, 0x2086, 0x20EB, 0x3190, 0x28E9, 0x20A8,
    0x20C8, 0x20C8, 0x20C8, 0x20C8, 0x20C8, 0x20C8, 0x20C8, 0x20C8, 0x28E8, 0x28C8, 0x20C8, 0x20E8,
    0x28C8, 0x20C8, 0x20C9, 0x31B0, 0x31D2, 0x31D1, 0x292B, 0x28E9, 0x20E9, 0x20E9, 0x20E9, 0x20C9,
    0x20C8, 0x20E9, 0x20E9, 0x28C8, 0x28E9, 0x28E9, 0x20E8, 0x210C, 0x318F, 0x20C8, 0x20C8, 0x20C8,
    0x20C8, 0x20C8, 0x20A8, 0x20A8, 0x20C8, 0x20C8, 0x20C8, 0x294D, 0x31D1, 0x2991, 0x2991, 0x2991,
    0x2990, 0x29B1, 0x31B2, 0x292C, 0x18A7, 0x20A8, 0x20A8, 0x18A7, 0x18A8, 0x20C8, 0x20A8, 0x20A8,
    0x18C8, 0x20C8, 0x20C8, 0x20A8, 0x20C8, 0x20C8, 0x20C8, 0x20C8, 0x20C8, 0x396F, 0x49B4, 0x51D3,
    0x390B, 0x390A, 0x392A, 0x496A, 0x416A, 0x38EA, 0x30EA, 0x30EA, 0x30EA, 0x30EA, 0x30E9, 0x28E9,
    0x28E9, 0x290D, 0x3170, 0x28EA, 0x1887, 0x20A7, 0x20A8, 0x20A8, 0x18A7, 0x18A8, 0x20A8, 0x20C8,
    0x292E, 0x294F, 0x214F, 0x294F, 0x214E, 0x214F, 0x214E, 0x216E, 0x214E, 0x214E, 0x214E, 0x214E,
    0x2990, 0x2990, 0x2991, 0x2991, 0x2991, 0x29B1, 0x29B1, 0x29B1, 0x29B1, 0x29B1, 0x29B1, 0x29B1,
    0x29B1, 0x2991, 0x29B1, 0x29B1, 0x29B2, 0x296E, 0x1066, 0x1886, 0x1886, 0xAD14, 0xEDF1, 0xEC28,
    0xEC48, 0xEC48, 0xEC27, 0xEC27, 0xEC27, 0xEC48, 0xE428, 0xDD93, 0xDE9B, 0x6A0B, 0x9226, 0x1865,
    0x2086, 0x2087, 0x20A7, 0x49CA, 0xF73B, 0xE449, 0xEC47, 0xEC47, 0xEC47, 0xEC48, 0xEC47, 0xEC48,
    0xDCAD, 0xEF3D, 0x6A8F, 0x620C, 0x6A0C, 0x6A0C, 0x6A0C, 0x722C, 0x6A0C, 0x8BD2, 0xF6F7, 0xEC28,
    0xF448, 0xF428, 0xEC28, 0xEC28, 0xEC28, 0xEC28, 0xDC2A, 0xEE98, 0xB557, 0x2086, 0x2086, 0x1865,
    0x18EB, 0x31F3, 0x31D2, 0x31D2, 0x31D2, 0x31F2, 0x31D2, 0x31AF, 0x1886, 0x2086, 0x20A6, 0x8C31,
    0xF674, 0xEC08, 0xEC08, 0xEC08, 0xEC08, 0xEC07, 0xEC07, 0xF408, 0xE46B, 0xEEB7, 0xE699, 0x82CE,
    0x724D, 0x7A4D, 0x724D, 0x7A4D, 0x7A6D, 0x8BB1, 0xF718, 0xEC88, 0xEC88, 0xF488, 0xF488, 0xF4A8,
    0xEC68, 0xE5B1, 0xCDD8, 0x7B30, 0x30C8, 0x3107, 0xBD74, 0xE56F, 0xEC89, 0xEC48, 0xEC48, 0xEC48,
    0xEC48, 0xEC08, 0xDD70, 0xCD76, 0x72AD, 0x28C8, 0x2087, 0x2087, 0x312B, 0x20A7, 0x20A6, 0x20A6,
    0x28A7, 0x20A7, 0x28A7, 0x28A7, 0x28A6, 0x28A6, 0x28A6, 0x20A7, 0x28A7, 0x28C7, 0x28A7, 0x20A7,
    0x20A7, 0x20A6, 0x2086, 0x2087, 0x294E, 0x210A, 0x2086, 0x20A6, 0x20A7, 0x20A7, 0x20A7, 0x2087,
    0x2086, 0x20A7, 0x20A7, 0x20A7, 0x20A7, 0x20A6, 0x2086, 0x2086, 0x2086, 0x2086, 0x2086, 0x2087,
    0x2087, 0x2087, 0x2087, 0x2086, 0x2086, 0x20A6, 0x20A6, 0x18A6, 0x18C8, 0x31B1, 0x2992, 0x2991,
    0x2991, 0x3190, 0x18A8, 0x2086, 0x1886, 0x1866, 0x1866, 0x1866, 0x1866, 0x2086, 0x2087, 0x2086,
    0x2086, 0x2086, 0x2086, 0x1886, 0x2086, 0x2086, 0x2086, 0x2086, 0x2086, 0x1886, 0x310C, 0x392C,
    0x1885, 0x20A6, 0x20A6, 0x2086, 0x2086, 0x2066, 0x2086, 0x2086, 0x2086, 0x2086, 0x2086, 0x2086,
    0x2086, 0x20A8, 0x20C7, 0x1886, 0x1866, 0x2086, 0x20A6, 0x2086, 0x2086, 0x1866, 0x1866, 0x1866,
    0x1865, 0x18A9, 0x2970, 0x2992, 0x2991, 0x2991, 0x2991, 0x2991, 0x2991, 0x2991, 0x2991, 0x2991,
    0x29B2, 0x29B2, 0x29B2, 0x29D2, 0x29D2, 0x29D2, 0x29D2, 0x29D2, 0x29D2, 0x29D2, 0x29D2, 0x29D2,
    0x29D2, 0x29D2, 0x29D2, 0x29D2, 0x29D3, 0x296E, 0x1865, 0x1886, 0x18A6, 0xB575, 0xF611, 0xEC88,
    0xECA8, 0xF4C8, 0xECA8, 0xF4A8, 0xECA8, 0xF4A8, 0xE4CC, 0xF77D, 0x6AAE, 0x9209, 0x5987, 0x2086,
    0x2087, 0x2087, 0x20A7, 0x524B, 0xF759, 0xE488, 0xECA8, 0xECA8, 0xECC8, 0xECC8, 0xECC8, 0xECA8,
    0xDD2F, 0xE71C, 0x720A, 0xA266, 0x8227, 0x8227, 0x8A27, 0x8A27, 0x8228, 0xA452, 0xF6D5, 0xEC68,
    0xECA8, 0xF488, 0xEC88, 0xEC88, 0xEC88, 0xEC88, 0xE613, 0xCE19, 0x49AA, 0x28A7, 0x1886, 0x1865,
    0x190C, 0x3213, 0x3213, 0x3214, 0x3214, 0x3213, 0x31F3, 0x31B0, 0x1886, 0x2086, 0x20A6, 0x9472,
    0xF673, 0xEC68, 0xEC88, 0xEC68, 0xEC88, 0xEC88, 0xF488, 0xF468, 0xE4CD, 0xEF1D, 0x7A0C, 0x8A28,
    0x9247, 0x9226, 0x9A47, 0x9A47, 0x9268, 0x9BF1, 0xF717, 0xED09, 0xED29, 0xED09, 0xED29, 0xF549,
    0xED09, 0xEE75, 0xB536, 0x390A, 0x30C8, 0x3928, 0xE6FA, 0xED2C, 0xF4A8, 0xF4C8, 0xF4C8, 0xF4C8,
    0xF4C8, 0xEC88, 0xE615, 0xB472, 0x4108, 0x28A7, 0x28A7, 0x28A7, 0x28A7, 0x20A7, 0x520A, 0x7B6F,
    0x7B6F, 0x7B6F, 0x7B6F, 0x7B6F, 0x7B6F, 0x7B6F, 0x7B6F, 0x7B6F, 0x7B6F, 0x7B90, 0x7B90, 0x7B8F,
    0x7B6F, 0x734F, 0x28C7, 0x28A7, 0x28A7, 0x28A7, 0x28A7, 0x3128, 0x734F, 0x734F, 0x734F, 0x734F,
    0x732E, 0x734F, 0x734F, 0x734F, 0x734F, 0x736F, 0x5A4C, 0x28A8, 0x20A7, 0x62AD, 0x7B4F, 0x7B4F,
    0x7B4F, 0x7B4F, 0x7B6F, 0x7B4F, 0x7B6F, 0x7B90, 0x3128, 0x20A7, 0x20A6, 0x20A7, 0x212D, 0x2992,
    0x294C, 0x20C9, 0x2086, 0x2086, 0x3949, 0x734E, 0x734E, 0x732E, 0x732E, 0x734F, 0x7B6F, 0x7B4F,
    0x7B4F, 0x7B6F, 0x7B6F, 0x734F, 0x734F, 0x736F, 0x736F, 0x736F, 0x3108, 0x20A7, 0x2086, 0x2086,
    0x20A7, 0x28C6, 0x734F, 0x734E, 0x6B2E, 0x732E, 0x734E, 0x734E, 0x734E, 0x736F, 0x734F, 0x736F,
    0x49EA, 0x2087, 0x2086, 0x2066, 0x526B, 0x736E, 0x7B8F, 0x7B8F, 0x7B8F, 0x7BAF, 0x62AE, 0x28C8,
    0x1866, 0x1866, 0x18A9, 0x29B2, 0x29B2, 0x29B2, 0x29B2, 0x29B2, 0x29B3, 0x29B2, 0x29B2, 0x29B2,
    0x216E, 0x216E, 0x216E, 0x216E, 0x216E, 0x216E, 0x216E, 0x216E, 0x216E, 0x216F, 0x298F, 0x298F,
    0x298F, 0x296F, 0x298F, 0x298F, 0x298F, 0x214B, 0x1886, 0x2086, 0x1885, 0xBD96, 0xEE10, 0xECE8,
    0xED28, 0xF528, 0xF528, 0xF529, 0xF549, 0xF549, 0xE54D, 0xF77D, 0x6A6D, 0xA228, 0x30C6, 0x2087,
    0x2087, 0x28A7, 0x6AED, 0xE6D6, 0xED8B, 0xED28, 0xF549, 0xF549, 0xF569, 0xF569, 0xF549, 0xF549,
    0xE5D1, 0xDEDC, 0x71C9, 0x8207, 0x2086, 0x20A7, 0x20A7, 0x20A7, 0x28A7, 0x9C73, 0xF6B3, 0xECE8,
    0xF529, 0xF509, 0xF509, 0xED08, 0xED29, 0xED09, 0xEE76, 0xCE1A, 0x3929, 0x28A7, 0x2066, 0x1865,
    0x18EB, 0x29B1, 0x29B1, 0x29B1, 0x31D1, 0x31D1, 0x31B1, 0x296E, 0x1886, 0x2087, 0x20A6, 0xA4F3,
    0xEE52, 0xECE8, 0xF508, 0xF508, 0xF508, 0xF508, 0xF508, 0xF4C8, 0xE50F, 0xF71C, 0x8A09, 0x30C7,
    0x2087, 0x2087, 0x2087, 0x2087, 0x2087, 0x8C12, 0xFF9C, 0xF719, 0xF739, 0xF719, 0xF73A, 0xF75A,
    0xF739, 0xF77C, 0xACF6, 0x3909, 0x30C8, 0x4169, 0xEF3B, 0xED8C, 0xF529, 0xF529, 0xF529, 0xF529,
    0xF529, 0xECE9, 0xEE96, 0xB492, 0x4928, 0x28C8, 0x28C8, 0x28C8, 0x3108, 0x3107, 0x9C91, 0xEE34,
    0xEDF1, 0xEDF1, 0xEDF1, 0xEDF1, 0xEDD1, 0xEDD1, 0xEDD1, 0xEDB1, 0xEDD1, 0xEDD1, 0xEDD1, 0xEDB1,
    0xE591, 0xE6FA, 0x4149, 0x3928, 0x30E8, 0x30C8, 0x28C7, 0x522B, 0xF719, 0xEDB1, 0xEDD2, 0xEDD2,
    0xEDB1, 0xEDD1, 0xEDD1, 0xEDD1, 0xEDB1, 0xEEB8, 0x9C94, 0x49EB, 0x7B6F, 0xD5D3, 0xEDD2, 0xEDD2,
    0xEDD2, 0xEDD2, 0xEDD1, 0xEDB1, 0xEDD2, 0xEF3B, 0x628D, 0x416A, 0x28C7, 0x28A7, 0x20A7, 0x20C9,
    0x20A7, 0x2086, 0x28A7, 0x3108, 0x734E, 0xEE54, 0xEDB1, 0xEDB1, 0xEDB1, 0xEDB1, 0xEDB1, 0xEDB1,
    0xEDB1, 0xEDB1, 0xEDB1, 0xEDB1, 0xEDB1, 0xEDB1, 0xEDB2, 0xF75C, 0x520B, 0x3949, 0x28A7, 0x28A7,
    0x28A7, 0x3948, 0xEF19, 0xEDD1, 0xED91, 0xED91, 0xED91, 0xED91, 0xED91, 0xED91, 0xED91, 0xEED9,
    0x8BF2, 0x30E8, 0x41A9, 0x9C92, 0xD636, 0xED70, 0xED70, 0xED70, 0xED71, 0xEED9, 0xB557, 0x394A,
    0x2086, 0x1866, 0x18A8, 0x296F, 0x296F, 0x296F, 0x296F, 0x296F, 0x296F, 0x296F, 0x296F, 0x296F,
    0x29B2, 0x29B2, 0x29B2, 0x29B1, 0x29B2, 0x29B1, 0x29B1, 0x29B1, 0x29B2, 0x29B1, 0x29B1, 0x29B1,
    0x29B1, 0x29B1, 0x29B2, 0x29B2, 0x2991, 0x212B, 0x1865, 0x1886, 0x4A0A, 0xCE15, 0xF62E, 0xF5AA,
    0xF5CA, 0xF5CA, 0xF5CA, 0xF5CA, 0xF5C9, 0xF5A9, 0xE5CF, 0xF75D, 0x6A0B, 0xA247, 0x28A6, 0x2086,
    0x20A7, 0x28A7, 0x83B0, 0xFF78, 0xEDAA, 0xF5EA, 0xF5EA, 0xF5EA, 0xF5EA, 0xF5EA, 0xF5CA, 0xEDCD,
    0xEEB8, 0xCDF9, 0x81E8, 0x8A48, 0x28A7, 0x28A7, 0x20A7, 0x28C7, 0x4189, 0xB554, 0xF6D2, 0xF5A9,
    0xF5CA, 0xF5AA, 0xF5AA, 0xF5CA, 0xF5CA, 0xF58A, 0xEED8, 0xCDF9, 0x3929, 0x28A7, 0x2086, 0x1866,
    0x214E, 0x31F3, 0x31F3, 0x31F2, 0x31F2, 0x31F2, 0x31F2, 0x318E, 0x2086, 0x28A7, 0x28C7, 0xB575,
    0xF692, 0xF569, 0xF589, 0xF589, 0xF589, 0xF589, 0xF589, 0xF549, 0xE590, 0xEF1C, 0x9A49, 0x38E7,
    0x2087, 0x2086, 0x2086, 0x2087, 0x20A7, 0x51CC, 0x72CF, 0x7AEF, 0x7AEF, 0x7ACF, 0x7ACF, 0x7AEF,
    0x7ACF, 0x82EF, 0x5A0C, 0x38E9, 0x30C8, 0x4989, 0xF75B, 0xEDCC, 0xED89, 0xF5A9, 0xF5AA, 0xEDA9,
    0xED89, 0xEDAE, 0xE678, 0x9370, 0x4108, 0x30C8, 0x30C8, 0x4149, 0x8BEF, 0xEEF7, 0xEEB5, 0xED0A,
    0xF4C8, 0xF4C8, 0xECC8, 0xECA8, 0xECA8, 0xECA8, 0xECA8, 0xECA8, 0xECC8, 0xECC8, 0xECC8, 0xECA8,
    0xE469, 0xEE55, 0xE656, 0xCDB7, 0x4969, 0x38E8, 0x30C8, 0x5A4B, 0xEED7, 0xE50C, 0xEC89, 0xEC68,
    0xEC68, 0xEC68, 0xEC88, 0xEC88, 0xEC68, 0xE615, 0xB516, 0xB513, 0xEE11, 0xED2C, 0xEC88, 0xF4A9,
    0xECA9, 0xECA9, 0xECA8, 0xECA8, 0xEC88, 0xEDF1, 0xE676, 0xCDF8, 0x3908, 0x30C7, 0x28C7, 0x28C7,
    0x28C7, 0x30C7, 0x5209, 0xEED9, 0xEEF7, 0xED2C, 0xEC67, 0xEC67, 0xEC68, 0xEC88, 0xEC88, 0xEC68,
    0xEC68, 0xEC88, 0xEC88, 0xEC88, 0xEC68, 0xEC68, 0xE428, 0xF655, 0xE656, 0xDE79, 0x3908, 0x30C8,
    0x30C8, 0x4189, 0xEED7, 0xE4EC, 0xEC49, 0xEC27, 0xEC27, 0xEC27, 0xEC27, 0xEC27, 0xEC08, 0xEE98,
    0x8BD1, 0x83D0, 0xBDB5, 0xED4F, 0xECCC, 0xEBE7, 0xEC07, 0xEC07, 0xE3C8, 0xEEB9, 0xA4D6, 0x3109,
    0x2066, 0x1866, 0x1888, 0x2992, 0x2992, 0x29B2, 0x29B2, 0x29B2, 0x29B2, 0x29B2, 0x29B2, 0x29B2,
    0x31D3, 0x29D3, 0x29D3, 0x29D3, 0x29D2, 0x29D2, 0x29D3, 0x29D2, 0x29D2, 0x29D2, 0x29D2, 0x29D2,
    0x29D2, 0x29D2, 0x31D2, 0x29D3, 0x20E9, 0x1865, 0x1886, 0x1865, 0xD699, 0xEE91, 0xEE0B, 0xF62C,
    0xF62C, 0xF64C, 0xF64C, 0xF64C, 0xF64C, 0xEE2E, 0xEED8, 0xAD16, 0x7A0A, 0x81E7, 0x30A7, 0x20A7,
    0x28A7, 0x28C7, 0x8C11, 0xFF78, 0xF62C, 0xF64C, 0xF64C, 0xF64C, 0xF64B, 0xF64B, 0xF62B, 0xEE93,
    0xDEBB, 0x724B, 0x9228, 0x30E8, 0x28A8, 0x28A7, 0x28C7, 0x28A7, 0xB596, 0xF6D3, 0xF60C, 0xF62C,
    0xF64C, 0xF62C, 0xF62C, 0xF62C, 0xF62C, 0xEE0D, 0xF739, 0xC5D9, 0x3909, 0x20A7, 0x2086, 0x2085,
    0x296F, 0x3A34, 0x3A13, 0x3A13, 0x3A13, 0x3A13, 0x318F, 0x28E9, 0x2087, 0x20A6, 0x9C71, 0xD5F1,
    0xF64E, 0xF60A, 0xF60B, 0xF60B, 0xF60B, 0xF60B, 0xF60B, 0xEDED, 0xE656, 0xC575, 0xA28A, 0x38E7,
    0x28A7, 0x20A7, 0x20C9, 0x20A7, 0x28A7, 0x5945, 0x9A26, 0xA227, 0xA246, 0x9A46, 0xA246, 0xA247,
    0xA246, 0xA267, 0x61A8, 0x30C8, 0x3908, 0x628B, 0xF759, 0xF62D, 0xF62C, 0xF62C, 0xF62C, 0xF62C,
    0xF5EB, 0xEEB5, 0xD618, 0x4929, 0x38E8, 0x38E8, 0x4148, 0xE6DA, 0xEE94, 0xE4E8, 0xED08, 0xF549,
    0xF549, 0xF549, 0xF549, 0xF549, 0xF549, 0xF549, 0xED29, 0xF529, 0xF549, 0xF549, 0xF549, 0xF549,
    0xF529, 0xECE8, 0xDC89, 0xF6F9, 0xAD14, 0x9412, 0x4108, 0x4129, 0x6A6C, 0xEF1A, 0xED6C, 0xECE8,
    0xECE9, 0xECE8, 0xF4E8, 0xF508, 0xECC8, 0xED6E, 0xEE11, 0xEDF0, 0xECE9, 0xF509, 0xF529, 0xF529,
    0xF529, 0xF529, 0xF529, 0xED29, 0xF529, 0xF508, 0xED4C, 0xEE95, 0xE6FB, 0x51EB, 0x30C8, 0x30E7,
    0x3107, 0x9450, 0xE6D7, 0xE4EB, 0xE4C8, 0xECC8, 0xECC8, 0xECC8, 0xECE8, 0xF4E9, 0xF4E9, 0xF4C9,
    0xF4C9, 0xF4E9, 0xF4E9, 0xF4E9, 0xF509, 0xECE8, 0xECC8, 0xECA8, 0xDC69, 0xEEF8, 0xC617, 0xA4F5,
    0x4108, 0x4129, 0x5A2C, 0xD679, 0xED6E, 0xECA8, 0xEC88, 0xEC88, 0xEC88, 0xF488, 0xEC69, 0xEED9,
    0xC5D7, 0xD5D3, 0xEDD0, 0xEC49, 0xEC28, 0xEC48, 0xF448, 0xEC27, 0xDC08, 0xF73B, 0x8C13, 0x28E8,
    0x2086, 0x1886, 0x18A9, 0x29B3, 0x31B3, 0x31D3, 0x31D3, 0x31D3, 0x29D3, 0x29D3, 0x29D3, 0x29D3,
    0x2991, 0x2991, 0x2991, 0x2991, 0x2990, 0x2190, 0x2170, 0x2190, 0x2170, 0x2190, 0x2190, 0x2170,
    0x2190, 0x2990, 0x2990, 0x2990, 0x20E8, 0x2086, 0x20A7, 0x28C7, 0xDEBA, 0xF6F3, 0xF68F, 0xF68F,
    0xF68F, 0xF68F, 0xFEAF, 0xFEAF, 0xFEAF, 0xF6B3, 0xF79E, 0x7B31, 0xAAA9, 0x4127, 0x20A7, 0x28A7,
    0x28C7, 0x30E7, 0x9C73, 0xFF78, 0xF66F, 0xF6AF, 0xF6AF, 0xF6AF, 0xF6AF, 0xF6AF, 0xF68E, 0xEEF6,
    0xDE9B, 0x824A, 0xA2C8, 0x28A7, 0x28C8, 0x28C7, 0x30E8, 0x30E7, 0xC5F8, 0xF715, 0xF66E, 0xF68F,
    0xF68F, 0xFE8F, 0xFE8F, 0xF68F, 0xF66F, 0xF738, 0xB516, 0x724C, 0x30C8, 0x20A7, 0x2086, 0x20C9,
    0x214F, 0x29D2, 0x31D2, 0x31D2, 0x31D2, 0x31F2, 0x292B, 0x20A6, 0x28A7, 0x28C7, 0xE71A, 0xF670,
    0xF64D, 0xF68E, 0xF66E, 0xF66E, 0xF66E, 0xF68F, 0xF66E, 0xEE93, 0xEEDB, 0x79E9, 0x3908, 0x28C8,
    0x20A7, 0x20CB, 0x3191, 0x20C9, 0x20A7, 0x2087, 0x2087, 0x2087, 0x2087, 0x2887, 0x2887, 0x28A7,
    0x2887, 0x2887, 0x30C8, 0x30C8, 0x6AED, 0xFF9A, 0xEE90, 0xF690, 0xFE8F, 0xF68F, 0xFE8F, 0xF68F,
    0xF66E, 0xF718, 0xD639, 0x596A, 0x4949, 0x9C72, 0xEEB5, 0xEDCC, 0xEDCB, 0xF589, 0xF5AA, 0xF5AA,
    0xF5AA, 0xF5AA, 0xF5AA, 0xF5AA, 0xF5AA, 0xF5AA, 0xF5AA, 0xF5AA, 0xF5AA, 0xF5CA, 0xF5CA, 0xF5CA,
    0xF5CA, 0xF5AA, 0xF5A9, 0xF5AB, 0xE632, 0xE6DB, 0x516A, 0x4909, 0x51AA, 0xF77B, 0xF5CC, 0xF58A,
    0xF58A, 0xF56A, 0xF56A, 0xF58A, 0xF58A, 0xF58A, 0xF58A, 0xF589, 0xF58A, 0xF58A, 0xF58A, 0xF5AA,
    0xF5AA, 0xF5AA, 0xF5AA, 0xF5AA, 0xF5AA, 0xF5CA, 0xF5AA, 0xEDAD, 0xF75C, 0x59CB, 0x4109, 0x4188,
    0xEF5B, 0xEE30, 0xF5EE, 0xF56A, 0xF549, 0xF549, 0xF549, 0xF549, 0xF549, 0xF549, 0xF549, 0xED49,
    0xED29, 0xED29, 0xED4A, 0xF56A, 0xF56A, 0xF56A, 0xF549, 0xED49, 0xF529, 0xED09, 0xE633, 0xD65A,
    0x4929, 0x4109, 0x4128, 0xDEB9, 0xF5AE, 0xF529, 0xF529, 0xF509, 0xF509, 0xF509, 0xECE9, 0xED4D,
    0xED6E, 0xECEB, 0xEC68, 0xEC88, 0xF4C8, 0xF4C9, 0xECC9, 0xECA8, 0xE48A, 0xF77D, 0x520C, 0x20A7,
    0x2066, 0x1866, 0x210D, 0x214F, 0x214F, 0x2970, 0x2990, 0x2990, 0x2990, 0x2990, 0x296F, 0x298F,
    0x4215, 0x31F5, 0x31F4, 0x31F4, 0x31D3, 0x29D3, 0x29D3, 0x29D2, 0x29D2, 0x29D2, 0x29D2, 0x29D2,
    0x29D2, 0x29D2, 0x29D2, 0x29B2, 0x18C9, 0x2086, 0x20C7, 0x28C7, 0xDEDA, 0xF737, 0xFEF4, 0xFEF4,
    0xF6F4, 0xFEF4, 0xFEF4, 0xFF13, 0xFEF3, 0xF6D6, 0xF77E, 0x7AEF, 0xB2A8, 0x4107, 0x20A7, 0x28C7,
    0x28C8, 0x30E7, 0x9CB3, 0xFF99, 0xF6F3, 0xFF14, 0xFF14, 0xFF14, 0xFF14, 0xFF14, 0xF6D3, 0xF739,
    0xCDF9, 0x9A89, 0x9AA9, 0x38C8, 0x30E8, 0x38E8, 0x38E8, 0x3927, 0xCE37, 0xF715, 0xF6B1, 0xF6D2,
    0xF6D2, 0xFEF2, 0xFEF2, 0xFEF2, 0xF6D3, 0xFF9C, 0xB4D6, 0x824B, 0x30A8, 0x2086, 0x1867, 0x29B2,
    0x3214, 0x3214, 0x3214, 0x3234, 0x3A14, 0x3A14, 0x292B, 0x2086, 0x28A8, 0x3108, 0xEF3B, 0xF6F4,
    0xF6D2, 0xF6D2, 0xF6D3, 0xF6D3, 0xF6F3, 0xF6F3, 0xF6D3, 0xF6D6, 0xEEDA, 0x8229, 0x28A8, 0x28A7,
    0x2088, 0x31B1, 0x31D3, 0x31B2, 0x296D, 0x20A7, 0x20A7, 0x20A7, 0x2087, 0x2087, 0x2087, 0x20A7,
    0x28A8, 0x28A8, 0x30C8, 0x38E8, 0x7B2E, 0xFF9A, 0xF6B3, 0xF6D3, 0xF6F3, 0xF6D3, 0xF6D3, 0xF6D3,
    0xF692, 0xF719, 0xCDD8, 0x5149, 0x4929, 0xA472, 0xF715, 0xF60C, 0xF62D, 0xF62D, 0xF62D, 0xF64D,
    0xF64D, 0xF671, 0xF716, 0xF716, 0xF6F6, 0xF716, 0xF716, 0xF716, 0xF6F4, 0xF64E, 0xF62C, 0xF64C,
    0xF62C, 0xF62C, 0xF62C, 0xF5CB, 0xEE52, 0xE6DB, 0x5169, 0x4909, 0x51CA, 0xF77B, 0xF64E, 0xF62D,
    0xF62D, 0xF62C, 0xF62D, 0xF62D, 0xF62C, 0xF6B3, 0xF6F5, 0xF6F5, 0xF6F5, 0xF6F5, 0xF6F5, 0xF6D4,
    0xF66E, 0xF64E, 0xF64E, 0xF64D, 0xF64D, 0xF64D, 0xF62D, 0xEE31, 0xF75C, 0x59CB, 0x4929, 0x49A9,
    0xF79C, 0xF62E, 0xF60C, 0xF60D, 0xF60D, 0xF5EC, 0xF5EC, 0xEDED, 0xF6F6, 0xF717, 0xF6F8, 0xF6F7,
    0xF6F7, 0xF6F7, 0xF717, 0xF671, 0xF5CC, 0xF5CC, 0xF5CC, 0xF5CC, 0xF5CB, 0xED8B, 0xEE54, 0xD639,
    0x4108, 0x4108, 0x4128, 0xE6D9, 0xF630, 0xF5EC, 0xF5CB, 0xF5AB, 0xF5AB, 0xF58B, 0xF58B, 0xF56A,
    0xED4A, 0xED4A, 0xED49, 0xF549, 0xF56A, 0xF56A, 0xF569, 0xF549, 0xE54D, 0xF75D, 0x49AB, 0x20A7,
    0x1866, 0x1067, 0x2992, 0x2992, 0x2993, 0x29B3, 0x29D3, 0x29D3, 0x29D3, 0x31D3, 0x31D3, 0x31D3,
    0x82F7, 0x5A56, 0x5A76, 0x4236, 0x3215, 0x3214, 0x31F3, 0x31F3, 0x31F3, 0x31F3, 0x31D3, 0x31F3,
    0x31F2, 0x31D2, 0x31D2, 0x296D, 0x20A7, 0x2086, 0x3128, 0xCE58, 0xF739, 0xFF58, 0xFF58, 0xFF58,
    0xFF58, 0xFF58, 0xFF58, 0xFF58, 0xF737, 0xF739, 0xEF7D, 0x7ACE, 0xBAE8, 0x4927, 0x28A7, 0x28A7,
    0x28A6, 0xB555, 0xEF18, 0xF737, 0xFF57, 0xFF78, 0xFF78, 0xFF58, 0xFF78, 0xFF57, 0xF737, 0xFFBC,
    0xC596, 0x9B2C, 0x7A8B, 0x724C, 0x6A4C, 0x6A4B, 0x72EC, 0xEF59, 0xEEB4, 0xF6F5, 0xFF35, 0xFF36,
    0xFF36, 0xFF36, 0xFF56, 0xFF56, 0xF736, 0xFFBD, 0xB495, 0x8A8B, 0x28A7, 0x2087, 0x1867, 0x29B2,
    0x3214, 0x3A14, 0x3A14, 0x3A34, 0x3A34, 0x3A34, 0x290B, 0x2087, 0x28C8, 0x3949, 0xEF5C, 0xF737,
    0xFF36, 0xFF36, 0xFF37, 0xFF36, 0xF737, 0xF737, 0xFF16, 0xEEF7, 0xEEBA, 0x79E9, 0x28A8, 0x28A7,
    0x20A8, 0x39F3, 0x39F4, 0x39F4, 0x3A13, 0x39D2, 0x39D2, 0x39D2, 0x31D1, 0x31B1, 0x31B1, 0x39D2,
    0x39D1, 0x30E9, 0x30E8, 0x3909, 0x8BB1, 0xFF9C, 0xF717, 0xFF37, 0xFF37, 0xFF37, 0xFF37, 0xFF37,
    0xFF7A, 0xBD15, 0x7AAD, 0x594A, 0x5969, 0xC5B5, 0xF716, 0xF6B1, 0xF6D2, 0xF6D2, 0xFED2, 0xFED2,
    0xF6B2, 0xF717, 0xCDD7, 0xABF0, 0xABF0, 0xABF0, 0xABF0, 0xA3F0, 0xEF3B, 0xF6D3, 0xF6B1, 0xFED1,
    0xF6B1, 0xF6B1, 0xF6B1, 0xF691, 0xEEF8, 0xAC73, 0x596A, 0x5169, 0x8BF0, 0xF759, 0xF6D2, 0xF6D2,
    0xFED2, 0xFED2, 0xFED2, 0xFED2, 0xF6B3, 0xEF1B, 0xB452, 0xB432, 0xB452, 0xB432, 0xAC12, 0xE6DA,
    0xF715, 0xF6B3, 0xF6B3, 0xFEB3, 0xFEB3, 0xF6B2, 0xF6B2, 0xF6B6, 0xEF5D, 0x59CB, 0x494A, 0x5A2B,
    0xFFBD, 0xF692, 0xF671, 0xF691, 0xF691, 0xF691, 0xF6B1, 0xF692, 0xF75C, 0xA38E, 0x9B4D, 0x9B4D,
    0x9B4D, 0xA36D, 0xBD55, 0xFF36, 0xF670, 0xF670, 0xF670, 0xF670, 0xF691, 0xF671, 0xE6B8, 0xACF5,
    0x4109, 0x4148, 0xCE38, 0xEED6, 0xF692, 0xF692, 0xF691, 0xF671, 0xF670, 0xF670, 0xF670, 0xF670,
    0xF64F, 0xF692, 0xEE93, 0xF693, 0xF6B3, 0xF6B4, 0xF6B3, 0xEEB4, 0xE6B8, 0xB536, 0x392A, 0x2087,
    0x1866, 0x1066, 0x29B2, 0x29B3, 0x29B3, 0x29B3, 0x31D3, 0x31D3, 0x31D3, 0x31D3, 0x31D3, 0x31D4,
    0x82B7, 0xAB59, 0xAB79, 0x72B7, 0x5A55, 0x4A14, 0x31D4, 0x31D3, 0x29B2, 0x29B2, 0x29B2, 0x29B2,
    0x29B1, 0x29B1, 0x31B1, 0x20E9, 0x2086, 0x20A7, 0x3128, 0xEF3B, 0xFF7A, 0xFF9A, 0xFF9A, 0xFF9A,
    0xFF9A, 0xFF9A, 0xFF9A, 0xFF9A, 0xFF9A, 0xF79D, 0x8B91, 0x92AB, 0x5988, 0x30E8, 0x28C7, 0x30C8,
    0x30C7, 0xC617, 0xFF9A, 0xFF79, 0xFF9A, 0xFF9A, 0xFF9A, 0xFF9A, 0xFF9A, 0xFFBA, 0xFF79, 0xF778,
    0xF779, 0xF759, 0xF779, 0xF779, 0xF759, 0xF77A, 0xF77A, 0xFF99, 0xFF57, 0xFF78, 0xFF79, 0xFF79,
    0xFF79, 0xFF99, 0xFF9A, 0xFF9C, 0xF77C, 0xF77E, 0xAC33, 0x8A6A, 0x28A7, 0x2087, 0x20A8, 0x29B2,
    0x31D3, 0x31F3, 0x31F3, 0x31F3, 0x31F3, 0x31F3, 0x292B, 0x28C8, 0x30E8, 0x4189, 0xF79D, 0xFF79,
    0xFF79, 0xFF79, 0xFF79, 0xFF79, 0xFF9A, 0xFF99, 0xFF9A, 0xE6BA, 0xA3D1, 0x5989, 0x28C8, 0x28A7,
    0x20CA, 0x31D2, 0x31D3, 0x39F3, 0x39F3, 0x39F3, 0x39F4, 0x39F4, 0x39F3, 0x39F3, 0x39F3, 0x3A13,
    0x4212, 0x3909, 0x3908, 0x4129, 0x9432, 0xFFDC, 0xFF7A, 0xFF9A, 0xFF9A, 0xFF9A, 0xFF9A, 0xFF79,
    0xFFDD, 0xAC74, 0x61AB, 0x596A, 0x6A2C, 0xFFBC, 0xFF37, 0xFF36, 0xFF37, 0xFF36, 0xFF36, 0xFF57,
    0xFF37, 0xFF7B, 0xC513, 0x8A28, 0x9A48, 0x9A68, 0xA269, 0x9ACA, 0xF73B, 0xFF37, 0xFF37, 0xFF36,
    0xFF36, 0xFF36, 0xFF16, 0xF716, 0xF73C, 0x6A0B, 0x596A, 0x620B, 0xF79C, 0xF737, 0xFF57, 0xFF57,
    0xFF37, 0xFF37, 0xFF37, 0xF736, 0xF738, 0xEEFB, 0x9A69, 0x9A49, 0x9A48, 0x9229, 0x9229, 0xDE99,
    0xFF58, 0xFF37, 0xFF37, 0xFF37, 0xFF37, 0xFF37, 0xFF37, 0xF739, 0xEF3D, 0x59CB, 0x516A, 0x6A8D,
    0xFFDD, 0xF716, 0xF716, 0xF716, 0xFF16, 0xF716, 0xFF36, 0xF737, 0xEF3B, 0x71E8, 0x6988, 0x6988,
    0x6988, 0x7208, 0xBD54, 0xFF58, 0xFEF5, 0xFF16, 0xFF16, 0xFEF6, 0xFF15, 0xFF37, 0xE6BB, 0x598A,
    0x4949, 0x4989, 0xF77C, 0xF717, 0xF716, 0xFF37, 0xFF17, 0xFF17, 0xFF17, 0xFF16, 0xFF36, 0xFF37,
    0xF738, 0xE6DB, 0xBD37, 0xBD17, 0xBD37, 0xBD58, 0xBD37, 0xBD17, 0xBCF5, 0x3909, 0x20A7, 0x2087,
    0x1887, 0x18EB, 0x2970, 0x2171, 0x2991, 0x2991, 0x2991, 0x2991, 0x2991, 0x2991, 0x2991, 0x2991,
    0x3215, 0x3A16, 0x4A56, 0xBC1A, 0xC41A, 0xABB9, 0x6255, 0x5A35, 0x3A15, 0x3A15, 0x3A14, 0x3A14,
    0x3A14, 0x31F4, 0x39F3, 0x20E9, 0x2086, 0x20A7, 0x3969, 0xEF7C, 0xFF9A, 0xFFBB, 0xFFBB, 0xFFBB,
    0xFFBB, 0xFFBB, 0xFFDB, 0xFFDB, 0xFFBC, 0xF7BE, 0x830F, 0xB309, 0x4928, 0x28C8, 0x28C8, 0x30E8,
    0x30E8, 0xD67A, 0xFFDC, 0xFFBB, 0xFFBB, 0xFFBB, 0xFFBB, 0xFFBB, 0xFFBB, 0xFFBB, 0xFFDB, 0xFFBB,
    0xFFBB, 0xFFBA, 0xFFBA, 0xFF9A, 0xFF9A, 0xFF9A, 0xFF9A, 0xFF9A, 0xFF9A, 0xFF9A, 0xFF9A, 0xFF9A,
    0xFFBB, 0xFFBB, 0xFFBD, 0xBCF5, 0x82CF, 0x7A6D, 0x9AAA, 0x92A9, 0x2087, 0x2086, 0x20EB, 0x3A35,
    0x3215, 0x3215, 0x3235, 0x3A35, 0x3A14, 0x292C, 0x28E8, 0x28C8, 0x5A6B, 0xBDB5, 0xFF9B, 0xFF9B,
    0xFF9B, 0xFFBB, 0xFFBB, 0xFFBB, 0xFFBB, 0xFFBB, 0xFFDC, 0xE69A, 0x81EA, 0x38C8, 0x30C7, 0x28A8,
    0x39F2, 0x3A35, 0x3A34, 0x4235, 0x4255, 0x4254, 0x4234, 0x4234, 0x4234, 0x4234, 0x4235, 0x4234,
    0x394B, 0x38E8, 0x38E8, 0x8BAF, 0xD637, 0xFFBB, 0xFF9B, 0xFFBB, 0xFF9B, 0xFFBB, 0xFFBB, 0xFFBB,
    0xFFDD, 0xAC53, 0x69AB, 0x598A, 0x6A4B, 0xFFBC, 0xFF79, 0xFF7A, 0xFF9A, 0xFF9A, 0xFF9A, 0xFF7A,
    0xFF9A, 0xCCF2, 0x930D, 0x5949, 0x5129, 0x5129, 0x5968, 0xBD30, 0xF77A, 0xFF7A, 0xFF9A, 0xFF7A,
    0xFF9A, 0xFF9A, 0xFF9A, 0xFF7A, 0xF77D, 0x722C, 0x618A, 0x6A6C, 0xF7BD, 0xFF99, 0xFF9A, 0xFF9A,
    0xFF9A, 0xFF9A, 0xFF9A, 0xFF9A, 0xFF9B, 0xF71A, 0x822A, 0x512A, 0x512A, 0x512A, 0x8A49, 0xE6DA,
    0xFF9B, 0xFF9A, 0xFF9A, 0xFF9A, 0xFF9A, 0xFF7A, 0xFF9B, 0xDE79, 0x9390, 0x61AA, 0x59AA, 0x834E,
    0xFFDD, 0xFF79, 0xFF9A, 0xFF9A, 0xFF7A, 0xFF9A, 0xFF9A, 0xF73B, 0xC514, 0x6189, 0x4928, 0x4928,
    0x4928, 0x93CF, 0xFF9A, 0xFF59, 0xFF79, 0xFF79, 0xFF79, 0xFF79, 0xFF79, 0xFF79, 0xDE9B, 0x598A,
    0x494A, 0x49AA, 0xF79D, 0xFF7A, 0xFF7A, 0xFF9A, 0xFF9A, 0xFF7A, 0xFF9A, 0xFF9A, 0xFF9B, 0xE69A,
    0xC577, 0xAC73, 0x9228, 0x9228, 0x9228, 0x9248, 0x9228, 0x9208, 0xA268, 0x30C6, 0x1867, 0x1866,
    0x18A9, 0x29B3, 0x29B4, 0x29B4, 0x29B4, 0x29D4, 0x31D4, 0x31D4, 0x31D4, 0x31D3, 0x31D3, 0x31D4,
    0x31D4, 0x31F5, 0x3215, 0x3A16, 0x3A16, 0x6256, 0xB378, 0xAB78, 0x7AB7, 0x6276, 0x5276, 0x4236,
    0x3A35, 0x3A14, 0x3A13, 0x20C9, 0x2086, 0x28A7, 0x3989, 0xF77C, 0xFFBB, 0xFFBB, 0xFFBB, 0xFFBB,
    0xFFBB, 0xFFBB, 0xFFBB, 0xFFBB, 0xFFBC, 0xF77E, 0x7AAD, 0xB2E8, 0x4127, 0x28A7, 0x28C8, 0x30C8,
    0x3107, 0xDEBA, 0xFFBB, 0xFFBB, 0xFFDB, 0xFFDB, 0xFFDB, 0xFFDB, 0xFFBB, 0xFFDB, 0xFFDB, 0xFFDB,
    0xFFDB, 0xFFBB, 0xFFDB, 0xFFBB, 0xFFBB, 0xFFBB, 0xFFBB, 0xFFBB, 0xFFBB, 0xFFBB, 0xFFBB, 0xFFBB,
    0xFFDD, 0xE67B, 0xD5F9, 0xA3F3, 0x8A2A, 0xAAA8, 0x4948, 0x30E8, 0x20A7, 0x2087, 0x18CB, 0x31F4,
    0x3214, 0x3214, 0x3214, 0x3A14, 0x3A13, 0x2087, 0x28A7, 0x30E8, 0x7B8F, 0xFFDC, 0xFF9A, 0xFFBB,
    0xFFBB, 0xFFBC, 0xFFBC, 0xFFBC, 0xFFBC, 0xFFBB, 0xFFBC, 0xDE59, 0x79C9, 0x38C8, 0x30C7, 0x30C8,
    0x39F3, 0x4235, 0x4255, 0x4255, 0x4255, 0x4255, 0x4255, 0x4255, 0x4255, 0x4255, 0x4255, 0x4234,
    0x38E9, 0x38E8, 0x38C7, 0xBD54, 0xFF9A, 0xFF9B, 0xFFBB, 0xFFDC, 0xFFBC, 0xFFBC, 0xFFBB, 0xFFBB,
    0xFFBD, 0xA3F2, 0x618A, 0x6A4B, 0xDE78, 0xF77A, 0xFF9B, 0xFFBB, 0xFFBB, 0xFFBB, 0xFFBB, 0xFFBB,
    0xFFBD, 0xBBCE, 0x69AA, 0x5128, 0x5129, 0x5129, 0x61A8, 0xF738, 0xFF7A, 0xFF9B, 0xFFBC, 0xFFBC,
    0xFFBC, 0xFFBB, 0xFFBB, 0xFF9B, 0xF75D, 0x69EB, 0x616A, 0x726C, 0xF7BD, 0xFFBB, 0xFFBB, 0xFFBB,
    0xFFBB, 0xFFBB, 0xFFBC, 0xFFDC, 0xDE78, 0x9B8F, 0x6189, 0x5129, 0x5109, 0x5168, 0xDE56, 0xF739,
    0xFFBB, 0xFFBB, 0xFFBB, 0xFFBB, 0xFFBB, 0xFFBB, 0xFFBC, 0xCDD8, 0x69AA, 0x618A, 0x93F0, 0xFF9B,
    0xFF9B, 0xFFBB, 0xFFBC, 0xFFBC, 0xFFBC, 0xFFBC, 0xFFDC, 0xEEDB, 0x824A, 0x69A9, 0x5968, 0x5969,
    0x5948, 0xA471, 0xFFBB, 0xFFBB, 0xFFBB, 0xFFBB, 0xFF9B, 0xFF9A, 0xFFBA, 0xFF9B, 0xDE9B, 0x516A,
    0x494A, 0x51CA, 0xF79D, 0xFFBB, 0xFFBB, 0xFFBB, 0xFFBB, 0xFFBB, 0xFFBB, 0xFFBB, 0xFFDD, 0xCD35,
    0x91E8, 0x71A8, 0x5148, 0x5148, 0x5147, 0x5147, 0x5147, 0x4927, 0x4947, 0x2087, 0x1866, 0x1887,
    0x210C, 0x31D4, 0x29B3, 0x29B4, 0x29B3, 0x29D4, 0x29D4, 0x31D4, 0x31D4, 0x31D4, 0x31D4, 0x31D4,
    0x29B2, 0x29B3, 0x29B3, 0x31D4, 0x31D4, 0x31F4, 0x31D4, 0x39D4, 0x8AF7, 0xA318, 0x9318, 0x82B6,
    0x6A76, 0x3A14, 0x318F, 0x20A7, 0x2086, 0x3968, 0xA4D2, 0xEED7, 0xF6D6, 0xF6F7, 0xF6F7, 0xF6F7,
    0xF717, 0xF6F7, 0xF6F7, 0xF738, 0xF79C, 0xCE18, 0x828C, 0x9AA9, 0x3907, 0x28A7, 0x28A8, 0x30A6,
    0xBDB6, 0xF717, 0xF6F6, 0xF717, 0xFF38, 0xFF37, 0xFF37, 0xFF37, 0xFF37, 0xFF37, 0xFF37, 0xFF37,
    0xFF37, 0xFF37, 0xFF17, 0xFF17, 0xFF17, 0xFF17, 0xFF37, 0xFF37, 0xFF37, 0xFF58, 0xFFDC, 0xE71B,
    0xEEFC, 0xAC34, 0x8A6C, 0x9A89, 0x69C8, 0x4969, 0x28C8, 0x28A7, 0x20A7, 0x31B0, 0x31D3, 0x31F4,
    0x3214, 0x3214, 0x3214, 0x3214, 0x3A12, 0x20A7, 0x28A7, 0x30E8, 0x8BF1, 0xFFBB, 0xF716, 0xFF37,
    0xFF37, 0xFF37, 0xFF17, 0xFF17, 0xFF17, 0xF738, 0xFF9C, 0xCD14, 0x79EA, 0x38E8, 0x38C7, 0x28C8,
    0x3A13, 0x4254, 0x4255, 0x4255, 0x4275, 0x4275, 0x4275, 0x4275, 0x4275, 0x4275, 0x4255, 0x4A53,
    0x38E9, 0x38E8, 0x38E7, 0xBD95, 0xFF58, 0xFF17, 0xFF17, 0xFF37, 0xFF17, 0xFF17, 0xF717, 0xFFBB,
    0xC4B1, 0x7A4C, 0x618A, 0x72AC, 0xFFBC, 0xF716, 0xFF37, 0xFF37, 0xF737, 0xFF37, 0xFF37, 0xF737,
    0xFFBD, 0xA34D, 0x6189, 0x5128, 0x5128, 0x5129, 0x6A2A, 0xF77A, 0xFF37, 0xFF58, 0xFF58, 0xFF58,
    0xFF58, 0xFF58, 0xFF79, 0xF75B, 0xAC11, 0x69CA, 0x61A9, 0xA471, 0xF738, 0xF716, 0xFF37, 0xFF37,
    0xFF37, 0xFF37, 0xF737, 0xF77A, 0xD5D6, 0x71C9, 0x5149, 0x5129, 0x5129, 0x59C9, 0xEF5A, 0xF717,
    0xFF37, 0xFF57, 0xFF57, 0xFF57, 0xFF57, 0xFF57, 0xFFBC, 0xCDD8, 0x71EB, 0x61AA, 0x9C31, 0xFF9A,
    0xFF78, 0xFF99, 0xFFBA, 0xFF9A, 0xFF99, 0xFFB9, 0xFFBA, 0xF79A, 0xE6D8, 0xE6D8, 0xE6B8, 0xE6B9,
    0xE6B9, 0xEF39, 0xFF99, 0xFF78, 0xFF98, 0xFF78, 0xFF78, 0xFF57, 0xFF58, 0xEEFB, 0x82EF, 0x514A,
    0x59EA, 0xACD2, 0xF6D7, 0xF6F6, 0xFF17, 0xFF17, 0xF717, 0xF717, 0xF717, 0xF759, 0xEEB9, 0x8ACD,
    0x69A9, 0x5169, 0x20A9, 0x20A8, 0x2087, 0x2087, 0x2087, 0x2087, 0x2086, 0x2086, 0x20CA, 0x294F,
    0x29B3, 0x2992, 0x2992, 0x29B2, 0x29B2, 0x2992, 0x29B2, 0x29B3, 0x29B3, 0x29D3, 0x31D3, 0x29D3,
    0x29D4, 0x29D4, 0x31F4, 0x31F4, 0x31F5, 0x31F5, 0x31F5, 0x3215, 0x3215, 0x3A15, 0x6A97, 0x9B38,
    0x9319, 0x7AB7, 0x28C8, 0x2086, 0x20A7, 0x524A, 0xFF9A, 0xE3E9, 0xEB87, 0xEB87, 0xEBA7, 0xEBA7,
    0xEBA7, 0xEBA7, 0xEBA7, 0xDC8D, 0xF77D, 0x82EC, 0xB308, 0x4107, 0x28A8, 0x28C7, 0x28C8, 0x30E7,
    0xDEB9, 0xED0E, 0xEB87, 0xEBA7, 0xEBA7, 0xEBC7, 0xEBA7, 0xEBA7, 0xEBA7, 0xEBA7, 0xEBA7, 0xEBA7,
    0xEBA7, 0xEBA7, 0xEBA7, 0xEBC7, 0xEBC8, 0xEBE8, 0xEC08, 0xEC28, 0xEC28, 0xDC6B, 0xFF9D, 0x938F,
    0x720A, 0x8208, 0x8227, 0x7A49, 0x4149, 0x20A8, 0x2087, 0x20C9, 0x31D2, 0x3A35, 0x3A35, 0x3A35,
    0x3A55, 0x3A55, 0x3A55, 0x3A35, 0x3A12, 0x20A7, 0x28C8, 0x3108, 0x9452, 0xFF38, 0xE408, 0xEC28,
    0xEC08, 0xEC07, 0xEC08, 0xEC28, 0xEC28, 0xE4AC, 0xFF7C, 0xAAEA, 0x4908, 0x38E8, 0x30E9, 0x41F1,
    0x4255, 0x4275, 0x4A75, 0x4A76, 0x4A96, 0x4A96, 0x4A76, 0x4A76, 0x4A76, 0x4A96, 0x4A95, 0x418C,
    0x40E8, 0x40E8, 0x4908, 0xCDF6, 0xEDF1, 0xEC48, 0xEC69, 0xEC48, 0xEC48, 0xEC48, 0xDC69, 0xF75A,
    0xB3CD, 0x71CA, 0x618A, 0x72CC, 0xFF7A, 0xE489, 0xEC68, 0xEC68, 0xEC89, 0xF4A9, 0xF489, 0xDCAB,
    0xFF7C, 0x8AAC, 0x5949, 0x5128, 0x5128, 0x5949, 0x728B, 0xFF9A, 0xED4B, 0xECC9, 0xECC9, 0xECCA,
    0xECC9, 0xECC9, 0xE56E, 0xF75C, 0x824A, 0x71CA, 0x6A29, 0xF75B, 0xECEB, 0xEC88, 0xECA9, 0xECA9,
    0xECA9, 0xECA9, 0xECA8, 0xEE74, 0xCD95, 0x6989, 0x5148, 0x5128, 0x5128, 0x6A0A, 0xF77B, 0xED6C,
    0xECC9, 0xECE9, 0xECE9, 0xED09, 0xECE9, 0xE4C9, 0xEED7, 0xC536, 0x698A, 0x618A, 0x9C51, 0xF715,
    0xED6B, 0xF58B, 0xF58B, 0xF58B, 0xF58B, 0xF5AB, 0xF5AB, 0xF5CC, 0xF5AC, 0xF58B, 0xF56B, 0xED6B,
    0xF56B, 0xED6B, 0xF56B, 0xF56A, 0xF56A, 0xF56A, 0xF549, 0xF529, 0xE56E, 0xEEDB, 0x61AA, 0x5149,
    0x72AC, 0xFF9B, 0xE429, 0xEC08, 0xEC08, 0xEBE8, 0xEBE8, 0xEBE8, 0xE3C7, 0xDD30, 0xE678, 0x6989,
    0x28A9, 0x28A8, 0x2087, 0x2088, 0x1889, 0x20A9, 0x20A9, 0x20A9, 0x18A9, 0x20EB, 0x29B3, 0x31D4,
    0x31D4, 0x31F4, 0x31F4, 0x31F4, 0x31F4, 0x31F4, 0x31F4, 0x31F4, 0x31F4, 0x3215, 0x3215, 0x3215,
    0x29D2, 0x29D3, 0x29D3, 0x29D3, 0x29D3, 0x29D3, 0x31D3, 0x31D3, 0x31D4, 0x31F4, 0x31F4, 0x39F4,
    0x39F4, 0x4A34, 0x20C8, 0x2087, 0x20A7, 0x5A4B, 0xFF9A, 0xE3C9, 0xEB67, 0xEB67, 0xE367, 0xE367,
    0xEB87, 0xEB87, 0xEB87, 0xDC8D, 0xEF7D, 0x7A8B, 0xB2E8, 0x3907, 0x28A7, 0x28A7, 0x30C8, 0x3907,
    0xDED9, 0xECAC, 0xEB67, 0xE367, 0xE367, 0xE367, 0xE367, 0xEB67, 0xE347, 0xDCEF, 0xE5B2, 0xE5B2,
    0xE5D2, 0xED70, 0xE3A8, 0xEB67, 0xEB87, 0xEB87, 0xEB87, 0xEBA7, 0xEBA7, 0xE409, 0xEED9, 0xAC0F,
    0x8229, 0x8A68, 0x61C9, 0x30E9, 0x30C8, 0x20C8, 0x314E, 0x31B1, 0x31F4, 0x3A14, 0x3A14, 0x3A34,
    0x3A34, 0x3A14, 0x3A14, 0x3A34, 0x3A12, 0x20A7, 0x30C8, 0x30E8, 0xA493, 0xF6B7, 0xEBA7, 0xEBC8,
    0xEBA8, 0xEBA7, 0xEBA7, 0xEBC8, 0xEBA7, 0xDC6C, 0xFF5B, 0xAACA, 0x4908, 0x40E8, 0x390B, 0x4A55,
    0x4A55, 0x4A75, 0x4A75, 0x4A96, 0x4A96, 0x4A96, 0x4A76, 0x4A76, 0x4A76, 0x4A76, 0x5295, 0x4129,
    0x40E8, 0x4108, 0x7B0D, 0xDDF4, 0xED2D, 0xEC08, 0xEC08, 0xEC08, 0xEC28, 0xEC28, 0xE449, 0xFF5B,
    0xAB8D, 0x71CA, 0x6989, 0x82ED, 0xFF7A, 0xEC28, 0xEC08, 0xEC08, 0xEC08, 0xEC08, 0xEC08, 0xD42B,
    0xF75C, 0x826B, 0x5948, 0x5948, 0x5948, 0x6149, 0x82ED, 0xFF99, 0xEC69, 0xEC49, 0xEC49, 0xEC49,
    0xEC49, 0xEC29, 0xDD0D, 0xF73B, 0x824A, 0x71CA, 0x7A6B, 0xFF9C, 0xECCB, 0xEC28, 0xEC48, 0xEC28,
    0xEC29, 0xEC48, 0xEC48, 0xEE76, 0xC575, 0x6989, 0x5948, 0x5148, 0x5948, 0x6A6B, 0xF79B, 0xECEC,
    0xEC49, 0xEC49, 0xEC29, 0xEC49, 0xEC48, 0xE428, 0xEED8, 0xC535, 0x69CA, 0x69AA, 0xA472, 0xF6B5,
    0xEBE8, 0xEC09, 0xEC09, 0xEC09, 0xEC09, 0xEC09, 0xEC09, 0xEC29, 0xEC29, 0xF428, 0xF408, 0xF408,
    0xEC08, 0xEC08, 0xF408, 0xF428, 0xF428, 0xF428, 0xEC28, 0xEC49, 0xDD2E, 0xE6DA, 0x6189, 0x5149,
    0x72CC, 0xFF7B, 0xE3E9, 0xEBA8, 0xEB88, 0xEB87, 0xE387, 0xEB87, 0xE367, 0xDD31, 0xE698, 0x69A9,
    0x28C8, 0x28A7, 0x2087, 0x20CC, 0x2992, 0x2992, 0x31B3, 0x31B3, 0x29B3, 0x29D3, 0x31D3, 0x31D3,
    0x31D3, 0x31D3, 0x31D3, 0x31D3, 0x31D3, 0x31D4, 0x31D4, 0x31F4, 0x31F4, 0x31F5, 0x31F5, 0x5A96,
    0x29D3, 0x29D3, 0x29D3, 0x29D3, 0x29D3, 0x29D4, 0x29D4, 0x31F4, 0x29F3, 0x31F3, 0x31F4, 0x31F4,
    0x31F4, 0x39F2, 0x20C8, 0x2086, 0x2066, 0x524A, 0xFF59, 0xDB88, 0xE347, 0xE347, 0xE347, 0xE347,
    0xE347, 0xE347, 0xE347, 0xD4AE, 0xF75D, 0x7A6B, 0xB2E7, 0x38E6, 0x28A7, 0x28A7, 0x30E7, 0x51C8,
    0xE6D7, 0xE42A, 0xE327, 0xE347, 0xE347, 0xE347, 0xE347, 0xE347, 0xDB27, 0xEE98, 0xBD15, 0x9370,
    0x93D0, 0xF75A, 0xE3E9, 0xE367, 0xE367, 0xE367, 0xE367, 0xE367, 0xE367, 0xE367, 0xE592, 0xDE15,
    0xBCF3, 0x5988, 0x30E8, 0x30C8, 0x28C9, 0x39D2, 0x31D3, 0x39F3, 0x3A14, 0x3A14, 0x3A14, 0x3A14,
    0x3A14, 0x3A14, 0x3A14, 0x3A14, 0x39D1, 0x28A7, 0x30C8, 0x38E8, 0xAD14, 0xF675, 0xE387, 0xEBA8,
    0xE387, 0xE387, 0xE387, 0xEBA7, 0xE387, 0xD46D, 0xF73B, 0xA2A9, 0x4908, 0x40E8, 0x392B, 0x4A35,
    0x4A55, 0x4A55, 0x41AE, 0x498C, 0x51AC, 0x51AC, 0x51AC, 0x498C, 0x498B, 0x498C, 0x518C, 0x4928,
    0x4928, 0x4948, 0xDE98, 0xED4E, 0xEC08, 0xE408, 0xE408, 0xE408, 0xE408, 0xEC07, 0xDC2A, 0xF73A,
    0x9B2C, 0x71A9, 0x69E9, 0x93EF, 0xF695, 0xE3C8, 0xE3E8, 0xE3E8, 0xEC08, 0xEBE8, 0xE408, 0xD48C,
    0xF73B, 0x824A, 0x6189, 0x5968, 0x6148, 0x6989, 0x9BCE, 0xF716, 0xE448, 0xE408, 0xE408, 0xE408,
    0xE408, 0xE408, 0xDD0E, 0xEF1B, 0x822A, 0x71C9, 0x724A, 0xF75B, 0xE48A, 0xE408, 0xE408, 0xE408,
    0xE408, 0xE408, 0xE408, 0xEE77, 0xBD35, 0x69A9, 0x5969, 0x5948, 0x5948, 0x728B, 0xF77A, 0xE48B,
    0xE408, 0xE408, 0xE408, 0xE408, 0xE3E8, 0xDD4F, 0xD594, 0x9BAF, 0x71C9, 0x82CC, 0xC571, 0xEDB0,
    0xE3A7, 0xEBA8, 0xEBA8, 0xEBA8, 0xEBA8, 0xEBC8, 0xE44A, 0xE44A, 0xE42A, 0xE42A, 0xE44A, 0xE44A,
    0xE44A, 0xE44A, 0xE44A, 0xE44A, 0xE44A, 0xE46A, 0xE46A, 0xE5D2, 0xCDB5, 0x8AEE, 0x5149, 0x4908,
    0x72AB, 0xFF5A, 0xDBC9, 0xEB88, 0xE367, 0xE367, 0xE367, 0xE367, 0xE367, 0xDD51, 0xE698, 0x69A8,
    0x28C8, 0x28A9, 0x39B1, 0x31B3, 0x31D4, 0x31D4, 0x31D4, 0x31D4, 0x31D4, 0x31F4, 0x31F4, 0x31F4,
    0x31F4, 0x31F4, 0x31F4, 0x31F4, 0x31F4, 0x31F5, 0x31F5, 0x31F5, 0x41F5, 0x8316, 0x8B17, 0x8B57,
    0x29F4, 0x29F4, 0x2A14, 0x2A15, 0x2A15, 0x3215, 0x3215, 0x3215, 0x3215, 0x3214, 0x3214, 0x3215,
    0x3A12, 0x18A7, 0x20A6, 0x20A6, 0x734E, 0xDE56, 0xE48B, 0xE3E7, 0xE3C7, 0xE3C7, 0xE3C7, 0xEBC7,
    0xEBC7, 0xEBC7, 0xDCAD, 0xE6BA, 0x9BF1, 0x9A88, 0x9288, 0x38E7, 0x28C7, 0x30C7, 0x4188, 0xEF19,
    0xE4CC, 0xE3C7, 0xEBC7, 0xEBC7, 0xEBC7, 0xEBC7, 0xEBC7, 0xEBC7, 0xE3C8, 0xF71A, 0xAC11, 0x6189,
    0x620A, 0xF75A, 0xE429, 0xEBC7, 0xEBC7, 0xE3C7, 0xE3A7, 0xE3A7, 0xE3C7, 0xEBC7, 0xE3E8, 0xD4EE,
    0xEEDA, 0x69E9, 0x38E9, 0x38E8, 0x28C9, 0x39F3, 0x3A14, 0x3A34, 0x3A35, 0x4255, 0x4255, 0x4255,
    0x4255, 0x4255, 0x4275, 0x39CF, 0x312A, 0x28A7, 0x30E7, 0xA4B2, 0xD570, 0xECEC, 0xEC07, 0xEC08,
    0xEC08, 0xEC08, 0xEC28, 0xEC28, 0xE449, 0xF6F9, 0xC490, 0x79E9, 0x4949, 0x4909, 0x416D, 0x4A76,
    0x4A54, 0x518C, 0x5149, 0x5968, 0x5988, 0x6189, 0x6188, 0x6168, 0x6168, 0x6188, 0x6188, 0x5968,
    0x5168, 0x5188, 0xE6B9, 0xED8D, 0xEC88, 0xEC88, 0xEC88, 0xEC88, 0xECA8, 0xE4AA, 0xF718, 0xB430,
    0x8A29, 0x79C9, 0x934D, 0xFF7A, 0xE4EA, 0xEC88, 0xEC88, 0xEC88, 0xEC88, 0xEC88, 0xE52D, 0xF73A,
    0xAB2A, 0x79E9, 0x69A9, 0x6988, 0x6988, 0x9B8E, 0xF738, 0xED0A, 0xECA8, 0xECA8, 0xEC88, 0xEC88,
    0xECA8, 0xE54E, 0xE698, 0xA3AE, 0x7A09, 0x7A69, 0xD5F4, 0xEDEF, 0xECE9, 0xECA8, 0xECA8, 0xECA8,
    0xECA8, 0xE4A8, 0xEE34, 0xCD33, 0x8A6A, 0x6989, 0x6168, 0x6168, 0x69E9, 0xDE15, 0xEDEE, 0xE4E9,
    0xECC9, 0xECC9, 0xECC8, 0xECE9, 0xE4A9, 0xEEB7, 0xBC30, 0x79C8, 0x71A9, 0xB4B2, 0xF693, 0xEC68,
    0xEC48, 0xEC48, 0xEC48, 0xEC68, 0xEC68, 0xE48A, 0xF75A, 0xEEBA, 0xEEBA, 0xE69A, 0xE699, 0xE699,
    0xE699, 0xE699, 0xE699, 0xE699, 0xE699, 0xE699, 0xE699, 0xE69A, 0xB4B4, 0x5989, 0x5949, 0x7B0D,
    0xDE34, 0xED6D, 0xEC68, 0xEC28, 0xEC27, 0xEC07, 0xEC07, 0xE3E7, 0xDD2F, 0xD638, 0x728D, 0x4109,
    0x30C8, 0x28A9, 0x39F3, 0x3A15, 0x3A15, 0x3A15, 0x3A15, 0x3A15, 0x3A15, 0x3A15, 0x3A15, 0x3A15,
    0x3A35, 0x3A35, 0x3A15, 0x3215, 0x31F5, 0x39F5, 0x82F7, 0x9B37, 0x9357, 0x62B7, 0x62B7, 0x5296,
    0x2A14, 0x2A15, 0x2A15, 0x2A15, 0x3215, 0x3215, 0x3215, 0x3215, 0x3215, 0x3214, 0x3214, 0x3215,
    0x31F1, 0x1886, 0x20A6, 0x28A7, 0x8C30, 0xF738, 0xEC68, 0xEC88, 0xEC67, 0xEC67, 0xEC67, 0xEC67,
    0xEC67, 0xEC68, 0xE570, 0xE6DB, 0x8A6B, 0xAAC8, 0x28A6, 0x28A7, 0x28C7, 0x30E7, 0x49A9, 0xF75A,
    0xECEB, 0xEC67, 0xEC88, 0xEC88, 0xEC88, 0xEC88, 0xEC88, 0xEC88, 0xE449, 0xF73B, 0xA3F0, 0x6189,
    0x620B, 0xDEDA, 0xE697, 0xED6D, 0xEC47, 0xEC47, 0xEC48, 0xEC48, 0xEC48, 0xEC68, 0xEC68, 0xE570,
    0xEED9, 0x82CC, 0x518A, 0x3929, 0x38E8, 0x396C, 0x4254, 0x4255, 0x4255, 0x4255, 0x4255, 0x4275,
    0x4275, 0x4255, 0x4255, 0x314C, 0x28A7, 0x30C8, 0x3907, 0xDEB9, 0xEDAE, 0xEC87, 0xECA8, 0xECC8,
    0xECC8, 0xF4C8, 0xF4E8, 0xF4E8, 0xE4EB, 0xFF9C, 0xC3CB, 0x61A8, 0x5149, 0x5149, 0x496B, 0x59CE,
    0x59CD, 0x5148, 0x5148, 0xA492, 0xE6D8, 0xE6B7, 0xE6B7, 0xE697, 0xE6B7, 0xE6D8, 0xE699, 0x722A,
    0x6989, 0x61C9, 0xEF1A, 0xEDEE, 0xED29, 0xED29, 0xED29, 0xED28, 0xED28, 0xE52B, 0xFF7B, 0xAB8D,
    0x8229, 0x81E9, 0x9B8E, 0xFF9A, 0xED6A, 0xF549, 0xF549, 0xED49, 0xF549, 0xF549, 0xEDAE, 0xF75B,
    0xA2C9, 0x8209, 0x79C9, 0x79C8, 0x79C8, 0xA3EF, 0xFF58, 0xED69, 0xED69, 0xED49, 0xED49, 0xED49,
    0xED29, 0xEDF0, 0xEF3B, 0x928A, 0x824A, 0x8B0C, 0xF77A, 0xEDCB, 0xF589, 0xF589, 0xF589, 0xED89,
    0xF589, 0xF56A, 0xF6F7, 0xD554, 0x8A6A, 0x71E9, 0x69A9, 0x69A8, 0x828A, 0xF779, 0xF5EA, 0xF5CA,
    0xF5CA, 0xF5CA, 0xF5A9, 0xF5A9, 0xED6A, 0xF718, 0xC491, 0x822A, 0x79E9, 0xBD14, 0xF6F4, 0xED29,
    0xF529, 0xED08, 0xF509, 0xF509, 0xF509, 0xE54C, 0xF71A, 0xA2CB, 0x924B, 0x8A2A, 0x8A0A, 0x8209,
    0x8209, 0x81E9, 0x820A, 0x820A, 0x820A, 0x820A, 0x8209, 0x79E9, 0x69CA, 0x5969, 0x5969, 0x93F0,
    0xFF58, 0xED29, 0xF508, 0xF4E8, 0xF4E8, 0xECC8, 0xECC8, 0xECA8, 0xE5D2, 0xDE7A, 0x516A, 0x30E9,
    0x30C8, 0x20A8, 0x39F4, 0x3A15, 0x3A15, 0x3A15, 0x3A15, 0x3A15, 0x3A15, 0x3A35, 0x3A35, 0x3A36,
    0x3A36, 0x3A36, 0x3A15, 0x5235, 0x9B78, 0x9BB9, 0x7B38, 0x5A97, 0x5A97, 0x3A36, 0x3A15, 0x3A35,
    0x2A15, 0x3215, 0x3215, 0x3215, 0x3215, 0x3215, 0x3215, 0x3235, 0x3235, 0x3235, 0x3234, 0x3235,
    0x31D1, 0x1886, 0x20A6, 0x20A7, 0x9472, 0xF717, 0xE4E8, 0xED08, 0xED08, 0xED28, 0xF528, 0xED28,
    0xED28, 0xF508, 0xEE13, 0xE6DB, 0x8A6A, 0xB2E9, 0x30A6, 0x28C7, 0x30C7, 0x30E8, 0x520B, 0xF79B,
    0xED6B, 0xF528, 0xF548, 0xF548, 0xF549, 0xF548, 0xF528, 0xED28, 0xE50C, 0xF75B, 0x9B8F, 0x5168,
    0x4949, 0x5169, 0xC5F7, 0xF64F, 0xF508, 0xF528, 0xF508, 0xF508, 0xF509, 0xF508, 0xF4E9, 0xED2B,
    0xEE32, 0xF77C, 0xA3AE, 0x4929, 0x38E8, 0x30C8, 0x290B, 0x4254, 0x4255, 0x4275, 0x4275, 0x4275,
    0x4275, 0x4275, 0x4256, 0x312B, 0x28A7, 0x38E8, 0x4169, 0xEF1B, 0xEDEE, 0xF548, 0xF569, 0xF569,
    0xED49, 0xED49, 0xED69, 0xF569, 0xE54C, 0xF79C, 0xC3CA, 0x69C9, 0x6189, 0x5988, 0x5988, 0x6188,
    0x6188, 0x61A9, 0x6A2A, 0xC5D5, 0xEE0F, 0xED4A, 0xF56A, 0xED6A, 0xED6A, 0xEE11, 0xF73C, 0x826B,
    0x7A09, 0x722A, 0xEF19, 0xF64E, 0xF5CA, 0xF5EA, 0xF5CA, 0xEDC9, 0xEDC9, 0xE58C, 0xFF9C, 0xABAD,
    0x9249, 0x8A49, 0xB4B1, 0xFF56, 0xEDEA, 0xF5E9, 0xF5EA, 0xF5EA, 0xF60A, 0xF5EA, 0xEE50, 0xF719,
    0xAAC9, 0x9249, 0x8A28, 0x8A08, 0x9207, 0xB450, 0xFF57, 0xEDEA, 0xEDEA, 0xF60A, 0xF60A, 0xF5EA,
    0xF5EA, 0xEE72, 0xEF3C, 0x9ACA, 0x926A, 0x9B6D, 0xFF9A, 0xF64B, 0xF64A, 0xF64A, 0xF64A, 0xF64A,
    0xF64A, 0xF5EA, 0xF717, 0xCD13, 0x8A69, 0x7A09, 0x71E9, 0x79E8, 0x934C, 0xFF9A, 0xF66B, 0xF64A,
    0xF64A, 0xF64A, 0xF64A, 0xF64A, 0xF5EB, 0xF739, 0xBC50, 0x8A29, 0x824A, 0xC594, 0xF6F2, 0xF5EA,
    0xF5C9, 0xF5C9, 0xF5C9, 0xF5C9, 0xF5A9, 0xE5EF, 0xF71A, 0x928A, 0x69A9, 0x6189, 0x6189, 0x6169,
    0x6169, 0x5969, 0x5969, 0x5969, 0x5969, 0x5968, 0x5968, 0x5949, 0x5949, 0x5949, 0x5969, 0x9C31,
    0xFF37, 0xED89, 0xF589, 0xF5A9, 0xF589, 0xF5A9, 0xF5A9, 0xF569, 0xEE53, 0xDE9A, 0x494A, 0x30C8,
    0x30A8, 0x20A8, 0x39F4, 0x3A15, 0x3A35, 0x3A35, 0x3A35, 0x3A35, 0x3A36, 0x3A36, 0x3A36, 0x4236,
    0x4236, 0x8B37, 0x9B78, 0x9399, 0x5296, 0x5AB7, 0x4256, 0x3A36, 0x3A36, 0x3A15, 0x3A15, 0x3A15,
    0x3215, 0x3215, 0x3235, 0x3235, 0x3235, 0x3235, 0x3235, 0x3235, 0x3235, 0x3235, 0x3235, 0x3235,
    0x31D0, 0x1885, 0x20A7, 0x28C6, 0x9CB2, 0xF736, 0xEDA9, 0xF5C9, 0xF5C9, 0xF5C9, 0xF5E9, 0xF5E9,
    0xF5E9, 0xEDA9, 0xEE94, 0xDE9B, 0x9249, 0xB309, 0x30E7, 0x30C7, 0x30E8, 0x4148, 0x7B4E, 0xF778,
    0xF60A, 0xF5E9, 0xF609, 0xF5E9, 0xF5E9, 0xF5E9, 0xF5C9, 0xE5AA, 0xF77A, 0xABCE, 0x79E9, 0x4108,
    0x4129, 0x4928, 0xCE18, 0xEEB3, 0xEE0C, 0xF5C9, 0xF5C9, 0xF5A9, 0xF5A9, 0xF5A9, 0xF5A9, 0xF589,
    0xED6A, 0xF77B, 0xB3EE, 0x5969, 0x4129, 0x38E8, 0x310B, 0x4255, 0x4255, 0x4A75, 0x4A75, 0x4A75,
    0x4275, 0x4276, 0x4276, 0x312A, 0x28A7, 0x3909, 0x49AA, 0xF77C, 0xF64D, 0xF609, 0xF609, 0xF60A,
    0xF5E9, 0xF5E9, 0xF5E9, 0xF5E9, 0xE5ED, 0xFF9A, 0xC40C, 0x8AAB, 0x826A, 0x7A49, 0x824A, 0x826A,
    0x826A, 0x9BAD, 0xF757, 0xF734, 0xF66C, 0xF5E9, 0xF60A, 0xF60A, 0xEDEA, 0xEE93, 0xEF1B, 0x8A4A,
    0x8AEC, 0xE6FA, 0xF6CF, 0xF66A, 0xF66A, 0xF66A, 0xF66A, 0xF66A, 0xF66A, 0xEE2E, 0xFF9C, 0xAB6C,
    0x9269, 0x92EB, 0xFF79, 0xEE8C, 0xF68A, 0xF68A, 0xF68B, 0xF68B, 0xF68B, 0xF66A, 0xF6F3, 0xF6F9,
    0xBB6A, 0xB32A, 0xAB0A, 0xAB09, 0xBC2E, 0xDE53, 0xFF52, 0xF68B, 0xFE8B, 0xFE8B, 0xFE8B, 0xF68B,
    0xF68B, 0xF6B4, 0xEF1B, 0x9AA9, 0x9289, 0x9B6C, 0xFF99, 0xF6AB, 0xF6CA, 0xF6CB, 0xF6CB, 0xF6CB,
    0xF6CB, 0xEE6B, 0xF738, 0xCD33, 0x92AA, 0x8229, 0x8229, 0x8A28, 0xABED, 0xFFB9, 0xF6CC, 0xFECB,
    0xFECB, 0xFEAB, 0xF6AB, 0xF6CB, 0xF6AE, 0xEE97, 0xB3CE, 0x8A6A, 0xAC30, 0xF736, 0xF68B, 0xF68A,
    0xF68A, 0xF66A, 0xF66A, 0xF66A, 0xF64A, 0xEE71, 0xEEF9, 0x9269, 0x79C9, 0x71C9, 0x71A9, 0x6988,
    0x6968, 0x6968, 0x6989, 0x6989, 0x6968, 0x6968, 0x6168, 0x6168, 0x6149, 0x6169, 0x6989, 0xAC51,
    0xF736, 0xEE09, 0xF629, 0xF629, 0xF629, 0xF629, 0xF64A, 0xF60A, 0xEEB4, 0xDE7A, 0x4929, 0x30E8,
    0x30C8, 0x28A9, 0x4235, 0x4236, 0x4236, 0x4236, 0x3A36, 0x3A36, 0x3A16, 0x3A15, 0x5235, 0xA399,
    0xA399, 0x62D8, 0x4A56, 0x4256, 0x3A35, 0x3A36, 0x3A36, 0x3A16, 0x3A15, 0x3215, 0x3215, 0x3215,
    0x3215, 0x3235, 0x3235, 0x3235, 0x3235, 0x3235, 0x3235, 0x3235, 0x3235, 0x3235, 0x3235, 0x3234,
    0x31B0, 0x2086, 0x20C7, 0x734E, 0xE6D5, 0xEE6C, 0xF66A, 0xF68A, 0xF66A, 0xF66A, 0xF66A, 0xF66A,
    0xF66A, 0xEE6F, 0xEF3B, 0xBC71, 0x9248, 0x826A, 0x30E7, 0x30E8, 0x3908, 0x5A2A, 0xF799, 0xEE6B,
    0xF68A, 0xF68A, 0xF68A, 0xF68A, 0xF68A, 0xF68A, 0xF68A, 0xEE2D, 0xFF9C, 0xAB6D, 0x71C9, 0x4108,
    0x4128, 0x4949, 0x6A6D, 0xA4B3, 0xFF54, 0xF64A, 0xF66A, 0xF66A, 0xF64A, 0xF64A, 0xF64A, 0xF64A,
    0xEE0B, 0xF757, 0xDE56, 0xB451, 0x69EA, 0x4949, 0x414B, 0x4212, 0x4255, 0x4A75, 0x4A75, 0x4A75,
    0x4A75, 0x4A76, 0x4A96, 0x310A, 0x30A7, 0x38E9, 0x51EB, 0xF79B, 0xF68C, 0xF68A, 0xF68A, 0xFEAA,
    0xF68A, 0xF68A, 0xF68A, 0xF68A, 0xF68A, 0xEEAF, 0xFF98, 0xFF99, 0xF758, 0xF738, 0xF758, 0xF758,
    0xF758, 0xF758, 0xF6F1, 0xF66A, 0xF68A, 0xFE8B, 0xF68A, 0xF68A, 0xEE4B, 0xF717, 0xD5B6, 0x8A6A,
    0x9B4D, 0xFFBC, 0xF6EE, 0xF6EB, 0xFEEB, 0xFEEB, 0xFEEB, 0xF6EB, 0xF6EE, 0xF758, 0xDD52, 0xAB2A,
    0x9AAA, 0xA38D, 0xFFBA, 0xF6ED, 0xF70B, 0xF6EB, 0xF6EB, 0xFF0B, 0xF70C, 0xFF0C, 0xF730, 0xF759,
    0xEEB7, 0xEE97, 0xEE97, 0xEE97, 0xEF19, 0xFF73, 0xF6EB, 0xFF0C, 0xFF0C, 0xFF0C, 0xFF0C, 0xFF0C,
    0xF6F0, 0xEEF8, 0xB3AC, 0xA2C9, 0xA36C, 0xEF18, 0xF74F, 0xFF2C, 0xFF2C, 0xFF2C, 0xFF2C, 0xFF2C,
    0xF70D, 0xF755, 0xEE33, 0xC42E, 0x9ACA, 0x8A69, 0x8A49, 0x9A88, 0xCC8D, 0xE6D6, 0xE66E, 0xE66E,
    0xE66E, 0xE66D, 0xE68E, 0xE6AE, 0xEF34, 0xCCCF, 0xAB0A, 0x9A8A, 0xB4B1, 0xFF96, 0xFEEB, 0xFEEB,
    0xFEEB, 0xFECB, 0xFEEB, 0xFEEB, 0xFEEB, 0xF6AC, 0xF736, 0xE6D8, 0xE6D8, 0xE6D8, 0xE6B8, 0xE6B8,
    0xE698, 0xE6B8, 0xE6B8, 0xE6B8, 0xE6B8, 0xE6B8, 0xE6D9, 0xC514, 0x79A9, 0x71A9, 0x938F, 0xD633,
    0xF72F, 0xF6CA, 0xF6CA, 0xF6CA, 0xF6CA, 0xF6CA, 0xF6CA, 0xF6D0, 0xE636, 0xAC33, 0x4929, 0x38E8,
    0x30EA, 0x294E, 0x4235, 0x4236, 0x4237, 0x4256, 0x5A77, 0x5A76, 0x8B78, 0xB41A, 0xA41B, 0x4A56,
    0x4236, 0x3A36, 0x3A16, 0x3A15, 0x3A36, 0x3A16, 0x3A15, 0x3A15, 0x3A15, 0x3215, 0x3215, 0x3215,
    0x3235, 0x3236, 0x3236, 0x3235, 0x3235, 0x3235, 0x3235, 0x3235, 0x3235, 0x3236, 0x3A33, 0x20C8,
    0x20C7, 0x28C7, 0x28E8, 0x8C31, 0xF774, 0xF6AA, 0xF6EB, 0xF6EB, 0xF6EB, 0xF6EB, 0xF6EB, 0xF6EB,
    0xF6CB, 0xEED2, 0xEF1B, 0xAAC8, 0x8249, 0x3908, 0x3908, 0x3908, 0x4108, 0x628C, 0xFF99, 0xF6CB,
    0xFF0B, 0xF70B, 0xFF0B, 0xF70B, 0xF70B, 0xFF0B, 0xFF0B, 0xEED0, 0xFF9D, 0xB36C, 0x71C9, 0x3908,
    0x3908, 0x4128, 0x5169, 0x9C93, 0xF775, 0xF6AC, 0xF6CB, 0xF6CB, 0xF6CB, 0xFEEB, 0xFEEB, 0xFEEB,
    0xF6CB, 0xEE8B, 0xF737, 0xDD54, 0x822A, 0x596A, 0x5129, 0x4109, 0x4A12, 0x4A75, 0x4A75, 0x4A75,
    0x4A75, 0x4A76, 0x4A76, 0x290A, 0x30C7, 0x3909, 0x628E, 0xFFDC, 0xF733, 0xF730, 0xF6EB, 0xFEEB,
    0xFEEB, 0xFEEB, 0xFEEB, 0xF70B, 0xFF0B, 0xFEEB, 0xF6EB, 0xF6CB, 0xF6AB, 0xF6AB, 0xF6AB, 0xF6AB,
    0xF6AB, 0xF6AB, 0xF6CB, 0xF6EB, 0xFEEB, 0xF6EB, 0xFEEB, 0xFF0C, 0xF6EE, 0xF77B, 0xA32B, 0x9ACB,
    0xA3CE, 0xFFDC, 0xF72E, 0xFF4C, 0xFF4C, 0xFF4C, 0xFF2C, 0xF72C, 0xF710, 0xFF7B, 0xC3EB, 0xAB0A,
    0xA30A, 0xAC0E, 0xFFDA, 0xF70D, 0xFF2C, 0xFF2C, 0xFF2C, 0xFF4C, 0xFF4C, 0xFF4C, 0xF72C, 0xF72E,
    0xF74F, 0xFF4F, 0xFF4F, 0xFF4F, 0xF74F, 0xFF2D, 0xFF2C, 0xFF2C, 0xFF4D, 0xFF4D, 0xFF4D, 0xFF4D,
    0xF753, 0xF71A, 0xBB8B, 0xB32A, 0xB40E, 0xFFDA, 0xFF6E, 0xFF8D, 0xFF8D, 0xFF6E, 0xFF6E, 0xFF6D,
    0xFF4F, 0xFFBA, 0xEDB0, 0xC3EC, 0xA30B, 0x9ACA, 0x9AC9, 0x8AC9, 0x9BCD, 0x3928, 0x3907, 0x3907,
    0x3107, 0x3107, 0x3127, 0x3947, 0x6B0C, 0xB42D, 0xA34A, 0xA36A, 0xBCF0, 0xFF94, 0xFF0C, 0xFF0B,
    0xFF0B, 0xFF0C, 0xFF2C, 0xFF2C, 0xFF2C, 0xFF2C, 0xFF0D, 0xF70D, 0xF70D, 0xF70D, 0xF6ED, 0xF6ED,
    0xF6ED, 0xF6ED, 0xF6ED, 0xF6ED, 0xF6ED, 0xF6ED, 0xF756, 0xDDB6, 0x8A4A, 0x8209, 0xC555, 0xFFB5,
    0xF72B, 0xFF4C, 0xFF4C, 0xFF4B, 0xF72B, 0xF72B, 0xF6EB, 0xF715, 0xDDB6, 0x820A, 0x412A, 0x38E8,
    0x310C, 0x39F5, 0x4216, 0x5256, 0x6297, 0x6AB7, 0x9378, 0x9B79, 0x6AF8, 0x4236, 0x4256, 0x3A36,
    0x3A36, 0x3A36, 0x3A15, 0x3A15, 0x3A16, 0x3A16, 0x3A36, 0x3A16, 0x3A16, 0x3A35, 0x3A35, 0x3A36,
    0x3236, 0x3236, 0x3236, 0x3236, 0x3235, 0x3235, 0x3235, 0x3235, 0x3235, 0x31D0, 0x296B, 0x1886,
    0x20A6, 0x3989, 0x4A0A, 0xA513, 0xFF93, 0xFF0B, 0xFF4C, 0xFF2B, 0xFF2C, 0xFF2C, 0xFF4C, 0xFF4C,
    0xFF2C, 0xF735, 0xEEDA, 0xB328, 0x8A48, 0x4908, 0x3909, 0x4169, 0x5A0A, 0x83CF, 0xFFB7, 0xFF2C,
    0xFF4B, 0xFF4B, 0xFF4B, 0xFF4C, 0xFF4C, 0xFF6C, 0xFF4C, 0xF754, 0xF73B, 0xBB4B, 0x71C9, 0x4129,
    0x3908, 0x3908, 0x4148, 0x834F, 0xBD75, 0xFFB8, 0xF70C, 0xFF0C, 0xFF2C, 0xFF2C, 0xFF2C, 0xFF2C,
    0xFF2C, 0xF70C, 0xF777, 0xDDD4, 0xB3AC, 0x92AB, 0x61AA, 0x514A, 0x4129, 0x4A32, 0x5276, 0x5276,
    0x4A76, 0x4A76, 0x4A75, 0x28E9, 0x28A7, 0x30C8, 0x59C9, 0xA433, 0xACB5, 0xF79B, 0xF750, 0xFF2C,
    0xFF2C, 0xFF2C, 0xFF2C, 0xFF2C, 0xFF4C, 0xFF4C, 0xFF2C, 0xFF2C, 0xFF2B, 0xFF2B, 0xF72C, 0xF72C,
    0xF72C, 0xFF2C, 0xFF2C, 0xFF2C, 0xFF2C, 0xFF2C, 0xFF2C, 0xF72E, 0xF731, 0xF77B, 0xA30B, 0xA2CA,
    0xB430, 0xFFDB, 0xF76E, 0xFF6D, 0xFF6E, 0xFF6E, 0xFF6E, 0xFF6D, 0xF772, 0xFF9B, 0xCC4C, 0xBBAA,
    0xB32B, 0xB40F, 0xF73A, 0xF776, 0xF76F, 0xFF6D, 0xFF6D, 0xFF6D, 0xFF6D, 0xFF6D, 0xFF6D, 0xFF6D,
    0xFF6D, 0xFF6D, 0xFF6D, 0xFF6E, 0xFF6E, 0xFF6E, 0xFF6E, 0xFF6E, 0xFF6E, 0xFF6E, 0xFF6F, 0xFF94,
    0xF757, 0xF6D9, 0xC3CB, 0xBB6A, 0xC4B0, 0xFFFA, 0xFFAF, 0xFFAE, 0xFFAF, 0xFFAF, 0xFFAF, 0xFF8F,
    0xFF71, 0xFFBB, 0xED8F, 0xC3EC, 0xAB4A, 0xA34B, 0x724A, 0x82EA, 0x7A8A, 0x82CC, 0x726C, 0x726B,
    0x6A6B, 0x6A6B, 0x6A6B, 0x7A8B, 0x51EA, 0x3109, 0x3108, 0x30E8, 0x3988, 0xB54F, 0xBD6D, 0xBD4C,
    0xDE6C, 0xF72C, 0xFF2C, 0xFF4C, 0xFF2C, 0xFF2C, 0xFF2C, 0xFF2C, 0xFF2C, 0xFF0C, 0xFF0C, 0xFF0C,
    0xFF0B, 0xFF0B, 0xFF0B, 0xFF0B, 0xFF0B, 0xF6EC, 0xF777, 0xDD96, 0x9A8B, 0x8A4A, 0xCDB6, 0xFFB4,
    0xFF4C, 0xFF6D, 0xFF6D, 0xFF6C, 0xFF6C, 0xFF6D, 0xF74C, 0xF756, 0xDDD5, 0x8229, 0x4929, 0x38E8,
    0x310C, 0x5A55, 0x7296, 0x8318, 0x9379, 0x8359, 0x4A57, 0x4236, 0x4236, 0x4236, 0x4235, 0x4235,
    0x3A15, 0x3A15, 0x3A15, 0x3A15, 0x3A16, 0x3A16, 0x3A36, 0x3A36, 0x3A36, 0x3A36, 0x3A36, 0x3A36,
    0x3256, 0x3236, 0x3236, 0x3236, 0x3236, 0x3236, 0x3235, 0x3235, 0x3215, 0x292B, 0x1886, 0x20A7,
    0x2907, 0xCE57, 0xF755, 0xF771, 0xFF4C, 0xFF4C, 0xFF4C, 0xFF6C, 0xFF6C, 0xFF6C, 0xFF6D, 0xFF6D,
    0xFF6C, 0xF752, 0xFF77, 0xF739, 0xD4F1, 0xA309, 0x4149, 0x8390, 0xF7B9, 0xF772, 0xFF8F, 0xFF6C,
    0xFF6C, 0xFF6C, 0xFF6C, 0xFF6C, 0xFF6C, 0xFF6D, 0xFF6C, 0xFF73, 0xEEF7, 0xDD52, 0xB38A, 0x5149,
    0x3908, 0x38E8, 0x3928, 0x5169, 0x832E, 0xFFDA, 0xF72D, 0xFF4C, 0xFF4D, 0xFF4D, 0xFF6D, 0xFF6D,
    0xFF6D, 0xFF6D, 0xF74F, 0xFF96, 0xF79B, 0xDDB3, 0x9A8A, 0x618A, 0x4929, 0x4109, 0x4A54, 0x5276,
    0x5276, 0x5276, 0x5275, 0x28E9, 0x28A7, 0x30C7, 0x61A9, 0x6A0A, 0x7ACE, 0xBD57, 0xD658, 0xFFB5,
    0xF74E, 0xFF4D, 0xFF4C, 0xFF4D, 0xFF6D, 0xFF6D, 0xFF4D, 0xFF4D, 0xFF4C, 0xFF4C, 0xFF4C, 0xFF4D,
    0xFF4D, 0xFF4D, 0xFF4D, 0xFF4D, 0xFF4D, 0xFF4E, 0xF74F, 0xF799, 0xE636, 0xD575, 0x9ACA, 0x9AA9,
    0xB471, 0xFFDA, 0xFF6E, 0xFF8E, 0xFF8E, 0xFF8E, 0xFF8E, 0xFF8E, 0xFF71, 0xFFB9, 0xF759, 0xE56E,
    0xBB6A, 0xB34A, 0xBBAB, 0xEEFA, 0xF77A, 0xF771, 0xFF6E, 0xFF8E, 0xFF8E, 0xFF8E, 0xFF8E, 0xFF8E,
    0xFF8F, 0xFFAF, 0xFFB0, 0xFFB0, 0xFFB0, 0xFFB0, 0xFFB0, 0xFFB0, 0xFFB0, 0xFF92, 0xFF95, 0xFFBB,
    0xE571, 0xCBEB, 0xBB6A, 0xBB6A, 0xCD32, 0xFFD9, 0xFFB0, 0xFFD0, 0xFFD1, 0xFFB1, 0xFFD1, 0xFFB0,
    0xFF93, 0xFFBB, 0xED6F, 0xCC0C, 0xA36C, 0x726A, 0xA3AA, 0xA34B, 0x7A69, 0x69A8, 0x6147, 0x6947,
    0x7168, 0x6189, 0x418A, 0x49CB, 0x51CB, 0x51CA, 0x49AA, 0x51AA, 0x49AA, 0x3109, 0x3108, 0x3107,
    0x6AC9, 0x944C, 0x9C4C, 0xACCB, 0xFF4D, 0xFF4D, 0xFF4C, 0xFF4D, 0xFF2C, 0xFF2C, 0xFF2C, 0xFF4C,
    0xFF2C, 0xFF4C, 0xFF4C, 0xFF4C, 0xF72E, 0xF732, 0xF79A, 0xCD34, 0x926A, 0x8A4A, 0xD617, 0xFF93,
    0xF76D, 0xFF8D, 0xFF8D, 0xFF8D, 0xFF8D, 0xFF8D, 0xFF6D, 0xF777, 0xE5F5, 0x928A, 0x494A, 0x3909,
    0x28C9, 0x6A95, 0x8B38, 0x62D8, 0x4257, 0x4A56, 0x4A56, 0x4236, 0x4236, 0x4216, 0x3A15, 0x3A35,
    0x3A36, 0x3A16, 0x3A15, 0x3A15, 0x3A16, 0x3A16, 0x3A36, 0x3A36, 0x3A16, 0x3A36, 0x3A36, 0x3A36,
    0x3236, 0x3A36, 0x3A36, 0x3A36, 0x3A36, 0x3A36, 0x3A35, 0x3A35, 0x3A35, 0x292B, 0x1886, 0x20C7,
    0x49EA, 0xFFBA, 0xF6CC, 0xF6EB, 0xF6EB, 0xF6EB, 0xF6CB, 0xF6CB, 0xF6EB, 0xF6EB, 0xF6CB, 0xF6CB,
    0xF6CB, 0xF6CB, 0xF68B, 0xF757, 0xD512, 0xAB29, 0x4969, 0x9452, 0xFF95, 0xF6EB, 0xFF0B, 0xFF0B,
    0xFF0B, 0xF70B, 0xF70C, 0xF70C, 0xF70C, 0xF6EB, 0xF6EB, 0xF6CB, 0xEF13, 0xEE57, 0xCC0A, 0x5169,
    0x38E8, 0x30C7, 0x30E8, 0x4108, 0x7B2E, 0xFF9C, 0xF798, 0xF74F, 0xFF4C, 0xFF4C, 0xFF4C, 0xFF4C,
    0xFF4C, 0xFF4C, 0xFF4C, 0xF70D, 0xF779, 0xE5D4, 0xAB0B, 0x69AA, 0x5149, 0x4109, 0x5234, 0x5276,
    0x5276, 0x5276, 0x5256, 0x4A12, 0x30E9, 0x28C7, 0x30C8, 0x5988, 0x7A2A, 0x724C, 0xAC73, 0xEEBB,
    0xEF1A, 0xFF92, 0xFF6D, 0xFF6D, 0xFF6D, 0xFF6D, 0xFF6D, 0xFF4D, 0xFF4D, 0xFF4D, 0xFF4D, 0xFF4D,
    0xFF4D, 0xFF4D, 0xFF4D, 0xFF6D, 0xF76E, 0xF799, 0xF71A, 0xF71B, 0xC3EE, 0xB32A, 0xA2CA, 0xA2CA,
    0xC4F2, 0xFFDD, 0xFFD7, 0xFFAF, 0xFFAE, 0xFF8E, 0xFF8E, 0xFF8E, 0xFF8E, 0xF74F, 0xFFDA, 0xEDCF,
    0xBB8A, 0xB32A, 0xC369, 0xCC0B, 0xD532, 0xFF9C, 0xFFB6, 0xFF8F, 0xFF90, 0xFFB0, 0xFFB0, 0xFFB0,
    0xFFB1, 0xFFD2, 0xFFD4, 0xFFD6, 0xFFD7, 0xFFD7, 0xFFD6, 0xFFD5, 0xFFB5, 0xFFDC, 0xF6F6, 0xE50F,
    0xD44B, 0xC3CA, 0xB36A, 0xBB8B, 0xDDF5, 0xFFD8, 0xFFD3, 0xFFD4, 0xFFF4, 0xFFD4, 0xFFD4, 0xFFD3,
    0xFFB6, 0xFFBB, 0xE52E, 0xB3EE, 0x8B0B, 0xC42C, 0xA3AC, 0x69EA, 0x89A8, 0xCA28, 0xDA28, 0xDA27,
    0xD227, 0xCA28, 0x8947, 0x3907, 0x418A, 0x49AB, 0x49AA, 0x49AA, 0x49AA, 0x49AA, 0x49AA, 0x49AA,
    0x3969, 0x3129, 0x394A, 0x41A9, 0x734B, 0x7B6B, 0x7B4A, 0xD62C, 0xFF6E, 0xFF4D, 0xFF4D, 0xFF4D,
    0xFF4D, 0xFF4D, 0xFF4D, 0xFF4D, 0xF774, 0xF6D8, 0xE594, 0xB3D0, 0x926B, 0x9AAB, 0xE6DA, 0xFFB1,
    0xFF6C, 0xFF6C, 0xFF4D, 0xFF4D, 0xFF4D, 0xFF4C, 0xFF4C, 0xF755, 0xEE35, 0xAB0A, 0x494A, 0x38E9,
    0x28C9, 0x41F4, 0x4216, 0x4236, 0x4256, 0x4A56, 0x4236, 0x4216, 0x4216, 0x4216, 0x4215, 0x4236,
    0x4236, 0x3A16, 0x3A15, 0x3A15, 0x3A15, 0x3A36, 0x3A36, 0x3A16, 0x3A16, 0x3A16, 0x3A16, 0x3A16,
    0x3A36, 0x3A36, 0x3A36, 0x3A36, 0x3A36, 0x3A36, 0x3A35, 0x3A35, 0x3A35, 0x292B, 0x18A6, 0x20C7,
    0x4A0B, 0xF79D, 0xEEB7, 0xEE97, 0xEE97, 0xE676, 0xE676, 0xEE97, 0xEE97, 0xEE97, 0xEE96, 0xEE96,
    0xEE96, 0xEE96, 0xE676, 0xF77D, 0xCCF2, 0xAB09, 0x4149, 0xA4B4, 0xF75B, 0xEE96, 0xEEB6, 0xEEB7,
    0xEE97, 0xEE97, 0xEEB7, 0xEEB7, 0xEEB7, 0xEEB6, 0xEEB7, 0xEEB7, 0xF75B, 0xE657, 0xCC2B, 0x5169,
    0x30E8, 0x28C7, 0x28C7, 0x30E8, 0x518A, 0x6A6D, 0xC5F8, 0xF75A, 0xF739, 0xF739, 0xF739, 0xF739,
    0xF738, 0xF738, 0xF759, 0xF759, 0xFFBD, 0xEE14, 0xBB8C, 0x7A0A, 0x5969, 0x4929, 0x5254, 0x5A76,
    0x5A76, 0x5A76, 0x5A76, 0x5A76, 0x5233, 0x394B, 0x30C7, 0x30E8, 0x4908, 0x824A, 0x7A4A, 0x7A6C,
    0xBCD5, 0xFFBC, 0xF77A, 0xFF9B, 0xFF9B, 0xFFBB, 0xFF9B, 0xFF9B, 0xFF9B, 0xFF9B, 0xFF7B, 0xFF9B,
    0xFFBB, 0xFFBB, 0xFFBB, 0xFFBB, 0xFFBB, 0xF73B, 0xC3EF, 0xBB6C, 0xBB69, 0xCBC9, 0x9A89, 0x9A89,
    0xAB2B, 0xC491, 0xF77C, 0xF79A, 0xFF99, 0xFF9A, 0xFFBA, 0xFFBA, 0xFF9A, 0xFF9A, 0xFFDD, 0xEDCF,
    0xBB8A, 0xAB2A, 0xB349, 0xD40A, 0xD44B, 0xD48F, 0xEEFA, 0xFFDC, 0xFFBC, 0xFFDC, 0xFFDC, 0xFFDC,
    0xFFDD, 0xFFDD, 0xFFFE, 0xFFFE, 0xFFFE, 0xFFFF, 0xFFFE, 0xFFDE, 0xFF9C, 0xED92, 0xE4CE, 0xDC8B,
    0xC3CA, 0xBB8B, 0xB32A, 0xBB8A, 0xE656, 0xFFBD, 0xFFDD, 0xFFDE, 0xFFDE, 0xFFDD, 0xFFDD, 0xFFDD,
    0xFFBC, 0xF71A, 0xABCE, 0x8B0B, 0xC48D, 0x934C, 0x6A4C, 0x6168, 0xDA68, 0xE248, 0xDA27, 0xDA27,
    0xD227, 0xD228, 0x9946, 0x30A5, 0x3949, 0x49AA, 0x49AA, 0x49AA, 0x418A, 0x418A, 0x418A, 0x418A,
    0x418A, 0x418A, 0x41AB, 0x41AA, 0x396A, 0x398A, 0x3969, 0x522A, 0x6ACB, 0x730B, 0xCDF5, 0xF77B,
    0xF79B, 0xFF9A, 0xFF9B, 0xFFBB, 0xFFBC, 0xF676, 0xBB6D, 0x8A4C, 0x8A4B, 0xB36E, 0xF73C, 0xFF9A,
    0xF759, 0xF759, 0xF738, 0xF738, 0xF738, 0xF739, 0xF759, 0xF75A, 0xEE56, 0xAB2A, 0x492A, 0x30E9,
    0x28C9, 0x41D4, 0x4216, 0x4216, 0x4A36, 0x4236, 0x4236, 0x4236, 0x4236, 0x4215, 0x4216, 0x4216,
    0x4216, 0x4216, 0x3A16, 0x3A16, 0x4216, 0x4216, 0x4216, 0x4216, 0x4216, 0x4216, 0x4216, 0x4236,
    0x3A36, 0x3A36, 0x3A36, 0x3A36, 0x3A36, 0x3A35, 0x3A35, 0x3A35, 0x3A35, 0x210A, 0x1886, 0x1886,
    0x4147, 0x62AE, 0x62AF, 0x62D0, 0x62EF, 0x62CF, 0x62CF, 0x6AEF, 0x6B0F, 0x6B0F, 0x6B2F, 0x732F,
    0x7330, 0x7330, 0x7330, 0x7B71, 0x9B2B, 0xA309, 0x3928, 0x5A2C, 0x6AEF, 0x6AEF, 0x6AEF, 0x6AEF,
    0x6B0F, 0x730F, 0x732F, 0x7B30, 0x7B30, 0x7B50, 0x8370, 0x8B91, 0x93D2, 0xB40F, 0xCC6B, 0x5169,
    0x30E8, 0x28A7, 0x28A7, 0x28C7, 0x30E8, 0x5148, 0x7AAD, 0x7AF1, 0x8331, 0x8B51, 0x9392, 0x9BD2,
    0xA3F3, 0xAC13, 0xBC53, 0xCCD4, 0xE574, 0xE58F, 0xDCAB, 0x9A8A, 0x69A9, 0x5129, 0x5A54, 0x5A76,
    0x6276, 0x6276, 0x6276, 0x6276, 0x6256, 0x5A14, 0x418E, 0x28A7, 0x30C8, 0x38E8, 0x8AA9, 0x8249,
    0x8AEE, 0x9371, 0x9B71, 0xA391, 0xABD2, 0xB3F2, 0xBC32, 0xBC12, 0xBC12, 0xBC32, 0xC432, 0xC432,
    0xCC72, 0xCC93, 0xCC92, 0xCC72, 0xCC51, 0xCC2F, 0xC38A, 0xDC89, 0xB369, 0x9AA9, 0x9A89, 0x9A89,
    0xB349, 0xC3EB, 0xCC4F, 0xCC70, 0xCC91, 0xD4D2, 0xD4F2, 0xD4D1, 0xD4D1, 0xD4D1, 0xDCF0, 0xED4B,
    0xC3AB, 0xB32A, 0xAB0A, 0xAB29, 0xC3C9, 0xD42A, 0xD46F, 0xD4B1, 0xD4D1, 0xDD32, 0xE553, 0xED94,
    0xEDB4, 0xF5D4, 0xF635, 0xF696, 0xFEB7, 0xFEB7, 0xF697, 0xF655, 0xEDB3, 0xE4CD, 0xD44B, 0xCC4B,
    0xB34A, 0xAB2B, 0xAB2A, 0xCBCA, 0xD46E, 0xD511, 0xDD32, 0xDD53, 0xE553, 0xE573, 0xE593, 0xE573,
    0xDD12, 0xABAD, 0xBC4C, 0xC4AF, 0x934F, 0x6A6C, 0x6A2B, 0x5947, 0xB1A7, 0xD248, 0xD228, 0xD228,
    0xCA29, 0x9967, 0x58E6, 0x28C6, 0x4169, 0x49AA, 0x49AA, 0x418A, 0x418A, 0x418A, 0x418A, 0x418A,
    0x398A, 0x398A, 0x398A, 0x398A, 0x398A, 0x41AA, 0x41AB, 0x396A, 0x396A, 0x418A, 0x49CB, 0x5A0C,
    0x6A6C, 0xCC50, 0xC450, 0xCC51, 0xCC30, 0xBB8F, 0x8A6C, 0x79EB, 0x924A, 0xB34D, 0xABF3, 0xABF4,
    0xA3F4, 0xA3D3, 0xA3F4, 0xA3D4, 0x9BD4, 0x9BD4, 0x9BD4, 0x9BB3, 0xAB4D, 0xAB0A, 0x412A, 0x30E9,
    0x28C9, 0x41F4, 0x4A16, 0x4A15, 0x4A16, 0x4A36, 0x4A36, 0x4A16, 0x4236, 0x4216, 0x4236, 0x4216,
    0x4216, 0x4216, 0x4216, 0x4216, 0x4216, 0x4216, 0x4216, 0x4216, 0x4216, 0x4216, 0x4216, 0x4236,
    0x3A36, 0x3A36, 0x3A36, 0x3A36, 0x3A36, 0x3A36, 0x3A15, 0x3A15, 0x3A35, 0x20E9, 0x1865, 0x1865,
    0x6185, 0x6166, 0x5166, 0x5966, 0x5986, 0x5987, 0x5987, 0x61A7, 0x61A7, 0x69C7, 0x69C7, 0x69C7,
    0x69C7, 0x69C7, 0x69C7, 0x69C7, 0x9245, 0x9AE8, 0x30E7, 0x59A6, 0x6186, 0x6186, 0x6186, 0x69A6,
    0x69A6, 0x69C7, 0x69C7, 0x71C7, 0x71C7, 0x71C7, 0x71E7, 0x7A07, 0x8227, 0xA367, 0xCCEC, 0x4928,
    0x28C7, 0x28A7, 0x28A7, 0x28A7, 0x28A7, 0x4926, 0x9AC8, 0x71C7, 0x7A07, 0x8228, 0x8A48, 0x9288,
    0x9AA9, 0xA2E9, 0xB349, 0xCC0A, 0xE54C, 0xFF74, 0xF670, 0xBB6B, 0x71C9, 0x5129, 0x5A35, 0x6256,
    0x6276, 0x6276, 0x6276, 0x6256, 0x6256, 0x6256, 0x6235, 0x51D1, 0x28A7, 0x30C7, 0x38E8, 0x69E7,
    0xA2E8, 0x9267, 0x9AA8, 0xA2E8, 0xAB08, 0xB349, 0xB369, 0xBB89, 0xBB89, 0xBBA9, 0xC3C9, 0xC3C9,
    0xCBEA, 0xCC0A, 0xCC0A, 0xCC0A, 0xCC09, 0xDC89, 0xCC49, 0xB36A, 0x9AC9, 0x9AA9, 0xA2A9, 0xA2C9,
    0xAB08, 0xCC49, 0xCC29, 0xCC29, 0xCC4A, 0xD48A, 0xD4AA, 0xD48A, 0xD48A, 0xD489, 0xD4C9, 0xEDCB,
    0xBBAA, 0xB34A, 0xB34A, 0xB34A, 0xB329, 0xCC2A, 0xD48A, 0xD4AA, 0xD4CA, 0xDCEB, 0xE52B, 0xE56C,
    0xED6C, 0xED8C, 0xEDAC, 0xF5ED, 0xF60D, 0xF60E, 0xF5CD, 0xED8D, 0xE52C, 0xD4AB, 0xCC2C, 0xB34A,
    0xB32B, 0xAB2B, 0xAB2A, 0xD489, 0xDCCA, 0xD48B, 0xD4CB, 0xDCCB, 0xDCCB, 0xDCCB, 0xDCCC, 0xC44D,
    0xA38C, 0xCCCC, 0xBC6E, 0x82ED, 0x6A6C, 0x622C, 0x622C, 0x4169, 0x5107, 0x8106, 0x80E6, 0x80E5,
    0x7906, 0x48C6, 0x3107, 0x418A, 0x49AA, 0x49AA, 0x41AA, 0x418A, 0x418A, 0x418A, 0x418A, 0x398A,
    0x398A, 0x398A, 0x398A, 0x398A, 0x398A, 0x398A, 0x398A, 0x398A, 0x398A, 0x398A, 0x41AA, 0x418A,
    0x418A, 0x3928, 0x4107, 0x8A8A, 0x8A6A, 0x79EB, 0x69AC, 0x618B, 0xA328, 0xDCA9, 0xA2E9, 0x9ACA,
    0x9AA9, 0x9A89, 0x9A89, 0x9269, 0x9269, 0x9249, 0x9249, 0x8228, 0xA286, 0x9AEA, 0x30E9, 0x28C8,
    0x28A8, 0x49F4, 0x4A15, 0x4A15, 0x4A16, 0x4A36, 0x4A36, 0x4A36, 0x4A36, 0x4A36, 0x4A36, 0x4A16,
    0x4216, 0x4216, 0x4216, 0x4236, 0x4216, 0x4216, 0x4216, 0x4216, 0x4216, 0x51F5, 0x49F6, 0x4216,
    0x4236, 0x4236, 0x4236, 0x4236, 0x4216, 0x4216, 0x4215, 0x4215, 0x4235, 0x20EA, 0x1865, 0x1866,
    0x2086, 0x61C7, 0x7227, 0x7207, 0x71E7, 0x69E7, 0x69E7, 0x71E7, 0x71E7, 0x69E8, 0x69E7, 0x69E8,
    0x6A08, 0x7208, 0x7208, 0x7207, 0x7207, 0x4147, 0x20A7, 0x4947, 0x7228, 0x7208, 0x71E8, 0x7208,
    0x7208, 0x7208, 0x7208, 0x7208, 0x7208, 0x7208, 0x69E7, 0x71E7, 0x7227, 0x7A68, 0x5A09, 0x30C7,
    0x28A7, 0x310B, 0x396F, 0x28C8, 0x20A6, 0x28A7, 0x5147, 0x7A48, 0x8269, 0x8269, 0x8A89, 0x8AA9,
    0x92C9, 0x9B09, 0xAB4A, 0xBBCA, 0xCC6B, 0xD4CD, 0xBBAC, 0x824A, 0x5988, 0x4929, 0x6235, 0x6256,
    0x6256, 0x6256, 0x6A76, 0x6A76, 0x6A76, 0x6A76, 0x6A76, 0x6A76, 0x6234, 0x3909, 0x38E7, 0x4108,
    0x5988, 0x92E9, 0x9B09, 0xA329, 0xA329, 0xA349, 0xAB8A, 0xB3AA, 0xB3AA, 0xB3CA, 0xB3CA, 0xBBEA,
    0xBC0A, 0xC42A, 0xC40A, 0xC42A, 0xC42A, 0xC44B, 0xA32A, 0xAB0A, 0xAB09, 0xAB2A, 0xAB2A, 0xB34A,
    0xAB2A, 0xAB69, 0xC44A, 0xC469, 0xCC8A, 0xCCAA, 0xD4AA, 0xCCAA, 0xCCAA, 0xD4CA, 0xD4EA, 0xCCAB,
    0xBBCB, 0xC3CB, 0xC3CB, 0xBBAA, 0xBBAA, 0xBBAA, 0xC46A, 0xD4EB, 0xD4EB, 0xD50B, 0xDD0B, 0xDD0B,
    0xDD0B, 0xD50B, 0xD50C, 0xD50C, 0xDD0C, 0xDD0C, 0xDD0C, 0xDD0C, 0xDCEC, 0xC3EC, 0xBBAC, 0xBB6B,
    0xB36B, 0xB36B, 0xB36B, 0xC42B, 0xCC8C, 0xCC6B, 0xCC8C, 0xCC8C, 0xCC8C, 0xCC8C, 0xBC4D, 0xB40D,
    0xD50E, 0xB42F, 0x7AAD, 0x622B, 0x620B, 0x620B, 0x5A0B, 0x51CB, 0x49AA, 0x3908, 0x30E7, 0x30E7,
    0x3908, 0x3128, 0x49AA, 0x49AA, 0x41AA, 0x41AA, 0x418A, 0x418A, 0x418A, 0x418A, 0x418A, 0x398A,
    0x398A, 0x398A, 0x396A, 0x3989, 0x2928, 0x2928, 0x3128, 0x316A, 0x396A, 0x396A, 0x396A, 0x396A,
    0x396A, 0x3129, 0x28C7, 0x30E7, 0x518C, 0x598E, 0x514C, 0x514C, 0x69EB, 0xA36C, 0x9B2B, 0x9AEB,
    0x92CA, 0x8A8A, 0x8A8A, 0x8A69, 0x8229, 0x8228, 0x8249, 0x8248, 0x7A49, 0x30C9, 0x28A8, 0x2087,
    0x1867, 0x41D4, 0x4A15, 0x5216, 0x5216, 0x5236, 0x4A36, 0x4A36, 0x4A16, 0x4A36, 0x4A16, 0x4A16,
    0x4A16, 0x4A16, 0x4A16, 0x4A16, 0x4A16, 0x4A16, 0x4A16, 0x4A16, 0x49F6, 0x79F3, 0x6215, 0x4A16,
    0x4236, 0x4236, 0x4216, 0x4216, 0x4216, 0x4216, 0x4216, 0x4215, 0x4215, 0x41D2, 0x314C, 0x1045,
    0x1885, 0x1886, 0x1886, 0x1886, 0x1886, 0x1886, 0x1886, 0x1886, 0x1885, 0x1886, 0x1886, 0x1886,
    0x1886, 0x1886, 0x1886, 0x1886, 0x1886, 0x1886, 0x1886, 0x1886, 0x1886, 0x1886, 0x2087, 0x2086,
    0x2086, 0x2086, 0x20A6, 0x2086, 0x2086, 0x2086, 0x20A6, 0x20A6, 0x28A6, 0x28A7, 0x28A6, 0x2086,
    0x392E, 0x4992, 0x51D5, 0x4170, 0x310B, 0x2086, 0x2086, 0x28A7, 0x28A7, 0x28A7, 0x30C8, 0x38E8,
    0x4108, 0x4108, 0x4928, 0x5168, 0x6189, 0x61A9, 0x61A9, 0x5148, 0x492A, 0x59D2, 0x6236, 0x6A56,
    0x6A56, 0x6A76, 0x6A76, 0x6A76, 0x7276, 0x7276, 0x7276, 0x7276, 0x7276, 0x6A34, 0x516C, 0x40E8,
    0x4108, 0x4928, 0x5128, 0x5948, 0x6168, 0x6188, 0x69A9, 0x71E9, 0x79E9, 0x8229, 0x8229, 0x9269,
    0x92A9, 0x9ACA, 0x9AEA, 0x9AEA, 0xA30A, 0xAB2A, 0xB36A, 0xB36A, 0xB40C, 0xDE15, 0xDE56, 0xCCCF,
    0xBBCA, 0xBBAA, 0xB3AA, 0xBBCA, 0xBBEB, 0xBBEA, 0xBBEB, 0xBBEA, 0xBBEA, 0xC40A, 0xC42B, 0xCC4B,
    0xCC4B, 0xCCCE, 0xE697, 0xDDF4, 0xC40B, 0xC40B, 0xC40B, 0xC3EB, 0xC40B, 0xC40B, 0xC40B, 0xC40B,
    0xC40B, 0xC40B, 0xC40B, 0xC40B, 0xC40B, 0xC40B, 0xC40B, 0xC40C, 0xC40C, 0xC3EC, 0xC3CB, 0xC46F,
    0xCCF1, 0xBBED, 0xBBCC, 0xC3CD, 0xBBCD, 0xBBAC, 0xBBAC, 0xB3AC, 0xBBAC, 0xA36B, 0xBC6D, 0xCCEE,
    0xA3CF, 0x728C, 0xB492, 0xBC72, 0xB472, 0xB493, 0x832F, 0x5A2C, 0x3928, 0x418A, 0x418A, 0x418A,
    0x418A, 0x418A, 0x41AB, 0x41AA, 0x41AB, 0x418A, 0x418A, 0x418A, 0x398A, 0x398A, 0x398A, 0x398A,
    0x398A, 0x396A, 0x3169, 0x3989, 0x628F, 0x628F, 0x5A6D, 0x2907, 0x3149, 0x316A, 0x3169, 0x3149,
    0x314A, 0x396A, 0x28C7, 0x2086, 0x20A7, 0x38EB, 0x410D, 0x410B, 0x410A, 0x410A, 0x410A, 0x38E9,
    0x38E9, 0x38E9, 0x30E9, 0x30C8, 0x30A8, 0x28A8, 0x28A8, 0x28A7, 0x28A7, 0x2087, 0x2086, 0x20A9,
    0x4191, 0x49F5, 0x5215, 0x5216, 0x5236, 0x5236, 0x5236, 0x5236, 0x5216, 0x5216, 0x5216, 0x4A16,
    0x4A16, 0x5216, 0x4A16, 0x4A16, 0x4A16, 0x4A16, 0x5216, 0x4A16, 0x4A16, 0x5216, 0x5216, 0x4A16,
    0x4216, 0x4216, 0x4216, 0x4A16, 0x4A16, 0x4A15, 0x4A15, 0x4A15, 0x4A15, 0x49F5, 0x41D3, 0x39B0,
    0x18A7, 0x1865, 0x1865, 0x1865, 0x1865, 0x1865, 0x1865, 0x1865, 0x1065, 0x1865, 0x1865, 0x1065,
    0x1865, 0x1065, 0x1865, 0x1865, 0x1865, 0x1865, 0x1866, 0x1866, 0x1866, 0x1866, 0x1866, 0x1866,
    0x1866, 0x1866, 0x1866, 0x1866, 0x1866, 0x1866, 0x2086, 0x2086, 0x2086, 0x2086, 0x28A9, 0x414F,
    0x51D3, 0x59F5, 0x59F5, 0x59F5, 0x51D3, 0x414E, 0x2086, 0x2066, 0x2086, 0x2086, 0x2886, 0x28A7,
    0x30C7, 0x30C7, 0x38C7, 0x38C8, 0x38E7, 0x40E8, 0x40E8, 0x51B1, 0x61F3, 0x6A36, 0x6A56, 0x6A56,
    0x6A76, 0x7276, 0x7276, 0x7276, 0x7276, 0x7276, 0x7A76, 0x7A76, 0x7A76, 0x7A77, 0x7A96, 0x7232,
    0x4108, 0x48E8, 0x4908, 0x5128, 0x5948, 0x6168, 0x6989, 0x71A9, 0x79E9, 0x8209, 0x8249, 0x92A9,
    0x9AEA, 0x9B0A, 0xA30A, 0xA32A, 0xAB6A, 0xB38A, 0xB40C, 0xE676, 0xEED7, 0xFFBB, 0xFFFC, 0xF75B,
    0xE655, 0xC44B, 0xC44B, 0xCC6C, 0xCC6C, 0xCC6C, 0xC46B, 0xCC6B, 0xCC6C, 0xCC8C, 0xCC8C, 0xD4AC,
    0xDE14, 0xF73A, 0xFFDD, 0xFFBC, 0xEF19, 0xD52F, 0xD48C, 0xD48C, 0xD48C, 0xD48C, 0xD48C, 0xD48C,
    0xCC8C, 0xCC6C, 0xCC6C, 0xCC4C, 0xCC4C, 0xCC4C, 0xCC4C, 0xCC6C, 0xCC6C, 0xCC8E, 0xE676, 0xEF39,
    0xFFBB, 0xEEF8, 0xCCAF, 0xD4CF, 0xD4AF, 0xCC6E, 0xC44D, 0xCC8E, 0xB40D, 0xD52E, 0xCD0F, 0xA3AE,
    0x82EC, 0x6A4B, 0x9BF2, 0x8B71, 0x8B51, 0x8B72, 0x8B72, 0x6A8E, 0x28C7, 0x418A, 0x418A, 0x3969,
    0x3969, 0x3969, 0x418A, 0x41AA, 0x41AB, 0x41AA, 0x398A, 0x398A, 0x398A, 0x398A, 0x398A, 0x398A,
    0x396A, 0x3969, 0x18A5, 0x62AF, 0x6290, 0x626F, 0x5A6F, 0x41AA, 0x1044, 0x3149, 0x3169, 0x316A,
    0x316A, 0x396A, 0x20C7, 0x1865, 0x1865, 0x20A7, 0x38EB, 0x38EC, 0x38CA, 0x30C9, 0x30A8, 0x30A8,
    0x30A8, 0x30A8, 0x28A8, 0x28A7, 0x2887, 0x2087, 0x2067, 0x2086, 0x2087, 0x2086, 0x416F, 0x49B3,
    0x51F5, 0x51F6, 0x5216, 0x5A16, 0x5A16, 0x5216, 0x5A16, 0x69F5, 0x5A16, 0x5216, 0x5216, 0x5216,
    0x5216, 0x5216, 0x5216, 0x5216, 0x5216, 0x59F5, 0x8A13, 0x6215, 0x5216, 0x5216, 0x5216, 0x5216,
    0x4A16, 0x4A16, 0x4A16, 0x4A16, 0x4A16, 0x4A16, 0x4A15, 0x4A15, 0x4A15, 0x4A15, 0x49F5, 0x49F5,
    0x49D3, 0x41B2, 0x41B2, 0x41B2, 0x41B2, 0x41B2, 0x4192, 0x41B2, 0x4192, 0x41B2, 0x49B2, 0x49B2,
    0x49B2, 0x49B2, 0x41B2, 0x49B2, 0x49B2, 0x49B2, 0x49B2, 0x49B2, 0x49B3, 0x49B2, 0x49B2, 0x49B3,
    0x49B2, 0x49B2, 0x49B2, 0x49B2, 0x49B3, 0x49B3, 0x51D3, 0x51D3, 0x51D3, 0x51D2, 0x51D3, 0x5A15,
    0x5A15, 0x6216, 0x6215, 0x6215, 0x6215, 0x59F5, 0x59B3, 0x59B3, 0x59D3, 0x59B3, 0x59B3, 0x59D3,
    0x61F3, 0x61D3, 0x61D3, 0x61D3, 0x69D3, 0x9215, 0x8A35, 0x7217, 0x6A36, 0x6A36, 0x7256, 0x7256,
    0x7256, 0x7276, 0x7276, 0x7276, 0x7A76, 0x7A76, 0x7A96, 0x7A96, 0x8296, 0x8297, 0x8A97, 0x8A96,
    0x8254, 0x8254, 0x8254, 0x8A74, 0x8A74, 0x9294, 0x92B5, 0x9AD6, 0xA2F6, 0xA335, 0xC535, 0xE696,
    0xE6B6, 0xE696, 0xE696, 0xE6B7, 0xEED7, 0xEED8, 0xEEF8, 0xFFBB, 0xFFBB, 0xFFDB, 0xFFDB, 0xFFDC,
    0xFFBB, 0xF75A, 0xF75A, 0xF75A, 0xF75A, 0xF75A, 0xF73A, 0xF75A, 0xF75A, 0xF75A, 0xF75A, 0xF73A,
    0xF79C, 0xFFDC, 0xFFDC, 0xFFDC, 0xFFDC, 0xF77A, 0xF75A, 0xF75A, 0xF75A, 0xF75A, 0xF77A, 0xF75A,
    0xF75A, 0xF73A, 0xF73A, 0xF73A, 0xF739, 0xF73A, 0xF719, 0xF739, 0xF739, 0xF739, 0xFFBB, 0xFFBB,
    0xFFBB, 0xFFBB, 0xF79A, 0xFFBB, 0xFF9B, 0xF739, 0xDDF4, 0xD52F, 0xDDF1, 0xC4D0, 0x9B8E, 0x8B0D,
    0x82CC, 0x6A4B, 0x498A, 0x416A, 0x416A, 0x416B, 0x49AB, 0x3108, 0x3108, 0x49AA, 0x3949, 0x5A4D,
    0x8351, 0x8331, 0x8351, 0x628E, 0x5A4D, 0x418A, 0x3149, 0x396A, 0x398A, 0x398A, 0x398A, 0x398A,
    0x396A, 0x314A, 0x20E7, 0x18A6, 0x3948, 0x3969, 0x3969, 0x1884, 0x20E7, 0x314A, 0x3149, 0x3149,
    0x2929, 0x20A6, 0x1885, 0x1864, 0x1865, 0x1864, 0x30EB, 0x61D5, 0x61D4, 0x61B3, 0x59B3, 0x59B3,
    0x59B3, 0x59B3, 0x59B3, 0x59B3, 0x59B3, 0x59B3, 0x51B3, 0x51B3, 0x51B3, 0x51D3, 0x59F5, 0x59F6,
    0x5A16, 0x5A16, 0x5A16, 0x5A16, 0x5A16, 0x5A16, 0x5A16, 0x6215, 0x5A16, 0x5216, 0x5A16, 0x5A16,
    0x5A16, 0x5A16, 0x5216, 0x5216, 0x5216, 0x5216, 0x6215, 0x5A16, 0x5216, 0x5216, 0x5216, 0x5A16,
    0x4A16, 0x4A16, 0x4A16, 0x4A16, 0x4A36, 0x4A16, 0x4A15, 0x4A15, 0x4A15, 0x5215, 0x5215, 0x5215,
    0x5215, 0x5215, 0x51F5, 0x51F5, 0x51F5, 0x51F5, 0x51F5, 0x51F5, 0x51F5, 0x51F5, 0x51F5, 0x51F5,
    0x51F5, 0x5215, 0x51F6, 0x5216, 0x5215, 0x51F5, 0x59F5, 0x59F5, 0x59F5, 0x59F5, 0x59F5, 0x59F5,
    0x5A15, 0x5A15, 0x5A15, 0x59F5, 0x59F5, 0x5A15, 0x5A15, 0x6215, 0x6216, 0x6215, 0x6216, 0x6215,
    0x6215, 0x6235, 0x6235, 0x6235, 0x6235, 0x6215, 0x6215, 0x6A16, 0x6A36, 0x6A36, 0x6A16, 0x6A16,
    0x6A36, 0x6A36, 0x6A36, 0x6A36, 0x7236, 0x7236, 0x8256, 0xA2B7, 0x9AB7, 0x7A36, 0x7A56, 0x7257,
    0x7257, 0x7277, 0x7A77, 0x7A77, 0x7A77, 0x7A76, 0x7A96, 0x8296, 0x8296, 0x8AB6, 0x8AB7, 0x8AB7,
    0x92B7, 0x92B7, 0x9AD7, 0x9AF7, 0xA317, 0xAB37, 0xAB58, 0xB379, 0xABB7, 0xE637, 0xF737, 0xFF78,
    0xFF99, 0xFF99, 0xFF99, 0xFFBA, 0xFFBA, 0xFFBA, 0xFFDB, 0xFFDB, 0xFFDB, 0xFFBB, 0xFFBB, 0xFFDC,
    0xFFDC, 0xFFDC, 0xFFDC, 0xFFDC, 0xFFDC, 0xFFDC, 0xFFDC, 0xFFDC, 0xFFDC, 0xFFDC, 0xFFDC, 0xFFDC,
    0xFFDC, 0xFFDC, 0xFFDC, 0xFFDC, 0xFFFC, 0xFFFC, 0xFFFD, 0xFFFD, 0xFFFD, 0xFFFD, 0xFFDD, 0xFFDC,
    0xFFDC, 0xFFDC, 0xFFDC, 0xFFDC, 0xFFDC, 0xFFDC, 0xFFDC, 0xFFDC, 0xFFDC, 0xFFDC, 0xFFDB, 0xFFBB,
    0xFFBB, 0xFFBB, 0xFFDB, 0xFFBC, 0xF75A, 0xDD91, 0xDDAF, 0xE631, 0xBC8F, 0x936E, 0xB451, 0xAC10,
    0xAC10, 0x82CD, 0x620B, 0x5A0B, 0x4169, 0x3928, 0x3928, 0x4169, 0x49AA, 0x49AA, 0x2908, 0x520C,
    0x6ACF, 0x7B11, 0x7B11, 0x8351, 0x7311, 0x41CB, 0x1886, 0x314A, 0x396A, 0x3169, 0x3149, 0x3148,
    0x3149, 0x314A, 0x3149, 0x2908, 0x20A6, 0x20C7, 0x20C7, 0x3129, 0x314A, 0x3149, 0x3129, 0x2929,
    0x20A7, 0x20A6, 0x1844, 0x1865, 0x1864, 0x1844, 0x30EB, 0x7217, 0x7216, 0x7216, 0x6A16, 0x6A16,
    0x6A16, 0x6A16, 0x69F6, 0x69F6, 0x6A16, 0x6A16, 0x6216, 0x6216, 0x6216, 0x6216, 0x6216, 0x6216,
    0x6216, 0x5A16, 0x5A16, 0x5A16, 0x5A16, 0x5A16, 0x5A17, 0x5A16, 0x5A16, 0x5A16, 0x5A16, 0x5A16,
    0x5A16, 0x5A16, 0x5A17, 0x61F5, 0x69F5, 0x5A16, 0x5A16, 0x5A16, 0x5A16, 0x5A16, 0x5A16, 0x5A17,
    0x4A16, 0x4A16, 0x4A16, 0x4A16, 0x5236, 0x4A15, 0x5215, 0x5215, 0x5215, 0x5215, 0x5216, 0x5216,
    0x5216, 0x5216, 0x5216, 0x5216, 0x5215, 0x5A16, 0x5215, 0x5215, 0x5215, 0x5A16, 0x5A16, 0x5A15,
    0x5216, 0x59F5, 0x79F2, 0x7A13, 0x5A15, 0x5A16, 0x5A15, 0x5A15, 0x5A15, 0x5A15, 0x5A15, 0x5A15,
    0x5A15, 0x5A15, 0x6216, 0x5A15, 0x5A15, 0x6216, 0x6236, 0x6236, 0x6236, 0x6236, 0x6236, 0x6236,
    0x6236, 0x6235, 0x6236, 0x6236, 0x6A36, 0x6A36, 0x6A35, 0x6A36, 0x6A35, 0x6A35, 0x6A35, 0x6A36,
    0x6A36, 0x6A36, 0x7236, 0x7236, 0x7236, 0x7236, 0x7257, 0x7A57, 0x7A57, 0xA2D8, 0xAB18, 0x9297,
    0x8A97, 0x7A77, 0x7A77, 0x7A77, 0x7A77, 0x8296, 0x8296, 0x8296, 0x8AB6, 0x8AB6, 0x8AD6, 0x92D7,
    0x92D7, 0x9AD7, 0x9AF7, 0xA317, 0xA337, 0xAB58, 0xB399, 0xB3F7, 0xE658, 0xF737, 0xFF57, 0xFF78,
    0xFF78, 0xFF99, 0xFF99, 0xFFB9, 0xFFBA, 0xFFBA, 0xFFBA, 0xFFBA, 0xFFBB, 0xFFBB, 0xFFBB, 0xFFDB,
    0xFFDC, 0xFFDC, 0xFFDC, 0xFFDC, 0xFFDC, 0xFFDC, 0xFFDC, 0xFFDC, 0xFFDC, 0xFFDC, 0xFFDC, 0xFFDC,
    0xFFDC, 0xFFDC, 0xFFDC, 0xFFDC, 0xFFDC, 0xFFDC, 0xFFDC, 0xFFDC, 0xFFFC, 0xFFFC, 0xFFFC, 0xFFDC,
    0xFFDC, 0xFFDC, 0xFFDC, 0xFFBC, 0xFFDC, 0xFFBC, 0xFFBB, 0xFFDB, 0xFFDB, 0xFFDB, 0xFFDB, 0xFFBB,
    0xFFBB, 0xFFBB, 0xFFBB, 0xF6F8, 0xDD4F, 0xE631, 0xE612, 0xC46F, 0xA3AE, 0x9BAF, 0xCD14, 0xC4B3,
    0xC493, 0xB432, 0xA3F1, 0x3948, 0x498A, 0x51CA, 0x49AA, 0x49AA, 0x49AA, 0x418A, 0x3969, 0x20C6,
    0x20A7, 0x312A, 0x312B, 0x396B, 0x396B, 0x20C7, 0x20C7, 0x3149, 0x3169, 0x5A4D, 0x6ACF, 0x6ACF,
    0x41AA, 0x3969, 0x3149, 0x3149, 0x314A, 0x292A, 0x314A, 0x314A, 0x3149, 0x3129, 0x28E8, 0x1887,
    0x1886, 0x1844, 0x1864, 0x1864, 0x1864, 0x1044, 0x30EB, 0x7217, 0x7216, 0x7216, 0x6A16, 0x6A16,
    0x6A16, 0x6A16, 0x6A16, 0x6A16, 0x6A16, 0x6A16, 0x6A16, 0x6216, 0x6216, 0x6216, 0x6216, 0x6216,
    0x6216, 0x6216, 0x6236, 0x6236, 0x6237, 0x6217, 0x6217, 0x6217, 0x5A17, 0x5A16, 0x5A16, 0x6216,
    0x6216, 0x5A16, 0x5A16, 0x59F6, 0x6216, 0x5A16, 0x5A16, 0x5A16, 0x5A16, 0x5A16, 0x5A16, 0x6217,
    0x4A16, 0x69F5, 0x6235, 0x5216, 0x5236, 0x5215, 0x5216, 0x5216, 0x5216, 0x5216, 0x5216, 0x5236,
    0x5236, 0x5216, 0x5216, 0x5216, 0x5236, 0x5A36, 0x5A36, 0x5A36, 0x5A16, 0x5A16, 0x5A16, 0x5A16,
    0x5A16, 0x71F4, 0xD22C, 0xD22D, 0x71F4, 0x5A16, 0x5A16, 0x5A16, 0x5A16, 0x6216, 0x6216, 0x6216,
    0x6216, 0x6216, 0x6216, 0x6216, 0x6216, 0x6216, 0x6236, 0x6236, 0x6236, 0x6236, 0x6236, 0x6236,
    0x6236, 0x6236, 0x6A36, 0x6A36, 0x6A36, 0x6A36, 0x6A36, 0x6A36, 0x6A36, 0x6A35, 0x6A36, 0x6A36,
    0x6A36, 0x6A36, 0x7236, 0x7236, 0x7236, 0x7236, 0x7236, 0x7A57, 0x7A57, 0x7A57, 0x8257, 0xA2D8,
    0xAAF9, 0x9AB7, 0x9A97, 0x8277, 0x8277, 0x8297, 0x8297, 0x8296, 0x8AB6, 0x8AB6, 0x92D7, 0x92D7,
    0x92D7, 0x9AF7, 0x9AF7, 0xA317, 0xAB37, 0xAB58, 0xB3F7, 0xDE17, 0xF737, 0xFF57, 0xFF78, 0xFF78,
    0xFF98, 0xFF98, 0xFF98, 0xFF98, 0xFF99, 0xFF99, 0xFFB9, 0xFFB9, 0xFFB9, 0xFFBA, 0xFFBA, 0xFFBA,
    0xFFDB, 0xFFDB, 0xFFDB, 0xFFDB, 0xFFDB, 0xFFDB, 0xFFDB, 0xFFDC, 0xFFDB, 0xFFDC, 0xFFDC, 0xFFDC,
    0xFFDC, 0xFFDC, 0xFFDC, 0xFFDC, 0xFFDC, 0xFFDC, 0xFFDC, 0xFFDC, 0xFFDC, 0xFFDC, 0xFFDC, 0xFFDB,
    0xFFDB, 0xFFBB, 0xFFBB, 0xFFBB, 0xFFBB, 0xFFBB, 0xFFBB, 0xFFBB, 0xFFBB, 0xFFBB, 0xFFBB, 0xFFBB,
    0xFFBB, 0xFFBB, 0xEE95, 0xE5D0, 0xEE92, 0xDD71, 0xB3ED, 0xA38D, 0x9B2C, 0x6A2B, 0x7AAE, 0x7AAF,
    0x7ACF, 0x7AAF, 0x6A6D, 0x30E8, 0x4169, 0x51CB, 0x49AA, 0x51EB, 0x6A8D, 0x624C, 0x520B, 0x3949,
    0x396A, 0x20C7, 0x20A6, 0x20C6, 0x28E7, 0x2928, 0x396A, 0x3129, 0x3149, 0x62D0, 0x7331, 0x7331,
    0x7B31, 0x7B51, 0x5A90, 0x20C7, 0x2908, 0x2929, 0x292A, 0x314A, 0x2929, 0x20E8, 0x18A7, 0x1885,
    0x1044, 0x1844, 0x1864, 0x1864, 0x1865, 0x1044, 0x30EB, 0x71F6, 0x7216, 0x7216, 0x7216, 0x7236,
    0x7236, 0x6A36, 0x6A16, 0x6A36, 0x6A36, 0x6A16, 0x6A16, 0x6A16, 0x6216, 0x6216, 0x6216, 0x6216,
    0x6216, 0x6216, 0x6237, 0x6236, 0x7AB4, 0x7255, 0x6217, 0x6217, 0x6217, 0x6217, 0x6217, 0x6216,
    0x6216, 0x6217, 0x6217, 0x5A17, 0x6216, 0x6217, 0x6216, 0x6216, 0x5A16, 0x5A17, 0x6217, 0x5A17,
    0x5216, 0x5A16, 0x5A17, 0x5216, 0x5216, 0x5216, 0x5216, 0x5A16, 0x5A16, 0x5A16, 0x5A16, 0x5A36,
    0x5A36, 0x5A36, 0x5A36, 0x5A36, 0x5A36, 0x5A36, 0x5A36, 0x5A16, 0x5A16, 0x5A16, 0x5A16, 0x5A16,
    0x5A16, 0x5A16, 0x6211, 0x61D2, 0x6217, 0x5A16, 0x5A16, 0x5A16, 0x6216, 0x6236, 0x6236, 0x6216,
    0x6216, 0x6216, 0x6216, 0x6216, 0x6216, 0x6216, 0x6236, 0x6236, 0x6236, 0x6236, 0x6236, 0x6236,
    0x6A36, 0x6A36, 0x6A36, 0x6A36, 0x6A36, 0x6A36, 0x6A36, 0x6A36, 0x6A36, 0x6A36, 0x6A36, 0x6A36,
    0x7236, 0x7236, 0x7236, 0x7236, 0x7236, 0x7236, 0x7A57, 0x7A57, 0x7A57, 0x7A57, 0x8258, 0x8278,
    0x8258, 0x9A98, 0xA2B8, 0xA2B7, 0xB2D7, 0x92B7, 0x8A97, 0x8A97, 0x8AB7, 0x92D7, 0x92D7, 0x9AD7,
    0x9AF7, 0x9AF7, 0xA317, 0xAB38, 0xAB58, 0xBC36, 0xD5B5, 0xF716, 0xFF37, 0xFF57, 0xFF77, 0xFF98,
    0xFF98, 0xFF78, 0xFF98, 0xFF98, 0xFF98, 0xFF98, 0xFF98, 0xFF98, 0xFFB8, 0xFFB8, 0xFFB8, 0xFFB8,
    0xFFB9, 0xFFD9, 0xFFD9, 0xFFD9, 0xFFD9, 0xFFD9, 0xFFD9, 0xFFD9, 0xFFD9, 0xFFD9, 0xFFD9, 0xFFD9,
    0xFFD9, 0xFFD9, 0xFFDA, 0xFFDA, 0xFFDA, 0xFFDA, 0xFFDA, 0xFFDA, 0xFFDA, 0xFFDA, 0xFFDA, 0xFFDA,
    0xFFDA, 0xFFBA, 0xFFBA, 0xFFBA, 0xFFBA, 0xFFBA, 0xFFBA, 0xFFBA, 0xFFBA, 0xFFBA, 0xFFDA, 0xFFBB,
    0xF77A, 0xEE33, 0xE5F1, 0xF6B4, 0xD4F0, 0xABCD, 0x9B6C, 0x9B2C, 0x8AEC, 0x724B, 0x59CA, 0x4969,
    0x4149, 0x4169, 0x3929, 0x416A, 0x51AB, 0x49AA, 0x5A4C, 0x93B2, 0x93B2, 0x9391, 0x8B71, 0x7B30,
    0x522C, 0x2908, 0x396A, 0x394A, 0x396A, 0x396A, 0x396A, 0x3149, 0x20A6, 0x2908, 0x41AD, 0x398D,
    0x398D, 0x398D, 0x3129, 0x1864, 0x28E8, 0x2909, 0x2929, 0x2929, 0x28E8, 0x20A7, 0x1885, 0x1044,
    0x1044, 0x1044, 0x1864, 0x1864, 0x1864, 0x1864, 0x30EC, 0x7217, 0x7216, 0x7216, 0x7216, 0x7216,
    0x7236, 0x7236, 0x7216, 0x7236, 0x7236, 0x6A16, 0x6A16, 0x6A16, 0x6A16, 0x6A16, 0x6216, 0x6216,
    0x6217, 0x6217, 0x6217, 0x6A36, 0xABD3, 0x9336, 0x6217, 0x6217, 0x6217, 0x6217, 0x6217, 0x6217,
    0x6217, 0x6217, 0x61F7, 0x6217, 0x6217, 0x6217, 0x6217, 0x6217, 0x6217, 0x6217, 0x6217, 0x6217,
    0x6217, 0x6217, 0x6217, 0x6217, 0x6217, 0x6216, 0x6216, 0x6A16, 0x6A16, 0x6216, 0x6A16, 0x6A17,
    0x6A17, 0x6A17, 0x6A17, 0x6A17, 0x6A17, 0x6A17, 0x6A17, 0x6A37, 0x6A17, 0x6A17, 0x6A16, 0x6A17,
    0x6A16, 0x6A36, 0x49D1, 0x4991, 0x6A17, 0x6A17, 0x6A16, 0x6A16, 0x7216, 0x7236, 0x7216, 0x7216,
    0x6A16, 0x7216, 0x7217, 0x7217, 0x6A17, 0x6A16, 0x6A16, 0x7237, 0x7237, 0x7237, 0x7237, 0x7236,
    0x7237, 0x7237, 0x7236, 0x7236, 0x7216, 0x7216, 0x7A16, 0x7A36, 0x7A36, 0x7A16, 0x7A16, 0x7A16,
    0x7A36, 0x7A37, 0x7A37, 0x7A36, 0x7A36, 0x8237, 0x8257, 0x8257, 0x8257, 0x8A57, 0x8A57, 0x8A57,
    0x8A58, 0x8A78, 0x9278, 0x9A98, 0xA2D8, 0xB2D8, 0xB2F8, 0xA2B7, 0x9AB8, 0x9AD8, 0x9AF7, 0xA2F8,
    0xA2F7, 0xAB18, 0xAB38, 0xB378, 0xBC37, 0xD5D5, 0xFF17, 0xFF37, 0xFF37, 0xFF57, 0xFF78, 0xFF78,
    0xFF98, 0xFF78, 0xFF98, 0xFF98, 0xFF98, 0xFF98, 0xFF98, 0xFF98, 0xFF98, 0xFFB8, 0xFFB8, 0xFFB8,
    0xFFB8, 0xFFD9, 0xFFD9, 0xFFB8, 0xFFB8, 0xFFD9, 0xFFD9, 0xFFD9, 0xFFD9, 0xFFD9, 0xFFD8, 0xFFD8,
    0xFFD9, 0xFFD9, 0xFFD9, 0xFFD9, 0xFFD9, 0xFFD9, 0xFFD9, 0xFFD9, 0xFFD9, 0xFFDA, 0xFFD9, 0xFFD9,
    0xFFD9, 0xFFDA, 0xFFDA, 0xFFBA, 0xFFBA, 0xFFBA, 0xFFBA, 0xFFBA, 0xFFBA, 0xFFBB, 0xFFDB, 0xF739,
    0xDDB0, 0xE632, 0xEE53, 0xC4AF, 0xCCCB, 0xEDAB, 0xED6A, 0xE54B, 0xB3C9, 0x9B0B, 0x620B, 0x6A4C,
    0x5A0B, 0x59EC, 0x51EB, 0x51CB, 0x51CB, 0x41AA, 0x3949, 0x5A4D, 0x6AB0, 0x6AB1, 0x6290, 0x6A90,
    0x49EB, 0x20C7, 0x398A, 0x396A, 0x3149, 0x398A, 0x398A, 0x3969, 0x3149, 0x2908, 0x18A6, 0x1865,
    0x1044, 0x1045, 0x1885, 0x20C7, 0x2909, 0x2929, 0x20E8, 0x20E8, 0x18A7, 0x1885, 0x1864, 0x1044,
    0x1044, 0x1044, 0x1864, 0x1864, 0x1044, 0x1845, 0x410D, 0x79F7, 0x7A17, 0x7A17, 0x7A17, 0x7A37,
    0x7A37, 0x7A37, 0x7A37, 0x7A37, 0x7A37, 0x7A17, 0x7217, 0x7217, 0x7217, 0x7217, 0x7217, 0x7217,
    0x7217, 0x7217, 0x7217, 0x7238, 0x7A18, 0x7238, 0x7218, 0x7217, 0x7217, 0x7217, 0x7217, 0x7217,
    0x7217, 0x7217, 0x71F7, 0x7217, 0x7217, 0x7217, 0x71F7, 0x7217, 0x71F7, 0x71F7, 0x7217, 0x71F7,
    0x7237, 0x7237, 0x7237, 0x7237, 0x7237, 0x7237, 0x7237, 0x7A37, 0x7A37, 0x7A37, 0x7237, 0x7237,
    0x7A37, 0x7A37, 0x7A37, 0x7A37, 0x7A37, 0x7A37, 0x7A37, 0x7A37, 0x7A37, 0x7A37, 0x7A37, 0x7A37,
    0x7A36, 0x7A36, 0x49D0, 0x5191, 0x7A16, 0x7A36, 0x7A36, 0x7A36, 0x7A37, 0x7A36, 0x7A36, 0x7A37,
    0x7A37, 0x7A37, 0x7A37, 0x7A37, 0x7A37, 0x7A16, 0x7A37, 0x7A37, 0x7A37, 0x7A37, 0x7A37, 0x7A37,
    0x7A37, 0x7A55, 0xBC12, 0x9AF5, 0x8257, 0x8237, 0x8236, 0x8236, 0x8257, 0x8237, 0x8237, 0x8A37,
    0x8A57, 0x8A57, 0x8A57, 0x8A57, 0x8A57, 0x8A77, 0x9278, 0x9277, 0x9277, 0x9278, 0x9278, 0x9277,
    0x9297, 0x9A98, 0x9A97, 0x9A98, 0x9AB8, 0xA2B8, 0xA2B8, 0xAAD8, 0xC318, 0xB318, 0xAAF8, 0xAB18,
    0xB318, 0xB338, 0xBB78, 0xC457, 0xDDF6, 0xFF37, 0xFF37, 0xFF37, 0xFF57, 0xFF58, 0xFF78, 0xFF78,
    0xFF98, 0xFF78, 0xFF98, 0xFF98, 0xFF98, 0xFF98, 0xFF98, 0xFF98, 0xFF98, 0xFFB8, 0xFFB8, 0xFFB8,
    0xFFB8, 0xFFD9, 0xFFD9, 0xFFB8, 0xFFB8, 0xFFD9, 0xFFD9, 0xFFD9, 0xFFD9, 0xFFD9, 0xFFD9, 0xFFD9,
    0xFFD9, 0xFFD9, 0xFFD9, 0xFFD9, 0xFFD9, 0xFFD9, 0xFFD9, 0xFFD9, 0xFFD9, 0xFFD9, 0xFFD9, 0xFFD9,
    0xFFDA, 0xFFDA, 0xFFBA, 0xFFBA, 0xFFBA, 0xFFBA, 0xFFBA, 0xFFDA, 0xFFDB, 0xFFDB, 0xF6F7, 0xEE12,
    0xEE73, 0xE612, 0xC46E, 0xA36A, 0xEDAB, 0xF549, 0xED29, 0xF529, 0xECA9, 0xCB6A, 0x5189, 0x5AAB,
    0x636B, 0x638C, 0x636C, 0x49EA, 0x49AA, 0x51CB, 0x3969, 0x2908, 0x3129, 0x312A, 0x312A, 0x3109,
    0x18A6, 0x20C7, 0x396A, 0x3129, 0x51EC, 0x7B31, 0x8351, 0x8351, 0x62AF, 0x49EC, 0x41AB, 0x3129,
    0x314A, 0x3149, 0x314A, 0x312A, 0x3129, 0x20E8, 0x18A8, 0x1886, 0x1865, 0x1864, 0x1864, 0x1044,
    0x1044, 0x1064, 0x1864, 0x1044, 0x1024, 0x69F3, 0x8217, 0x8A38, 0x8A38, 0x8A38, 0x8A37, 0x8237,
    0x8A57, 0x8A37, 0x8A37, 0x8A37, 0x8237, 0x8217, 0x8217, 0x8217, 0x8217, 0x8217, 0x8217, 0x8237,
    0x8237, 0x8237, 0x8237, 0x8238, 0x8237, 0x8218, 0x8218, 0x8238, 0x8217, 0x8217, 0x8217, 0x8217,
    0x7A17, 0x8217, 0x8217, 0x8217, 0x8217, 0x8217, 0x8217, 0x8217, 0x8217, 0x8217, 0x8217, 0x8217,
    0x61D6, 0x61F6, 0x61F6, 0x61F6, 0x61F6, 0x61F6, 0x61F7, 0x61F6, 0x61F6, 0x69F6, 0x69F7, 0x69F6,
    0x69F6, 0x6A17, 0x6A17, 0x6A17, 0x69F7, 0x69F7, 0x69F6, 0x69F6, 0x69F6, 0x69F6, 0x69D6, 0x69D6,
    0x69F6, 0x6A16, 0x49B0, 0x4991, 0x69F6, 0x69F6, 0x69F6, 0x69F6, 0x69F7, 0x69F6, 0x69F6, 0x69F6,
    0x69F6, 0x69F6, 0x69F7, 0x71F7, 0x71F7, 0x71F7, 0x71F7, 0x71F7, 0x7217, 0x7217, 0x7A17, 0x7A17,
    0x7217, 0x7A37, 0x9B16, 0x8257, 0x7A17, 0x79F6, 0x7A16, 0x7A16, 0x7A16, 0x7A16, 0x7A17, 0x7A17,
    0x7A17, 0x7A17, 0x7A17, 0x7A17, 0x8217, 0x8237, 0x8237, 0x8237, 0x8237, 0x8237, 0x8A57, 0x8A37,
    0x8A57, 0x8A57, 0x9257, 0x9277, 0x9277, 0x9A97, 0x9A97, 0x9AB7, 0xA2B8, 0xAAD8, 0xBB58, 0xB2F8,
    0xB318, 0xB358, 0xB3B5, 0xE616, 0xF6F7, 0xFF17, 0xFF17, 0xFF37, 0xFF57, 0xFF57, 0xFF57, 0xFF78,
    0xFF78, 0xFF98, 0xFF98, 0xFF98, 0xFF98, 0xFF98, 0xFF98, 0xFF98, 0xFFB8, 0xFFB8, 0xFFB8, 0xFFB8,
    0xFFB8, 0xFFD8, 0xFFD9, 0xFFB9, 0xFFD9, 0xFFD9, 0xFFD9, 0xFFD9, 0xFFD9, 0xFFD9, 0xFFD9, 0xFFD9,
    0xFFD9, 0xFFD9, 0xFFD9, 0xFFD9, 0xFFB9, 0xFFB9, 0xFFB9, 0xFFB9, 0xFFB9, 0xFFB9, 0xFFB9, 0xFFB9,
    0xFFBA, 0xFFBA, 0xFFBA, 0xFFBA, 0xFFBA, 0xFFBA, 0xFFBA, 0xFFBB, 0xFFBA, 0xEE53, 0xEE32, 0xEEB4,
    0xE5D2, 0xCCAE, 0xBC2E, 0x92EB, 0xAB2A, 0xDB68, 0xDB68, 0xE348, 0xCAE8, 0x79E9, 0x634C, 0x8DB0,
    0x8DCF, 0x85AF, 0x85AE, 0x74CD, 0x530B, 0x394A, 0x418A, 0x498B, 0x416A, 0x3129, 0x3129, 0x3949,
    0x3149, 0x396A, 0x398A, 0x20C7, 0x522D, 0x7311, 0x7311, 0x72D1, 0x6AD1, 0x6AB0, 0x41CB, 0x20C7,
    0x314A, 0x314A, 0x3129, 0x2929, 0x18A7, 0x20A9, 0x1866, 0x1044, 0x1864, 0x1864, 0x1864, 0x1044,
    0x1044, 0x1864, 0x1064, 0x28A8, 0x69D3, 0x79F6, 0x79F6, 0x79F7, 0x8217, 0x7A17, 0x7A17, 0x7A17,
    0x7A17, 0x7A17, 0x7A17, 0x79F7, 0x79F7, 0x71D7, 0x71F7, 0x71D7, 0x71F7, 0x79F7, 0x79F7, 0x79F7,
    0x79F7, 0x79F7, 0x71F7, 0x79F7, 0x79F7, 0x71F7, 0x79F7, 0x71F7, 0x71F7, 0x71F7, 0x71F7, 0x71F7,
    0x71F7, 0x71F7, 0x71F7, 0x71D7, 0x71D7, 0x71D7, 0x71F7, 0x71D7, 0x71F7, 0x71D7, 0x71D7, 0x71D7,
    0x7A37, 0x7A17, 0x7217, 0x7217, 0x7A17, 0x7A17, 0x7A17, 0x7A17, 0x7A17, 0x7A17, 0x7A37, 0x7A37,
    0x7A37, 0x8257, 0x8258, 0x8257, 0x8258, 0x8257, 0x8237, 0x8237, 0x8237, 0x7A37, 0x7A37, 0x7A36,
    0x7A37, 0x7A37, 0x49D0, 0x5191, 0x8217, 0x8237, 0x8237, 0x8237, 0x8237, 0x8237, 0x8237, 0x8237,
    0x8237, 0x8257, 0x8257, 0x8A37, 0x8A37, 0x8A37, 0x8A37, 0x8A37, 0x8237, 0x8A37, 0x8A37, 0x8A58,
    0x8A38, 0x8A38, 0x8A58, 0x8A37, 0x8A37, 0x8A37, 0x8A37, 0x8A57, 0x8A57, 0x8A57, 0x8A57, 0x8A57,
    0x8A57, 0x8A57, 0x9257, 0x9257, 0x9258, 0x9258, 0x9258, 0x9277, 0x9A77, 0x9A77, 0x9A77, 0x9A77,
    0x9A97, 0x9A97, 0xA297, 0xA2B7, 0xA2B7, 0xA2B7, 0xA2D7, 0xAAD7, 0xAAF8, 0xB318, 0xB338, 0xBB59,
    0xBB78, 0xBBF6, 0xEE56, 0xF6B6, 0xF6B6, 0xF6F6, 0xF717, 0xFF17, 0xFF37, 0xFF57, 0xFF57, 0xFF78,
    0xFF78, 0xFF98, 0xFF98, 0xFF98, 0xFF98, 0xFF98, 0xFF98, 0xFFB8, 0xFFB8, 0xFFB8, 0xFFB8, 0xFFB8,
    0xFFB8, 0xFFB8, 0xFFB9, 0xFFB9, 0xFFB9, 0xFFB9, 0xFFD9, 0xFFD9, 0xFFD9, 0xFFB9, 0xFFD9, 0xFFD9,
    0xFFB9, 0xFFB9, 0xFFB9, 0xFFB9, 0xFFB9, 0xFFB9, 0xFFB9, 0xFFB9, 0xFFB9, 0xFFB9, 0xFFBA, 0xFFB9,
    0xFFBA, 0xFFBA, 0xFFBA, 0xFFBA, 0xFFBA, 0xFFBA, 0xFFBA, 0xFF79, 0xEE11, 0xEE74, 0xF6B5, 0xDD50,
    0xCC6E, 0xBC2D, 0xB3CD, 0xA36C, 0x8ACB, 0x824B, 0x720A, 0x71EA, 0x61A9, 0x59CA, 0x52CA, 0x750F,
    0x754F, 0x754F, 0x7D4F, 0x63ED, 0x4229, 0x59A6, 0xCC09, 0xBB87, 0xB367, 0xA369, 0x4168, 0x396A,
    0x398A, 0x418A, 0x398A, 0x3129, 0x28E8, 0x20C8, 0x396B, 0x396C, 0x396C, 0x312A, 0x1885, 0x20A7,
    0x292A, 0x2929, 0x2909, 0x18A7, 0x20C9, 0x1045, 0x1044, 0x1044, 0x1044, 0x1864, 0x1864, 0x1044,
    0x1864, 0x1864, 0x38EB, 0x71D3, 0x8A58, 0x9258, 0x8A37, 0x8A37, 0x9257, 0x9257, 0x8A57, 0x8A37,
    0x9257, 0x9257, 0x9237, 0x8A37, 0x8A37, 0x8A17, 0x8A17, 0x8A17, 0x8A17, 0x8A17, 0x8A17, 0x8A17,
    0x8A37, 0x8A37, 0x8A37, 0x8A37, 0x8A37, 0x8A38, 0x8A38, 0x8A38, 0x8A38, 0x8A38, 0x8A38, 0x8A38,
    0x8A18, 0x8A18, 0x8A18, 0x8A18, 0x8A18, 0x8A17, 0x8A17, 0x8A17, 0x8A17, 0x8A17, 0x8A17, 0x8A17,
    0x61D6, 0x61D6, 0x59D6, 0x61D6, 0x61F6, 0x61F6, 0x61F6, 0x61F6, 0x61F6, 0x61F6, 0x61F6, 0x69F6,
    0x69F6, 0x6A17, 0x6A16, 0x69F6, 0x69F6, 0x69F6, 0x69F6, 0x69F6, 0x69F6, 0x69F6, 0x69D5, 0x69F5,
    0x69F6, 0x6A16, 0x49D0, 0x4991, 0x69F6, 0x69F6, 0x69F6, 0x69F6, 0x69F6, 0x69F6, 0x69F6, 0x69F6,
    0x69F6, 0x71F6, 0x71F6, 0x69F6, 0x69F6, 0x71F6, 0x71F6, 0x71F7, 0x71F7, 0x71F7, 0x71F6, 0x71F7,
    0x7217, 0x7217, 0x7216, 0x79F6, 0x79F6, 0x79F6, 0x71F6, 0x79F6, 0x79F6, 0x7A16, 0x7A16, 0x7A16,
    0x7A16, 0x7A16, 0x7A16, 0x8217, 0x8217, 0x8217, 0x8217, 0x8217, 0x8217, 0x8237, 0x8A37, 0x8A37,
    0x8A37, 0x8A56, 0x9256, 0x9256, 0x9276, 0x9276, 0x9A97, 0xA2B7, 0xA2B7, 0xA2F8, 0xAAF8, 0xAB18,
    0xB395, 0xEE16, 0xF696, 0xF6B6, 0xF6D6, 0xF6D7, 0xF6F7, 0xF6F7, 0xF717, 0xF737, 0xF757, 0xFF57,
    0xFF78, 0xFF78, 0xFF78, 0xFF98, 0xFF98, 0xFF98, 0xFF98, 0xFF98, 0xFF98, 0xFF98, 0xFF98, 0xFFB8,
    0xFFB9, 0xFFB9, 0xFFB9, 0xFFB9, 0xFFB9, 0xFFB9, 0xFFB9, 0xFFB9, 0xFFB9, 0xFFB9, 0xFFB9, 0xFFB9,
    0xFFB9, 0xFFB9, 0xFFB9, 0xFFB9, 0xFFB9, 0xFFB9, 0xFFB9, 0xFFB9, 0xFFB9, 0xFFB9, 0xFFBA, 0xFFBA,
    0xFFBA, 0xFFBA, 0xFFBA, 0xFFBA, 0xFFBB, 0xFFBA, 0xF737, 0xE632, 0xF6F6, 0xF6B4, 0xDD10, 0xCCD0,
    0xCCD0, 0xC4AF, 0xBC4F, 0x92EC, 0x92EC, 0x8ACC, 0x82AB, 0x7A8C, 0x724B, 0x6A2B, 0x4989, 0x39C8,
    0x426A, 0x4AAA, 0x4ACA, 0x39C9, 0x4145, 0xDC69, 0xEC68, 0xE448, 0xE468, 0xE469, 0xCBAA, 0x4987,
    0x2908, 0x3129, 0x3129, 0x3129, 0x3129, 0x3128, 0x28E7, 0x20A6, 0x20A6, 0x1885, 0x28E8, 0x3129,
    0x312A, 0x2929, 0x18A7, 0x290A, 0x1865, 0x1864, 0x1865, 0x1044, 0x1045, 0x1064, 0x1044, 0x1044,
    0x1044, 0x512E, 0x71B4, 0x8A17, 0x8216, 0x8216, 0x8216, 0x7A16, 0x7A16, 0x7A16, 0x7A17, 0x7A16,
    0x7A17, 0x7A17, 0x7A17, 0x7A17, 0x79F6, 0x79F6, 0x71F6, 0x79F6, 0x79F6, 0x79F6, 0x79F6, 0x71F6,
    0x71F6, 0x71F6, 0x71F6, 0x71F6, 0x79F6, 0x71F7, 0x79F7, 0x79F7, 0x79F6, 0x79F6, 0x71F6, 0x71F6,
    0x71D6, 0x79F6, 0x71F6, 0x71D6, 0x71D6, 0x79D6, 0x79F6, 0x79F6, 0x79D6, 0x79D6, 0x79D6, 0x71D5,
    0x8257, 0x8257, 0x7A37, 0x8257, 0x8258, 0x8258, 0x8258, 0x8258, 0x8257, 0x8257, 0x8257, 0x8257,
    0x8257, 0x8257, 0x8257, 0x8257, 0x8257, 0x8257, 0x8237, 0x8237, 0x8237, 0x8217, 0x8217, 0x8217,
    0x8217, 0x8236, 0x49B0, 0x51B1, 0x8237, 0x8237, 0x8237, 0x8237, 0x8237, 0x8A37, 0x8A37, 0x8A57,
    0x8A57, 0x8A57, 0x8A57, 0x8A57, 0x8A57, 0x8A37, 0x8A38, 0x8A37, 0x8A37, 0x9257, 0x9237, 0x9237,
    0x9257, 0x9257, 0x8A57, 0x9237, 0x9237, 0x9257, 0x9257, 0x9257, 0x9277, 0x9277, 0x9277, 0x9277,
    0x9277, 0x9277, 0x9277, 0x9A77, 0x9A77, 0x9A77, 0x9A77, 0x9A77, 0x9A98, 0x9A98, 0xA298, 0xA2B8,
    0xA2B7, 0xA2B7, 0xA2D7, 0xA2D7, 0xA2D7, 0xAAF7, 0xAAF7, 0xAB17, 0xB317, 0xB338, 0xBB59, 0xBC16,
    0xEE57, 0xF6B6, 0xF6B6, 0xF6B7, 0xF6D7, 0xF6D7, 0xF6F7, 0xF6F7, 0xF717, 0xF717, 0xFF37, 0xF737,
    0xFF58, 0xFF78, 0xFF78, 0xFF78, 0xFF78, 0xFF78, 0xFF98, 0xFF98, 0xFF98, 0xFF98, 0xFF98, 0xFF99,
    0xFFB9, 0xFFB9, 0xFFB9, 0xFFB9, 0xFFB9, 0xFFB9, 0xFFB9, 0xFFB9, 0xFFB9, 0xFFB9, 0xFFB9, 0xFFB9,
    0xFFB9, 0xFFB9, 0xFFB9, 0xFFB9, 0xFFB9, 0xFFB9, 0xFFB9, 0xFFBA, 0xFF9A, 0xFF9A, 0xFF9A, 0xFFBA,
    0xFFBA, 0xFFBA, 0xFFBA, 0xFFBB, 0xFF9A, 0xF6F6, 0xEE12, 0xF6F6, 0xEE53, 0xDD2F, 0xBC2E, 0xDD94,
    0xDD53, 0xD512, 0xC4B1, 0x7A6B, 0x828B, 0x82AC, 0x828C, 0x7A8C, 0x726C, 0x6A4B, 0x622B, 0x51CA,
    0x4169, 0x4189, 0x4169, 0x49AA, 0x4989, 0x8ACA, 0xCBC9, 0xD388, 0xD387, 0xCB68, 0x6A08, 0x316A,
    0x3AB3, 0x5398, 0x5377, 0x5377, 0x4B14, 0x296C, 0x3129, 0x314A, 0x314A, 0x314A, 0x314A, 0x314A,
    0x2929, 0x18A7, 0x20E9, 0x1885, 0x1864, 0x1865, 0x1044, 0x1044, 0x1045, 0x1864, 0x1064, 0x1045,
    0x594F, 0x81F5, 0x9A38, 0x9257, 0x9257, 0x9257, 0x9257, 0x9257, 0x9257, 0x9257, 0x9257, 0x9257,
    0x9277, 0x9278, 0x9278, 0x9278, 0x9257, 0x9257, 0x9257, 0x9257, 0x9257, 0x9257, 0x9257, 0x9257,
    0x9257, 0x9257, 0x9257, 0x9258, 0x9258, 0x9258, 0x9258, 0x9258, 0x9258, 0x9257, 0x9257, 0x9258,
    0x9237, 0x9237, 0x9237, 0x9237, 0x9237, 0x9237, 0x9237, 0x9237, 0x9238, 0x9238, 0x9258, 0x9237,
    0x69F6, 0x69F6, 0x69D6, 0x69F6, 0x69F6, 0x69F6, 0x6A16, 0x69F6, 0x69F6, 0x69F6, 0x71F6, 0x71F6,
    0x69F6, 0x71F6, 0x7216, 0x7216, 0x7216, 0x7216, 0x71F6, 0x6A16, 0x6A15, 0x5398, 0x5BB8, 0x6A35,
    0x8236, 0x7A16, 0x49AF, 0x4990, 0x7216, 0x71F5, 0x7216, 0x7216, 0x7A16, 0x79F6, 0x79F6, 0x79F6,
    0x79F6, 0x79F6, 0x79F6, 0x79F6, 0x79F6, 0x79F6, 0x79F6, 0x79F6, 0x79F6, 0x79F6, 0x79F6, 0x79F6,
    0x79F6, 0x7A16, 0x8216, 0x79F6, 0x7A16, 0x8216, 0x8216, 0x8216, 0x8216, 0x8216, 0x8216, 0x8216,
    0x8216, 0x8216, 0x8216, 0x8216, 0x8A36, 0x8A36, 0x8A37, 0x8A36, 0x8A37, 0x8A57, 0x8A37, 0x9257,
    0x9257, 0x9277, 0x9277, 0x9A76, 0x9A96, 0xA296, 0xA2B7, 0xA2D7, 0xAAF7, 0xAB17, 0xC456, 0xE5D6,
    0xF696, 0xF697, 0xF6B6, 0xF6D7, 0xF6D7, 0xF6D7, 0xF6F7, 0xF6F7, 0xF6F7, 0xF718, 0xF717, 0xF738,
    0xFF58, 0xFF58, 0xFF78, 0xF758, 0xF778, 0xF778, 0xFF78, 0xFF78, 0xFF78, 0xFF98, 0xFF99, 0xFF99,
    0xFFB9, 0xFF99, 0xFFB9, 0xFFB9, 0xFFB9, 0xFF99, 0xFF99, 0xFF99, 0xFFB9, 0xFFB9, 0xFFB9, 0xFFB9,
    0xFFB9, 0xFFB9, 0xFFBA, 0xFFBA, 0xFF9A, 0xFFBA, 0xFFBA, 0xFF9A, 0xFFBA, 0xFFBA, 0xFF9A, 0xFFBA,
    0xFFBA, 0xFFBB, 0xFFBB, 0xFF79, 0xEEB3, 0xEEB5, 0xF716, 0xE5D0, 0xD50D, 0xCCAD, 0xA36C, 0x9B2E,
    0x9B2E, 0x92ED, 0x828C, 0x71EA, 0x720A, 0x6A0A, 0x69CA, 0x61CA, 0x59AA, 0x620B, 0x620B, 0x59EB,
    0x59EB, 0x51EB, 0x59EB, 0x51EB, 0x498B, 0x394A, 0x5168, 0x6147, 0x6167, 0x5967, 0x28C7, 0x29CE,
    0x5BDA, 0x5BDA, 0x53D9, 0x53DA, 0x53BA, 0x3A75, 0x1885, 0x3129, 0x314A, 0x312A, 0x3129, 0x20C7,
    0x18A7, 0x20C7, 0x1864, 0x1864, 0x1865, 0x1044, 0x1044, 0x1044, 0x1064, 0x1864, 0x2087, 0x5950,
    0x81D5, 0x89F6, 0x8A17, 0x8A16, 0x8A16, 0x8216, 0x81F6, 0x8216, 0x8216, 0x8216, 0x8216, 0x8216,
    0x8216, 0x8216, 0x8216, 0x8216, 0x81F6, 0x79F6, 0x79F6, 0x81F6, 0x81F6, 0x81F6, 0x81F6, 0x81F6,
    0x81F6, 0x81F6, 0x81F6, 0x8216, 0x8216, 0x8217, 0x8217, 0x8217, 0x8217, 0x8216, 0x8217, 0x8217,
    0x81F6, 0x81D6, 0x81D6, 0x81F6, 0x81F6, 0x81F6, 0x81F6, 0x81F6, 0x81F6, 0x81F6, 0x81F6, 0x81F6,
    0x8236, 0x8216, 0x8216, 0x8236, 0x8236, 0x8236, 0x8237, 0x8237, 0x8257, 0x8237, 0x8A37, 0x8237,
    0x8237, 0x8A57, 0x8A57, 0x8A37, 0x8237, 0x8237, 0x7A36, 0x416D, 0x396C, 0x43B5, 0x53D5, 0x290A,
    0x310A, 0x310A, 0x312A, 0x312A, 0x314B, 0x312B, 0x4B53, 0x753B, 0x73D9, 0x8256, 0x8A36, 0x8A36,
    0x8A36, 0x8A36, 0x8A36, 0x8A36, 0x8A36, 0x8A37, 0x8A57, 0x8A57, 0x8A57, 0x8A37, 0x9237, 0x9237,
    0x9237, 0x9237, 0x9237, 0x9237, 0x9237, 0x8A37, 0x8A37, 0x9237, 0x9237, 0x9237, 0x9257, 0x9257,
    0x9A57, 0x9A57, 0x9A57, 0x9A57, 0x9A57, 0x9A77, 0x9A77, 0x9A77, 0x9A77, 0x9A97, 0x9A97, 0xA297,
    0xA297, 0xA2B7, 0xAAB7, 0xAAB7, 0xAAD7, 0xAAF7, 0xB2F7, 0xB2F8, 0xB317, 0xCC96, 0xE5D5, 0xF676,
    0xF676, 0xF696, 0xF6B7, 0xF6D7, 0xF6D7, 0xF6D7, 0xF6F7, 0xF6F7, 0xF6F7, 0xFF18, 0xFF18, 0xFF18,
    0xFF38, 0xFF38, 0xFF58, 0xFF58, 0xFF58, 0xFF58, 0xFF58, 0xFF78, 0xFF78, 0xFF79, 0xFF99, 0xFF99,
    0xFF99, 0xFF99, 0xFF99, 0xFF99, 0xFF99, 0xFF99, 0xFF99, 0xFF99, 0xFF99, 0xFF99, 0xFF99, 0xFF99,
    0xFF9A, 0xFF9A, 0xFF9A, 0xFF9A, 0xFF9A, 0xFF9A, 0xFF9A, 0xFF9A, 0xFF9A, 0xFF9A, 0xFF9A, 0xFF9A,
    0xFF9B, 0xFFBB, 0xF737, 0xF693, 0xF716, 0xF716, 0xEDF1, 0xDD2E, 0xCCCD, 0xC46D, 0xBC0D, 0x9B0B,
    0x92AB, 0x8A8A, 0x82AA, 0xB44E, 0xD552, 0xCD32, 0xCD12, 0xC4B2, 0xBC73, 0x51AA, 0x4969, 0x4128,
    0x416A, 0x49AA, 0x51EB, 0x51EB, 0x49CB, 0x49CB, 0x418A, 0x394A, 0x3949, 0x3149, 0x3969, 0x294A,
    0x3A30, 0x42D6, 0x42D7, 0x42F7, 0x42F7, 0x29B0, 0x1885, 0x3149, 0x314A, 0x314A, 0x20C8, 0x18A8,
    0x20A6, 0x1864, 0x1044, 0x1044, 0x1845, 0x1065, 0x1064, 0x1864, 0x1064, 0x38C9, 0x7191, 0x9237,
    0x9A37, 0x9A57, 0x9A57, 0x9A57, 0x9A57, 0x9257, 0x9257, 0x9237, 0x9257, 0x9257, 0x9257, 0x9A57,
    0x9A57, 0x9A57, 0x9A57, 0x9A57, 0x9A57, 0x9A57, 0x9237, 0x9237, 0x9236, 0x9236, 0x9237, 0x9236,
    0x9236, 0x9237, 0x9257, 0x9257, 0x9A57, 0x9A57, 0x9A57, 0x9A57, 0x9A57, 0x9A58, 0x9A57, 0x9A58,
    0x9237, 0x9216, 0x91F6, 0x9217, 0x81F5, 0x8216, 0x8236, 0x8236, 0x8236, 0x8236, 0x8A36, 0x8A36,
    0x8237, 0x8236, 0x8237, 0x8237, 0x8A37, 0x8A37, 0x8A37, 0x8A37, 0x8A57, 0x8A57, 0x8A57, 0x8A57,
    0x8A57, 0x8A57, 0x8A57, 0x8A57, 0x8277, 0x7213, 0x6A33, 0x312B, 0x290A, 0x28E9, 0x290A, 0x2909,
    0x28EA, 0x290A, 0x310A, 0x312A, 0x312B, 0x310B, 0x5333, 0x6C98, 0x6C38, 0x5AF7, 0x8257, 0x8A57,
    0x8A57, 0x8A57, 0x9257, 0x9277, 0x8A57, 0x9257, 0x9277, 0x9277, 0x8A57, 0x8A57, 0x9257, 0x9257,
    0x9257, 0x9257, 0x9257, 0x9257, 0x9257, 0x9257, 0x9237, 0x9257, 0x9257, 0x9257, 0x9A57, 0x9A77,
    0x9A77, 0x9A57, 0x9A57, 0x9A77, 0x9A77, 0x9A77, 0xA278, 0xA298, 0xA298, 0xA297, 0xA297, 0xA2B7,
    0xA2B7, 0xAAB7, 0xAAD7, 0xAAD7, 0xB2F7, 0xB2F8, 0xB2F8, 0xB317, 0xCC56, 0xE5B5, 0xF656, 0xF676,
    0xF696, 0xF697, 0xF6B7, 0xF6B7, 0xF6B7, 0xF6D7, 0xF6D7, 0xF6F7, 0xF6F8, 0xFF18, 0xFF18, 0xFF18,
    0xFF38, 0xFF38, 0xFF39, 0xFF59, 0xFF59, 0xF739, 0xF759, 0xFF59, 0xFF79, 0xFF79, 0xFF79, 0xFF79,
    0xFF79, 0xFF79, 0xFF79, 0xFF79, 0xFF79, 0xFF99, 0xFF79, 0xFF79, 0xFF79, 0xFF79, 0xFF7A, 0xFF7A,
    0xFF9A, 0xFF9A, 0xFF9A, 0xFF9A, 0xFF9A, 0xFF9A, 0xFF9A, 0xFF9A, 0xFF9A, 0xFF9A, 0xFF7A, 0xFF9B,
    0xFFBA, 0xEE94, 0xEE93, 0xF737, 0xF6B3, 0xED90, 0xD4AE, 0xC44D, 0xBBEC, 0xB3CC, 0xAB8B, 0xAB6C,
    0x9AAB, 0x9B4E, 0xD5D7, 0xC4F5, 0xBC74, 0xB454, 0xB454, 0xAC34, 0xAC14, 0xA413, 0xA413, 0x9BD3,
    0x5A0C, 0x416A, 0x4169, 0x51EB, 0x49CB, 0x49AB, 0x49AB, 0x41AA, 0x418A, 0x418A, 0x418A, 0x396A,
    0x2908, 0x18C8, 0x18C9, 0x18E9, 0x20E8, 0x20A6, 0x3109, 0x314A, 0x314A, 0x20C8, 0x20C9, 0x1886,
    0x1844, 0x1844, 0x1044, 0x1044, 0x1044, 0x1045, 0x1865, 0x1865, 0x492C, 0x79D3, 0x9A57, 0x9A57,
    0x9A77, 0x9A77, 0x9A77, 0x9A77, 0x9A77, 0x9A57, 0x9A57, 0x9A57, 0x9A57, 0x9A77, 0x9A77, 0x9A77,
    0x9A77, 0x9A77, 0x9A77, 0x9A77, 0x9A77, 0x9A57, 0x9A57, 0x9A57, 0x9A57, 0x9A57, 0x9A57, 0x9A57,
    0x9A37, 0x9A57, 0x9A57, 0x9A57, 0x9A58, 0x9A58, 0x9A57, 0x9A57, 0x9A58, 0x9A78, 0x9A78, 0x9A57,
    0x9A37, 0x9A37, 0x7257, 0x6A76, 0x28CB, 0x20CA, 0x28EA, 0x28CA, 0x28CA, 0x28CA, 0x28CA, 0x28CA,
    0x79F6, 0x71F6, 0x79F6, 0x79F6, 0x79F6, 0x7A16, 0x7A16, 0x7A16, 0x8216, 0x8216, 0x8216, 0x8216,
    0x8216, 0x8236, 0x8236, 0x8A17, 0x8217, 0x6972, 0x6972, 0x6952, 0x6952, 0x6952, 0x6952, 0x6952,
    0x6952, 0x6952, 0x6972, 0x6972, 0x6972, 0x6973, 0x7193, 0x71B4, 0x79F5, 0xBAF8, 0x9A77, 0x7A36,
    0x8216, 0x8216, 0x8216, 0x8A16, 0x8216, 0x8A16, 0x8A36, 0x8A36, 0x8A36, 0x8216, 0x8A16, 0x8A16,
    0x8A16, 0x8A16, 0x8A16, 0x8A16, 0x8A16, 0x89F6, 0x89F5, 0x8A15, 0x8A15, 0x8A15, 0x8A16, 0x9236,
    0x9236, 0x9236, 0x9236, 0x9236, 0x9236, 0x9236, 0x9256, 0x9256, 0x9256, 0x9A56, 0x9A56, 0x9A56,
    0x9A56, 0xA276, 0xA297, 0xAAB7, 0xAAB7, 0xAAB7, 0xAAD6, 0xBBD5, 0xE5B5, 0xEE15, 0xEE56, 0xF676,
    0xF677, 0xF697, 0xF6B7, 0xF6B7, 0xF6B7, 0xF6D7, 0xF6D7, 0xF6D7, 0xF6F8, 0xFEF8, 0xFF18, 0xFF18,
    0xFF38, 0xFF38, 0xFF59, 0xFF59, 0xFF59, 0xFF59, 0xFF59, 0xFF59, 0xFF59, 0xFF59, 0xFF59, 0xFF59,
    0xFF79, 0xFF79, 0xFF7A, 0xFF79, 0xFF79, 0xFF79, 0xFF7A, 0xFF79, 0xFF79, 0xFF79, 0xFF7A, 0xFF7A,
    0xFF7A, 0xFF7A, 0xFF7A, 0xFF7A, 0xFF7A, 0xFF7A, 0xFF7A, 0xFF7A, 0xFF7A, 0xFF7A, 0xFF7B, 0xFF79,
    0xEE51, 0xEEB5, 0xF757, 0xEE31, 0xE50F, 0xD50F, 0xD570, 0xF6D5, 0xF6D5, 0xEEB5, 0xEEB5, 0xE656,
    0x720B, 0x724D, 0xB454, 0xB434, 0xAC34, 0xAC34, 0xAC14, 0xAC14, 0xA414, 0xA3F3, 0xA3D3, 0xA3D3,
    0x9BD4, 0x51CC, 0x28C7, 0x3929, 0x49CB, 0x49AB, 0x49AB, 0x418A, 0x41AA, 0x41AA, 0x3969, 0x3149,
    0x398B, 0x3129, 0x2908, 0x2908, 0x3109, 0x396A, 0x314A, 0x2929, 0x1887, 0x20C9, 0x1865, 0x1844,
    0x1865, 0x1865, 0x1865, 0x1865, 0x1865, 0x1865, 0x1845, 0x596E, 0x81F3, 0x9236, 0x9236, 0x9236,
    0x9256, 0x9236, 0x9256, 0x9236, 0x9236, 0x9236, 0x9236, 0x9236, 0x9236, 0x9236, 0x9236, 0x9236,
    0x9236, 0x9236, 0x9216, 0x9216, 0x8A16, 0x9216, 0x9216, 0x8A16, 0x8A16, 0x9216, 0x8A16, 0x89F6,
    0x8A16, 0x8A16, 0x8A16, 0x9216, 0x9216, 0x9216, 0x9216, 0x9216, 0x9216, 0x9216, 0x9216, 0x89F6,
    0x8216, 0x59F3, 0x42D6, 0x4337, 0x290C, 0x28CB, 0x28EA, 0x20EA, 0x20EA, 0x20EA, 0x20EA, 0x28EA,
    0x9257, 0x9257, 0x9257, 0x9A77, 0x9A77, 0x9A77, 0x9A77, 0x9A77, 0x9A77, 0x9A77, 0x9A77, 0x9A77,
    0x9A77, 0x9A97, 0x9A97, 0x7213, 0x5170, 0x5170, 0x5971, 0x5170, 0x5170, 0x5170, 0x5170, 0x5171,
    0x5170, 0x5970, 0x5970, 0x5990, 0x5991, 0x5991, 0x5991, 0x59B1, 0x61D4, 0x9A57, 0xC215, 0xA256,
    0x8AB8, 0x92B8, 0xA298, 0xA277, 0xA277, 0xA277, 0xA277, 0xA277, 0xA277, 0xA277, 0xA277, 0xA277,
    0xA277, 0xA277, 0xA277, 0xA277, 0xA257, 0xA257, 0xA277, 0xA277, 0xA277, 0xA277, 0xA277, 0xAA97,
    0xAA97, 0xAA97, 0xAA77, 0xAA77, 0xAA97, 0xAA97, 0xAA97, 0xAAB7, 0xAAB7, 0xAAB7, 0xB2B7, 0xB2D7,
    0xB2D7, 0xB2F7, 0xBB17, 0xBB18, 0xBB38, 0xBB58, 0xC416, 0xF5F6, 0xF616, 0xEE36, 0xEE56, 0xF656,
    0xF677, 0xF697, 0xF6B7, 0xF6B7, 0xF6B7, 0xF6D7, 0xF6D7, 0xF6D8, 0xF6F8, 0xF6F8, 0xFF18, 0xF718,
    0xFF18, 0xFF38, 0xFF39, 0xFF39, 0xFF39, 0xFF39, 0xFF39, 0xFF39, 0xFF59, 0xFF59, 0xFF59, 0xFF59,
    0xFF59, 0xFF59, 0xFF79, 0xFF5A, 0xFF5A, 0xFF5A, 0xFF5A, 0xFF59, 0xFF5A, 0xFF7A, 0xFF7A, 0xFF7A,
    0xFF7A, 0xFF7A, 0xFF7A, 0xFF7A, 0xFF7A, 0xFF7A, 0xFF7A, 0xFF7A, 0xFF7A, 0xFF7A, 0xF737, 0xEE30,
    0xF737, 0xFF77, 0xF611, 0xE4EF, 0xDD72, 0xE654, 0xEE54, 0xD512, 0xD4B2, 0xCC72, 0xBC11, 0xB412,
    0x61CB, 0x59AB, 0x620D, 0x59ED, 0x59ED, 0x59ED, 0x622E, 0x8B52, 0xA3F3, 0xA3D3, 0x9BB3, 0x93B3,
    0x7AF1, 0x394A, 0x2087, 0x30E8, 0x418A, 0x418A, 0x3129, 0x626E, 0x8B72, 0x8352, 0x72D0, 0x628E,
    0x20E7, 0x396A, 0x396A, 0x394A, 0x396A, 0x314A, 0x2909, 0x1867, 0x20C8, 0x1845, 0x1845, 0x1865,
    0x1865, 0x1865, 0x1865, 0x1885, 0x1885, 0x20A7, 0x616E, 0x9A77, 0xA297, 0xAAB7, 0xAA97, 0xAAB7,
    0xAA97, 0xAA97, 0xAA97, 0xAA97, 0xAA97, 0xAA97, 0xAA97, 0xAA97, 0xAA97, 0xAA97, 0xAA97, 0xAA97,
    0xAA97, 0xAA97, 0xAA97, 0xAA97, 0xA277, 0xA277, 0xA277, 0xA277, 0xA277, 0xAA77, 0xAA77, 0xAA77,
    0xA277, 0xA277, 0xA277, 0xA277, 0xA278, 0xA278, 0xAA77, 0xA278, 0xAA57, 0xA257, 0x9A77, 0x5A14,
    0x4212, 0x39F2, 0x4336, 0x53B8, 0x292D, 0x28EB, 0x20EB, 0x28EB, 0x28EA, 0x28EA, 0x28EB, 0x28EB,
    0x61D2, 0x8216, 0x8216, 0x8216, 0x8237, 0x8A37, 0x8A36, 0x8A36, 0x8A36, 0x8A36, 0x8A36, 0x8A36,
    0x8A36, 0x8A36, 0x8A56, 0x59D0, 0x2109, 0x210A, 0x210A, 0x20EA, 0x210A, 0x210A, 0x20EA, 0x210A,
    0x210A, 0x210A, 0x210A, 0x210A, 0x290A, 0x290A, 0x290B, 0x210B, 0x316E, 0x5A76, 0x8255, 0xCA76,
    0xC235, 0xA277, 0x8A77, 0x9277, 0x9257, 0x9257, 0x9237, 0x9236, 0x9236, 0x9236, 0x9236, 0x9236,
    0x9236, 0x9237, 0x9237, 0x9237, 0x9236, 0x9236, 0x9236, 0x9237, 0x9257, 0x9256, 0x9256, 0x9257,
    0x9A56, 0x9A57, 0x9A57, 0x9A57, 0x9A57, 0x9A57, 0x9A77, 0xA277, 0xA277, 0xA277, 0xA297, 0xA297,
    0xA2B7, 0xAAD7, 0xB2D7, 0xB2F8, 0xB317, 0xC3F5, 0xEDD6, 0xEDF6, 0xEDF6, 0xEE16, 0xEE36, 0xF657,
    0xF677, 0xF677, 0xF697, 0xF6B7, 0xF6B7, 0xF6D7, 0xF6D7, 0xF6D8, 0xF6D8, 0xF6F8, 0xFF18, 0xF718,
    0xFF18, 0xFF19, 0xFF39, 0xFF39, 0xFF39, 0xFF39, 0xFF39, 0xFF39, 0xFF39, 0xFF59, 0xFF59, 0xFF59,
    0xFF59, 0xFF59, 0xFF5A, 0xFF5A, 0xFF5A, 0xFF5A, 0xFF5A, 0xFF5A, 0xFF5A, 0xFF7A, 0xFF7A, 0xFF7A,
    0xFF5A, 0xFF5A, 0xFF5A, 0xFF7A, 0xFF7A, 0xFF7A, 0xFF5A, 0xFF7B, 0xFF7B, 0xF716, 0xEE50, 0xFF99,
    0xF6F5, 0xED70, 0xD48E, 0xE611, 0xEE73, 0xE5B4, 0xD513, 0xCCD3, 0xC493, 0xABD1, 0x7A4E, 0x59AB,
    0x5189, 0x4948, 0x4108, 0x4108, 0x4128, 0x4128, 0x3909, 0x392A, 0x51CD, 0x72D0, 0x72D0, 0x51EE,
    0x392A, 0x30C7, 0x20A6, 0x3108, 0x498B, 0x418A, 0x20A7, 0x5A6F, 0x6AB1, 0x6AD1, 0x6AB1, 0x49ED,
    0x18A6, 0x314A, 0x394A, 0x394A, 0x396A, 0x2908, 0x20A7, 0x20A8, 0x1865, 0x1865, 0x1865, 0x1865,
    0x1865, 0x1865, 0x1865, 0x1865, 0x30C8, 0x616E, 0x9A76, 0xA277, 0xA276, 0xA297, 0x9A77, 0x9A76,
    0x9A77, 0x9A77, 0x9A77, 0x9A57, 0x9A57, 0x9A57, 0x9A57, 0x9A57, 0x9A57, 0x9A57, 0x9A57, 0x9A57,
    0x9A57, 0x9A57, 0x9A57, 0x9A56, 0x9256, 0x9236, 0xA235, 0xAA34, 0x9A37, 0x9A37, 0x9A37, 0x9A37,
    0x9237, 0x9237, 0x9237, 0x9A57, 0x9A57, 0x9A57, 0x9A57, 0x9A57, 0x8A77, 0x6254, 0x4213, 0x4212,
    0x3A12, 0x39F1, 0x4357, 0x53B9, 0x290D, 0x38EB, 0x694A, 0x516B, 0x30EA, 0x698B, 0x598B, 0x310B,
    0x61B1, 0x8A17, 0x8A16, 0x9236, 0x9236, 0x9257, 0x9257, 0x9256, 0x9256, 0x9A56, 0x9A56, 0x9256,
    0x9A36, 0x9A37, 0x9A37, 0x59D0, 0x210A, 0x210A, 0x290A, 0x210A, 0x210A, 0x210A, 0x210A, 0x210A,
    0x210A, 0x210A, 0x210A, 0x210A, 0x210B, 0x210B, 0x210B, 0x290B, 0x294E, 0x4235, 0x4235, 0x5A15,
    0xA236, 0xD277, 0xAA77, 0x9A77, 0xA277, 0xA257, 0x9A56, 0x9A56, 0x9A56, 0x9A56, 0x9A56, 0x9A56,
    0x9A56, 0x9A56, 0x9A56, 0x9A56, 0xA256, 0xA256, 0xA256, 0xA256, 0xA256, 0xA256, 0xA256, 0xA256,
    0xA277, 0xA277, 0xAA77, 0xAA77, 0xAA97, 0xAA97, 0xAA97, 0xAA97, 0xAA96, 0xAA96, 0xB2B6, 0xB2B6,
    0xB2B7, 0xB2D7, 0xBAF7, 0xBB17, 0xCC75, 0xEDB6, 0xEDD6, 0xEDD6, 0xEDF6, 0xEE17, 0xF637, 0xF637,
    0xF657, 0xF677, 0xF697, 0xF6B8, 0xF6B8, 0xF6D8, 0xF6D8, 0xF6D8, 0xF6D8, 0xF6F8, 0xF6F8, 0xF718,
    0xF718, 0xFF19, 0xFF19, 0xFF39, 0xFF39, 0xFF19, 0xF739, 0xF739, 0xFF39, 0xFF39, 0xFF59, 0xFF39,
    0xFF59, 0xFF5A, 0xFF5A, 0xFF5A, 0xFF5A, 0xFF5A, 0xFF5A, 0xFF5A, 0xFF5A, 0xFF5A, 0xFF5A, 0xFF5A,
    0xFF5A, 0xFF5A, 0xFF5A, 0xFF5A, 0xFF5A, 0xFF5B, 0xFF5B, 0xFF9A, 0xEEB3, 0xEE91, 0xFF78, 0xF6B2,
    0xE52D, 0xC3CC, 0xE672, 0xE5F4, 0xDD54, 0xD4F3, 0xCCB3, 0xBC32, 0x930F, 0x69CC, 0x59AB, 0x6A0B,
    0xB453, 0xB433, 0xAC33, 0xAC33, 0xAC54, 0xB475, 0x624C, 0x4129, 0x30E8, 0x4149, 0x5A0D, 0x51EB,
    0x9BD3, 0x9BB3, 0x624F, 0x28C8, 0x28E7, 0x498B, 0x3929, 0x20C7, 0x28C8, 0x28C8, 0x2909, 0x20C7,
    0x20C7, 0x314A, 0x314A, 0x314A, 0x20C7, 0x20E9, 0x20A7, 0x1865, 0x1865, 0x1865, 0x1865, 0x1865,
    0x1865, 0x1866, 0x1866, 0x410A, 0x79D1, 0xAA77, 0xAA97, 0xAA96, 0xAA97, 0xAA96, 0xAA96, 0xA296,
    0xA276, 0xA276, 0xA276, 0xA276, 0xA276, 0xA276, 0xA276, 0xAA77, 0xAA77, 0xAA57, 0xA257, 0xA257,
    0xA257, 0xA256, 0xA276, 0xA276, 0xA256, 0xA256, 0xC250, 0xD28E, 0xB275, 0xAA57, 0xA277, 0xA257,
    0xA257, 0xA257, 0xA256, 0xA256, 0xA277, 0xA277, 0xAA76, 0xA257, 0x6A55, 0x3A12, 0x4293, 0x53D6,
    0x753B, 0x3A53, 0x4B78, 0x5BF9, 0x292D, 0x492B, 0xAA6D, 0x8A6E, 0x412B, 0xB2CE, 0x8A8F, 0x492B,
    0x69B2, 0xA278, 0xA277, 0xA277, 0xA277, 0xA297, 0xA297, 0xA297, 0xA297, 0xA297, 0xA297, 0xA297,
    0xA277, 0xA277, 0xA277, 0x61F1, 0x2109, 0x210A, 0x210A, 0x210A, 0x210A, 0x210A, 0x290A, 0x210A,
    0x210A, 0x292B, 0x210B, 0x4312, 0x5CDA, 0x64FA, 0x64FA, 0x4AD2, 0x314F, 0x4AD7, 0x53BA, 0x4AD7,
    0x4A56, 0x7236, 0x8257, 0xAA98, 0xAA97, 0xAA97, 0xAA97, 0xAA97, 0xAA97, 0xAA97, 0xAA97, 0xAA97,
    0xAA97, 0xAA97, 0xAA97, 0xAA97, 0xAA97, 0xAA97, 0xB297, 0xB297, 0xB297, 0xB297, 0xB297, 0xB297,
    0xB297, 0xB2B7, 0xB2B7, 0xB2B7, 0xB2B7, 0xB2B8, 0xBAD8, 0xBAD7, 0xBAD7, 0xBAD7, 0xBAF7, 0xBAF7,
    0xBB18, 0xC318, 0xBB16, 0xDCB6, 0xE575, 0xEDD6, 0xEDD6, 0xEDF7, 0xEDF7, 0xF617, 0xF617, 0xF637,
    0xF657, 0xF657, 0xF678, 0xF698, 0xF698, 0xF6B8, 0xF6D8, 0xF6D8, 0xF6D8, 0xF6D8, 0xF6F8, 0xF6F8,
    0xF6F9, 0xF719, 0xFF19, 0xFF19, 0xFF19, 0xF719, 0xFF19, 0xFF39, 0xFF39, 0xF739, 0xFF39, 0xFF39,
    0xFF3A, 0xFF3A, 0xFF3A, 0xFF5A, 0xFF3A, 0xFF3A, 0xFF3A, 0xFF5A, 0xFF5A, 0xFF5A, 0xFF5A, 0xFF5A,
    0xFF5A, 0xFF5A, 0xFF5A, 0xFF5A, 0xF75B, 0xFF3A, 0xF759, 0xEE71, 0xF6F4, 0xFF99, 0xF691, 0xF5CE,
    0xDCCD, 0xB36C, 0xEED4, 0xE5D4, 0xD514, 0xCCD3, 0xC493, 0x8B0F, 0x61AB, 0x6A0B, 0x8B2F, 0xBC74,
    0xA3F3, 0xA3D3, 0xA3D3, 0x9BD3, 0x9BD3, 0x9BB2, 0x9B92, 0x5A0D, 0x28C7, 0x49AA, 0xA3F4, 0x9BD3,
    0x9BB3, 0x9BD4, 0x6250, 0x20A7, 0x2086, 0x416B, 0x418B, 0x416A, 0x3108, 0x3109, 0x3109, 0x3129,
    0x396B, 0x394A, 0x314A, 0x1887, 0x290A, 0x20A7, 0x2085, 0x2065, 0x1865, 0x1865, 0x1866, 0x1866,
    0x2086, 0x1886, 0x61EB, 0xA2F4, 0xBAD9, 0xB2D7, 0xB2D7, 0xB2D7, 0xB2D7, 0xB2D7, 0xB2D7, 0xB2D7,
    0xB2D7, 0xB2B7, 0xB2B7, 0xB2B7, 0xB2B7, 0xB2B7, 0xB297, 0xB2B7, 0xB2B7, 0xB2B7, 0xB297, 0xB297,
    0xB2B7, 0xB297, 0xB297, 0xB297, 0xB297, 0xB297, 0xA297, 0x8255, 0xBAB7, 0xB297, 0xB297, 0xB297,
    0xB297, 0xB297, 0xB297, 0xB297, 0xB297, 0xB297, 0xB297, 0xB297, 0x6A55, 0x3A12, 0x64B9, 0x757C,
    0x753B, 0x3A53, 0x4B77, 0x5BF9, 0x292D, 0x28EC, 0x290B, 0x290C, 0x28EB, 0x290B, 0x290B, 0x20EB,
    0x6191, 0x9218, 0x8A17, 0x9217, 0x9237, 0x9237, 0x9236, 0x9236, 0x9236, 0x9236, 0x9236, 0x9236,
    0x9236, 0x9236, 0x9A36, 0x59D0, 0x210A, 0x210A, 0x210A, 0x290A, 0x290A, 0x290A, 0x290A, 0x290B,
    0x290B, 0x290B, 0x290B, 0x296D, 0x39EF, 0x39EF, 0x39EF, 0x398D, 0x3170, 0x4A97, 0x5B9A, 0x641B,
    0x5BBA, 0x5AF9, 0x6A17, 0x9A36, 0x9A36, 0x9A36, 0x9A36, 0x9A36, 0x9A36, 0x9A36, 0x9A36, 0x9A36,
    0x9A36, 0x9A36, 0x9A36, 0x9A36, 0x9A36, 0x9A36, 0x9A36, 0x9A36, 0x9A36, 0x9A36, 0x9A56, 0x9A56,
    0x9A56, 0xA256, 0xA276, 0xA277, 0xA277, 0xA277, 0xAA76, 0xAA77, 0xAA96, 0xAA97, 0xB297, 0xB2B7,
    0xB2B7, 0xBAF6, 0xDCB6, 0xED76, 0xEDB6, 0xEDD6, 0xEDD6, 0xEDF7, 0xEDF7, 0xF617, 0xF617, 0xF617,
    0xF637, 0xF658, 0xF678, 0xF678, 0xF678, 0xF698, 0xF6B8, 0xF6B8, 0xF6D8, 0xF6D8, 0xF6D8, 0xF6F9,
    0xF6F9, 0xF6F9, 0xFF19, 0xFF19, 0xF719, 0xFF19, 0xFF19, 0xFF19, 0xFF39, 0xF719, 0xF719, 0xF719,
    0xFF3A, 0xFF3A, 0xFF3A, 0xFF3A, 0xFF3A, 0xFF3A, 0xFF3A, 0xFF3A, 0xFF5A, 0xFF5A, 0xFF5A, 0xFF5A,
    0xFF5B, 0xFF5B, 0xFF5B, 0xF75B, 0xF75A, 0xF737, 0xEE2F, 0xF736, 0xFF76, 0xF670, 0xEDAD, 0xE52D,
    0xCC4D, 0xA30B, 0xEED4, 0xE5D4, 0xD4F4, 0xC493, 0xB412, 0x59AA, 0x5148, 0x82CE, 0xAC34, 0xA3F3,
    0xA3F3, 0x9BD3, 0x9BD3, 0x9BB2, 0x9BB2, 0x9BB3, 0x8B72, 0x51EC, 0x28C7, 0x498A, 0x9BD3, 0x9BB3,
    0x93B3, 0x9BB3, 0x5A2F, 0x20A7, 0x20A6, 0x418B, 0x418B, 0x416B, 0x396B, 0x396B, 0x396B, 0x396B,
    0x396A, 0x3109, 0x20A9, 0x290A, 0x2086, 0x2086, 0x2086, 0x2086, 0x2086, 0x2086, 0x2086, 0x2087,
    0x2066, 0x82CE, 0xC433, 0xD437, 0xAAD7, 0xAA97, 0xAA97, 0xAA97, 0xAA96, 0xA296, 0xA276, 0xA276,
    0xA277, 0xA277, 0xA276, 0xA256, 0x9A56, 0x9A56, 0x9A56, 0x9A36, 0x9A36, 0x9A36, 0x9A57, 0xA257,
    0xA256, 0xA257, 0xA256, 0xA256, 0xA257, 0xA256, 0x9256, 0x61D4, 0x9A37, 0xA256, 0xA256, 0xA256,
    0xA256, 0xA256, 0xA256, 0xA236, 0xA236, 0xA236, 0xA236, 0xA235, 0x6234, 0x3A33, 0x64DA, 0x759C,
    0x755C, 0x4253, 0x4B77, 0x5C19, 0x314D, 0x290C, 0x290B, 0x28EB, 0x20EB, 0x20EB, 0x20EB, 0x20EB,
    0x414D, 0x5190, 0x51AF, 0x59AF, 0x59D0, 0x71F2, 0xAA57, 0xAA56, 0xAA76, 0xA276, 0xAA76, 0xAA76,
    0xAA76, 0xAA96, 0xAA97, 0x69F1, 0x210A, 0x210A, 0x210A, 0x29EE, 0x298C, 0x3250, 0x3250, 0x3250,
    0x3250, 0x3250, 0x3250, 0x3A51, 0x3A50, 0x3250, 0x3A50, 0x31AE, 0x314F, 0x4A97, 0x52B8, 0x5298,
    0x5BBB, 0x639B, 0x6A16, 0xB297, 0xB276, 0xB276, 0xB296, 0xAA76, 0xAA76, 0xAA76, 0xAA96, 0xAA96,
    0xAA96, 0xAA96, 0xAA96, 0xAA96, 0xAA96, 0xAA76, 0xB296, 0xB276, 0xB296, 0xB296, 0xB296, 0xB296,
    0xB296, 0xB2B6, 0xB2B6, 0xB2B6, 0xB2B6, 0xB2D7, 0xBAD7, 0xBAD6, 0xBAD6, 0xBAD7, 0xC2F7, 0xC2F7,
    0xC357, 0xD476, 0xED76, 0xED96, 0xEDB6, 0xEDB6, 0xEDD6, 0xEDF7, 0xEDF7, 0xEE17, 0xF617, 0xF637,
    0xF637, 0xF658, 0xF658, 0xF658, 0xF678, 0xF678, 0xF678, 0xF698, 0xF6B9, 0xF6B9, 0xF6D9, 0xF6D9,
    0xF6D9, 0xF6F9, 0xFEF9, 0xFEF9, 0xFEF9, 0xFF19, 0xFF19, 0xF719, 0xFF19, 0xFF1A, 0xFF1A, 0xFF1A,
    0xFF1A, 0xFF1A, 0xFF1A, 0xFF1A, 0xFF3A, 0xFF3A, 0xFF3A, 0xFF3A, 0xFF3A, 0xFF3A, 0xFF3A, 0xFF3A,
    0xFF3A, 0xFF3B, 0xFF5B, 0xFF5A, 0xF6D5, 0xEE91, 0xFF78, 0xFF55, 0xF62F, 0xEDAD, 0xDD2D, 0xD4CD,
    0xC3ED, 0x9ACA, 0xEE94, 0xDD74, 0xC473, 0xB3F1, 0x9B71, 0x598A, 0x4949, 0x7AAD, 0xAC13, 0xA3D3,
    0xA3D3, 0x9BD3, 0x9BD3, 0x9BB2, 0x9BB3, 0x8B52, 0x5A2E, 0x3109, 0x30E8, 0x5A2C, 0x9393, 0x93B3,
    0x9393, 0x9393, 0x520E, 0x20A7, 0x20A6, 0x41AB, 0x418B, 0x418B, 0x398B, 0x396B, 0x398B, 0x398B,
    0x2908, 0x20C9, 0x28E9, 0x2066, 0x2086, 0x2066, 0x1866, 0x2066, 0x2066, 0x2086, 0x2087, 0x2066,
    0xA3B1, 0xDCF5, 0xE536, 0xE516, 0xE4B8, 0xBAF7, 0xBAD7, 0xBAD7, 0xBAD7, 0xBAD6, 0xBAD6, 0xB2D7,
    0xB2D6, 0xB2B6, 0xB2B7, 0xB2B6, 0xB2B6, 0xB296, 0xB296, 0xB296, 0xAA96, 0xAA96, 0xB296, 0xB296,
    0xB296, 0xB296, 0xB296, 0xB296, 0xB296, 0xB296, 0xA2B7, 0x71F3, 0xBA97, 0xB296, 0xB297, 0xB296,
    0xB296, 0xB296, 0xB296, 0xB296, 0xB296, 0xB296, 0xB296, 0xB276, 0x7255, 0x3A33, 0x64BA, 0x757C,
    0x751C, 0x4253, 0x4B77, 0x5C1A, 0x314E, 0x310C, 0x410C, 0x410C, 0x410C, 0x390B, 0x410B, 0x410B,
    0x20E8, 0x20E8, 0x20E9, 0x20E9, 0x20E9, 0x514D, 0xAA76, 0xAA76, 0xAA96, 0xAA96, 0xAA96, 0xAAB6,
    0xAAB6, 0xB2B6, 0xB297, 0x6A11, 0x290A, 0x290B, 0x212B, 0x4BD6, 0x3AB1, 0x6D1A, 0x64D9, 0x64B9,
    0x64D9, 0x64B9, 0x64B9, 0x64B9, 0x64B8, 0x64B8, 0x6CB8, 0x5312, 0x3170, 0x5319, 0x5BDA, 0x5BBA,
    0x52B8, 0x5257, 0x7237, 0xBAB6, 0xB296, 0xB296, 0xB2B6, 0xB2B6, 0xB2B6, 0xB296, 0xB296, 0xB296,
    0xB296, 0xB2B6, 0xB2B6, 0xB2B6, 0xB2B6, 0xB2B6, 0xB2B6, 0xB2B6, 0xB2B6, 0xB2B6, 0xB2B6, 0xB2B6,
    0xB2B6, 0xB2D6, 0xB2D6, 0xBAD6, 0xBAD6, 0xBAF6, 0xBAF7, 0xBAF7, 0xBAF6, 0xC2F7, 0xC2F7, 0xC356,
    0xCC35, 0xED56, 0xED76, 0xED96, 0xEDB7, 0xEDB7, 0xEDD7, 0xEDF7, 0xEDF7, 0xEE17, 0xF617, 0xF637,
    0xF638, 0xF638, 0xF658, 0xF658, 0xF658, 0xF678, 0xF678, 0xF698, 0xF699, 0xF699, 0xF699, 0xF6B9,
    0xF6B9, 0xF6D9, 0xF6D9, 0xF6D9, 0xF6D9, 0xF6F9, 0xF6F9, 0xF6F9, 0xF6FA, 0xF6FA, 0xFF1A, 0xF71A,
    0xFF1A, 0xFF1A, 0xFF1A, 0xFF1A, 0xFF1A, 0xF71A, 0xF71A, 0xF71A, 0xF73A, 0xF73A, 0xF73A, 0xFF3A,
    0xFF3A, 0xF73A, 0xF759, 0xF6D3, 0xEEB3, 0xFF98, 0xF6F3, 0xF60E, 0xE58E, 0xDD0D, 0xD4CD, 0xC46D,
    0xB3CD, 0x8A4B, 0xA390, 0x9B30, 0x8AAE, 0x722C, 0x69EC, 0x5989, 0x4928, 0x518A, 0x7AD0, 0x9393,
    0x9393, 0x9393, 0x9393, 0x8B73, 0x6A90, 0x49AC, 0x28C8, 0x416A, 0x72AE, 0x9BB3, 0x9393, 0x93B3,
    0x93B3, 0x93B3, 0x5A0F, 0x20A7, 0x20A6, 0x41AC, 0x418B, 0x398B, 0x396B, 0x396B, 0x396B, 0x20C8,
    0x290A, 0x20C8, 0x1866, 0x2066, 0x2066, 0x2066, 0x2066, 0x2087, 0x2087, 0x20A7, 0x3908, 0xB433,
    0xE536, 0xE556, 0xE576, 0xE556, 0xE556, 0xE4D8, 0xBB17, 0xC2F7, 0xC2F7, 0xBAF7, 0xBAF7, 0xBAF7,
    0xBAF7, 0xBAF7, 0xBAF7, 0xB2D6, 0xB2D6, 0xB2D6, 0xB2B6, 0xB2B6, 0xB2B6, 0xB2B6, 0xB2B6, 0xB2B6,
    0xB2B6, 0xB2B6, 0xB2B6, 0xB2B6, 0xB2B6, 0xBAB6, 0xA2B7, 0x71F3, 0xBA97, 0xB296, 0xB296, 0xB2B6,
    0xB2B6, 0xB2D7, 0xB2D6, 0xBAD6, 0xB2B6, 0xB2B6, 0xB2B6, 0xBA96, 0x7275, 0x4253, 0x5BB7, 0x5336,
    0x4A13, 0x51D2, 0x4B78, 0x5C19, 0x316E, 0x616E, 0xAA53, 0xAA52, 0xAA32, 0xAA52, 0xAA32, 0xAA51,
    0x20E9, 0x20E9, 0x20E9, 0x2109, 0x2909, 0x596E, 0xB277, 0xB276, 0xB296, 0xB296, 0xB2B6, 0xB2B6,
    0xB2B6, 0xB2B6, 0xB297, 0x6A11, 0x212B, 0x290B, 0x292B, 0x292B, 0x292B, 0x292B, 0x290B, 0x290B,
    0x290B, 0x290B, 0x290B, 0x290B, 0x210B, 0x210B, 0x290B, 0x292C, 0x314F, 0x4A16, 0x5298, 0x5B9A,
    0x5C1B, 0x5BBB, 0x7236, 0xBAB6, 0xBA96, 0xB2B6, 0xB2B6, 0xB2B6, 0xB2B6, 0xB2B6, 0xB2B6, 0xB2B6,
    0xB2B5, 0xB2B5, 0xB2B5, 0xB2B6, 0xB2B6, 0xB2B6, 0xB2D6, 0xBAD6, 0xBAD6, 0xBAD6, 0xBAD6, 0xBAD6,
    0xBAD6, 0xBAD6, 0xBAD6, 0xBAD6, 0xBAF6, 0xBAF6, 0xC317, 0xC2F6, 0xC316, 0xC2F7, 0xC356, 0xCC35,
    0xE556, 0xE556, 0xED76, 0xED96, 0xEDB7, 0xEDB7, 0xEDD7, 0xEDF7, 0xEDF7, 0xEE17, 0xF617, 0xF617,
    0xF638, 0xF638, 0xF638, 0xF658, 0xF658, 0xF658, 0xF678, 0xF678, 0xF678, 0xF679, 0xF699, 0xF699,
    0xF6B9, 0xF6B9, 0xF6D9, 0xF6D9, 0xF6D9, 0xF6D9, 0xF6D9, 0xF6D9, 0xF6DA, 0xF6FA, 0xF6FA, 0xF6FA,
    0xF6FA, 0xF6FA, 0xFEFA, 0xF71A, 0xF71A, 0xF71A, 0xFF1A, 0xF71A, 0xFF1A, 0xFF3A, 0xF73B, 0xFF3A,
    0xFF1A, 0xF6D6, 0xEE90, 0xF6D3, 0xFF56, 0xF64F, 0xEDAD, 0xDD2D, 0xD4ED, 0xCC8C, 0xC44C, 0xBC0C,
    0xAB8C, 0x7A4A, 0x69CA, 0x8AEE, 0x9B70, 0xC4D5, 0xBCB5, 0xBCB5, 0x620C, 0x4948, 0x4129, 0x496B,
    0x496B, 0x496B, 0x498C, 0x496B, 0x3909, 0x28A7, 0x6A6D, 0x8B31, 0x9BB3, 0x9393, 0x9393, 0x93B3,
    0x9BD4, 0x6230, 0x310B, 0x1886, 0x2086, 0x396B, 0x396B, 0x396B, 0x394A, 0x3149, 0x20A7, 0x28EA,
    0x2087, 0x2066, 0x2086, 0x2086, 0x2086, 0x2086, 0x2087, 0x28A7, 0x28A8, 0x622C, 0xCCF5, 0xED76,
    0xED76, 0xED76, 0xED76, 0xED76, 0xED76, 0xED56, 0xDC97, 0xC337, 0xC317, 0xC317, 0xC2F7, 0xBAF7,
    0xBAF7, 0xBAF7, 0xBAF6, 0xBAF6, 0xBAD6, 0xB2D6, 0xB2D6, 0xB2D6, 0xB2D6, 0xBAB6, 0xBAD6, 0xBAB6,
    0xBAD6, 0xBAD6, 0xBAD6, 0xBAD6, 0xBAB6, 0xBA96, 0xA2B7, 0x69F3, 0xBAB7, 0xBA96, 0xBAB6, 0xBAB6,
    0xBAB6, 0xBAD6, 0xBAD6, 0xBAD6, 0xBAD6, 0xBAD6, 0xBAB6, 0xBAB6, 0x7275, 0x3A33, 0x4212, 0x79F1,
    0x89F1, 0x9273, 0x53B8, 0x5C5A, 0x39AF, 0x392D, 0x412D, 0x412C, 0x410C, 0x310B, 0x390C, 0x410C,
    0x20E9, 0x20E9, 0x20E9, 0x2909, 0x2109, 0x596E, 0xB297, 0xB276, 0xB296, 0xB296, 0xB2B6, 0xB2B6,
    0xB2B6, 0xB2B6, 0xB2B6, 0x6A11, 0x210B, 0x292B, 0x292B, 0x292B, 0x292B, 0x292B, 0x292B, 0x292B,
    0x292C, 0x292C, 0x292C, 0x292C, 0x292C, 0x292C, 0x292C, 0x292C, 0x314F, 0x4AF8, 0x5B5A, 0x5AB8,
    0x5AB8, 0x5AB8, 0x7236, 0xBAB6, 0xBAB6, 0xBAB6, 0xBAB6, 0xBAB6, 0xB2B6, 0xB2B6, 0xB2B6, 0xB2B6,
    0xB2B5, 0xB2B5, 0xB2B5, 0xB2B6, 0xB2B6, 0xBAB6, 0xBAD6, 0xBAD6, 0xBAD6, 0xBAD6, 0xBAD6, 0xBAD6,
    0xBAF6, 0xBAF6, 0xBAF6, 0xBAD6, 0xBAF6, 0xBAF6, 0xC316, 0xC316, 0xC2F6, 0xC335, 0xD476, 0xE556,
    0xED56, 0xE556, 0xED76, 0xED97, 0xEDB7, 0xEDB7, 0xEDD7, 0xEDD7, 0xEDF7, 0xEE17, 0xEE17, 0xF618,
    0xF638, 0xF638, 0xF638, 0xF638, 0xF658, 0xF658, 0xF658, 0xF678, 0xF678, 0xF678, 0xF699, 0xF699,
    0xF699, 0xF699, 0xF6B9, 0xF6B9, 0xF6B9, 0xF6B9, 0xF6B9, 0xF6D9, 0xF6DA, 0xF6DA, 0xF6DA, 0xF6DA,
    0xF6FA, 0xF6FA, 0xF6FA, 0xF6FA, 0xF71A, 0xF71A, 0xFF1A, 0xFF1A, 0xFF1B, 0xFF3B, 0xFF3B, 0xFF3A,
    0xF6B5, 0xEE70, 0xF6F5, 0xFF56, 0xF610, 0xDD0E, 0xD4CE, 0xCC8D, 0xC40C, 0xC40C, 0xB3EC, 0xABAC,
    0xAB8C, 0x930C, 0x61A9, 0xAC12, 0xB474, 0xB453, 0xAC53, 0xAC54, 0xAC54, 0xA413, 0x51CA, 0x4969,
    0x4969, 0x51AA, 0x51AA, 0x30E8, 0x4129, 0x9BD3, 0x9393, 0x9392, 0x9393, 0x9393, 0x9393, 0x8B74,
    0x498E, 0x30E9, 0x1844, 0x2086, 0x312A, 0x396A, 0x396A, 0x314A, 0x28E9, 0x20C9, 0x28E9, 0x2086,
    0x2066, 0x2066, 0x2086, 0x2087, 0x2086, 0x2087, 0x28A8, 0x28C8, 0x8B50, 0xDD56, 0xEDB7, 0xEDB7,
    0xED96, 0xED96, 0xED96, 0xED96, 0xED96, 0xED76, 0xE536, 0xD436, 0xCB37, 0xC317, 0xC2F7, 0xC2F6,
    0xC2F6, 0xBAF6, 0xBAF6, 0xBAF6, 0xBAF6, 0xBAD6, 0xBAD6, 0xBAD6, 0xBAD6, 0xBAB6, 0xBAB6, 0xBAB6,
    0xBAB6, 0xBAB6, 0xBAB6, 0xBAB6, 0xBAB6, 0xC2B6, 0xAAB7, 0x71D2, 0xC2B7, 0xBAB6, 0xBAB6, 0xBAB6,
    0xBAB6, 0xBAB6, 0xBAD6, 0xBAD6, 0xBAD6, 0xBAD6, 0xBAB6, 0xC2B6, 0x7A95, 0x6253, 0xAAB3, 0x7233,
    0x5214, 0x39F4, 0x4BB9, 0x5C3A, 0x318F, 0x69AF, 0xBAB4, 0xBA93, 0xB292, 0x71F0, 0x9A52, 0xBA92,
    0x20E9, 0x20E9, 0x20E9, 0x20E9, 0x2109, 0x596E, 0xB297, 0xB276, 0xB296, 0xB296, 0xB296, 0xB2B6,
    0xB2B6, 0xB296, 0xB296, 0x7211, 0x292B, 0x292B, 0x212B, 0x212B, 0x292B, 0x292B, 0x292B, 0x292C,
    0x292C, 0x292C, 0x292C, 0x292C, 0x292C, 0x292C, 0x292C, 0x314C, 0x316F, 0x5297, 0x639A, 0x6C3C,
    0x63BB, 0x5AF9, 0x7A36, 0xC2B6, 0xBAB6, 0xBAB6, 0xBAB6, 0xBAB6, 0xBAB6, 0xBAB6, 0xBAB6, 0xBAB6,
    0xBAB6, 0xBAB6, 0xBAB6, 0xBAB6, 0xBAB6, 0xBAD6, 0xBAD6, 0xBAD6, 0xBAD6, 0xBAD6, 0xBAD6, 0xBAD6,
    0xC2F6, 0xBAF6, 0xC2F6, 0xC2D6, 0xC2F6, 0xC2F6, 0xC2F7, 0xC317, 0xC316, 0xDC95, 0xE536, 0xE536,
    0xE556, 0xED56, 0xED77, 0xED97, 0xEDB7, 0xEDB7, 0xEDB7, 0xEDD7, 0xEDF7, 0xEDF7, 0xEE17, 0xEE18,
    0xF618, 0xF638, 0xF638, 0xF638, 0xF638, 0xF658, 0xF658, 0xF658, 0xF658, 0xF679, 0xF679, 0xF699,
    0xF699, 0xF699, 0xF699, 0xF699, 0xF699, 0xF6B9, 0xF6B9, 0xF6B9, 0xF6B9, 0xF6B9, 0xF6DA, 0xF6DA,
    0xF6DA, 0xF6FA, 0xF6FA, 0xF6FA, 0xF6FA, 0xF6FA, 0xFF1A, 0xFF1A, 0xF71A, 0xFF3B, 0xF739, 0xF6B3,
    0xEEB2, 0xF757, 0xF6F4, 0xED8F, 0xD4EE, 0xE674, 0xE633, 0xDE13, 0xC4D0, 0xA32B, 0xAB8C, 0xA36B,
    0x9B2B, 0x8ACB, 0x5969, 0x9BB1, 0xAC53, 0xAC33, 0xAC33, 0xAC33, 0xAC33, 0xA413, 0xA3F3, 0xA3F3,
    0xA3F3, 0xA413, 0x9BF4, 0x392A, 0x3929, 0x93B3, 0x9392, 0x93B3, 0x93B2, 0x8B73, 0x72D2, 0x392C,
    0x28E8, 0x2065, 0x28C7, 0x3129, 0x394A, 0x314A, 0x314A, 0x20C7, 0x28CA, 0x28C9, 0x2066, 0x2066,
    0x2066, 0x2086, 0x2087, 0x28A7, 0x28A8, 0x28A8, 0x30E8, 0xAC12, 0xEDB7, 0xEDB7, 0xEDB7, 0xEDB7,
    0xEDB6, 0xEDB7, 0xED96, 0xED96, 0xED96, 0xED76, 0xED56, 0xED57, 0xD3F7, 0xCB58, 0xC317, 0xC2F7,
    0xC2F6, 0xC2F6, 0xC2F6, 0xC2F6, 0xC2F6, 0xBAD6, 0xBAD6, 0xBAD6, 0xBAD6, 0xBAB6, 0xBAB6, 0xBAB6,
    0xC2B6, 0xC2B6, 0xC2B6, 0xC2B6, 0xC2B6, 0xC2B6, 0xA2B6, 0x69D2, 0xC2B7, 0xC2B7, 0xC2B6, 0xC2B6,
    0xC2B6, 0xBAB6, 0xBAB6, 0xBAB6, 0xBAB6, 0xC2B6, 0xBAB6, 0xBAB6, 0x7A76, 0x3A34, 0x4214, 0x6213,
    0x8232, 0x8253, 0x53B8, 0x5C3B, 0x39AF, 0x394E, 0x414E, 0x394D, 0x392D, 0x292D, 0x314D, 0x414E,
    0x512D, 0x492C, 0x490C, 0x492C, 0x290A, 0x596E, 0xB297, 0xB296, 0xB296, 0xB2B6, 0xB2B6, 0xB2B6,
    0xBAB7, 0xBAB7, 0xBA96, 0x7212, 0x292B, 0x292B, 0x292B, 0x292C, 0x292C, 0x292C, 0x292B, 0x292C,
    0x292C, 0x292C, 0x292C, 0x292C, 0x292C, 0x312C, 0x294C, 0x312C, 0x316F, 0x52B7, 0x5AD8, 0x5AB8,
    0x6BBB, 0x6B9B, 0x7A36, 0xC2D6, 0xC2B7, 0xC2D7, 0xBAB6, 0xBAB6, 0xBAB6, 0xBAB6, 0xBAD6, 0xBAD6,
    0xBAB6, 0xBAB6, 0xBAD6, 0xBAD6, 0xBAB6, 0xBAD6, 0xBAD6, 0xC2D6, 0xC2D7, 0xC2F7, 0xC2F6, 0xC2D6,
    0xC2F6, 0xC2F6, 0xC2F6, 0xC2D6, 0xC2D6, 0xC2F7, 0xCB17, 0xC336, 0xE4B7, 0xE516, 0xE536, 0xE536,
    0xE557, 0xED77, 0xED77, 0xED97, 0xED97, 0xEDB7, 0xEDB7, 0xEDD7, 0xEDD7, 0xEDF8, 0xEDF8, 0xEDF8,
    0xEDF8, 0xEE18, 0xEE18, 0xF638, 0xF638, 0xF658, 0xF658, 0xF658, 0xF658, 0xF679, 0xF679, 0xF679,
    0xF679, 0xF699, 0xF699, 0xF699, 0xF6B9, 0xF6B9, 0xF6B9, 0xF6B9, 0xF6B9, 0xF6B9, 0xF6DA, 0xF6DA,
    0xF6DA, 0xF6DA, 0xF6FA, 0xF6FA, 0xF6FA, 0xF6FA, 0xF6FA, 0xF6FA, 0xFF1B, 0xF6F8, 0xEE31, 0xEED4,
    0xFF56, 0xF651, 0xDD0E, 0xD571, 0xEE55, 0xE5D3, 0xE5B3, 0xDD93, 0xDD72, 0xABAE, 0x7A2A, 0x930C,
    0x92EB, 0x82AB, 0x61C9, 0x494A, 0x7AB0, 0x8B52, 0xA413, 0xAC34, 0xAC34, 0xA414, 0xA413, 0xA3F3,
    0xA413, 0xA3F3, 0x93D3, 0x310A, 0x28C8, 0x59F0, 0x59F0, 0x5A11, 0x5A10, 0x51F0, 0x30EB, 0x20A6,
    0x2085, 0x3109, 0x394A, 0x394A, 0x314A, 0x3129, 0x20A7, 0x28EB, 0x28A8, 0x2087, 0x2086, 0x2087,
    0x2087, 0x2087, 0x28A8, 0x28C8, 0x28C9, 0x4149, 0xC4D5, 0xEDB7, 0xEDB7, 0xEDD7, 0xEDB7, 0xEDB7,
    0xEDB7, 0xEDB7, 0xEDB7, 0xED96, 0xED97, 0xED96, 0xED76, 0xED56, 0xE537, 0xD3D7, 0xCB18, 0xCAF7,
    0xC2F7, 0xC317, 0xC2F7, 0xC2F7, 0xC2F6, 0xC2F6, 0xC2F7, 0xC2F7, 0xC2D7, 0xC2B6, 0xC2B6, 0xC2B6,
    0xC2B6, 0xC2B6, 0xC2B6, 0xAAB7, 0xB2B7, 0x9A75, 0x7A54, 0x4190, 0x4990, 0x9275, 0xBAB7, 0xB2B7,
    0xC2B7, 0xC2D6, 0xC2B6, 0xC2B6, 0xC2B6, 0xC2B6, 0xC2B6, 0xC2B6, 0x7A96, 0x6233, 0xA2B3, 0x8A94,
    0x7295, 0x4A55, 0x4BD9, 0x5C5A, 0x31AF, 0x6990, 0xBA74, 0xBA74, 0xBA74, 0x61CF, 0x71AF, 0xA292,
    0xBA16, 0xBA16, 0xB216, 0xB256, 0x51AE, 0x61CE, 0xC357, 0xC357, 0xC377, 0xC377, 0xC397, 0xC397,
    0xC397, 0xCB78, 0xCB58, 0x7272, 0x294C, 0x3230, 0x32F3, 0x31EF, 0x3AD2, 0x3B34, 0x3210, 0x3230,
    0x32F3, 0x32D3, 0x3231, 0x3292, 0x3AF3, 0x316D, 0x3A71, 0x316D, 0x318F, 0x5B59, 0x641B, 0x63DB,
    0x5AF8, 0x5277, 0x7A76, 0xCBB8, 0xCBB7, 0xCBB8, 0xCBB7, 0xCB97, 0xC397, 0xC397, 0xCB97, 0xCB97,
    0xCB97, 0xCB97, 0xCB97, 0xCBB7, 0xCB97, 0xCBB7, 0xCBB7, 0xCBB7, 0xCBB8, 0xCBB8, 0xCBB7, 0xCB97,
    0xCBB7, 0xCBB8, 0xCBB7, 0xCBB7, 0xCBB7, 0xD3B7, 0xD3F7, 0xE538, 0xED77, 0xED77, 0xE577, 0xE597,
    0xED97, 0xEDB8, 0xEDD8, 0xEDF8, 0xEDF8, 0xEDF8, 0xEDF8, 0xEDF8, 0xEE18, 0xEE18, 0xEE39, 0xEE39,
    0xEE38, 0xEE38, 0xEE39, 0xF659, 0xF659, 0xF679, 0xF679, 0xF679, 0xF679, 0xF699, 0xF69A, 0xF69A,
    0xF69A, 0xF69A, 0xF6BA, 0xF6BA, 0xF6BA, 0xF6BA, 0xF6BA, 0xF6DA, 0xF6DA, 0xF6DA, 0xF6DA, 0xFEDA,
    0xF6DA, 0xFEFA, 0xFEFA, 0xFEFA, 0xFEFA, 0xFEFA, 0xF6FA, 0xF6FA, 0xF675, 0xEE11, 0xEED4, 0xF735,
    0xF650, 0xE54E, 0xBC2D, 0xEE14, 0xE5B3, 0xDD93, 0xDD73, 0xDD73, 0xB431, 0x92ED, 0x71C9, 0x8ACB,
    0x8ACB, 0x82AB, 0x7A8B, 0x59A9, 0x4129, 0x412B, 0x6250, 0x6A91, 0x6A91, 0x6271, 0x6230, 0x5A30,
    0x5A30, 0x5A30, 0x5210, 0x310A, 0x20A6, 0x20A7, 0x2087, 0x2087, 0x2087, 0x20A6, 0x2086, 0x28A6,
    0x396A, 0x396B, 0x396B, 0x396B, 0x3129, 0x28C9, 0x28EB, 0x28A8, 0x2087, 0x2087, 0x2087, 0x28A7,
    0x28A7, 0x28A8, 0x28C9, 0x30EA, 0x59EC, 0xE597, 0xEDD8, 0xEDF8, 0xEDF8, 0xEE18, 0xEDF8, 0xEDF8,
    0xEDF8, 0xEDD8, 0xEDD7, 0xEDB7, 0xEDB7, 0xEDB7, 0xED97, 0xED97, 0xED97, 0xED57, 0xDC79, 0xD3D9,
    0xD3B8, 0xD3B8, 0xD3B8, 0xCBB8, 0xCBB8, 0xCBB8, 0xD3D8, 0xCBB8, 0xCB97, 0xCB97, 0xD397, 0xD397,
    0xD396, 0xBB77, 0xA359, 0x6277, 0x5A78, 0x49D3, 0x416F, 0x396F, 0x396F, 0x416F, 0x416F, 0x61B0,
    0xCB77, 0xCB97, 0xD397, 0xCB97, 0xCB97, 0xCB97, 0xD377, 0xD357, 0x82F7, 0x4A54, 0x5A74, 0x4A53,
    0x4AF6, 0x4B16, 0x53D9, 0x5C5B, 0x31B0, 0x394E, 0x498F, 0x498F, 0x496F, 0x314E, 0x312D, 0x394E,
    0x69D0, 0x69B0, 0x69D0, 0x61F0, 0x398C, 0x618D, 0xC2B6, 0xBAB6, 0xBAB5, 0xBAD6, 0xBAD5, 0xBAD5,
    0xBAD5, 0xBAD6, 0xC2B5, 0x6A31, 0x294C, 0x3230, 0x4314, 0x3A0F, 0x42D3, 0x4B34, 0x4250, 0x3A30,
    0x42F4, 0x42D4, 0x3A51, 0x4292, 0x4AF4, 0x39AF, 0x4231, 0x396D, 0x3970, 0x5278, 0x5AB9, 0x5B59,
    0x6C3B, 0x6BDB, 0x7A36, 0xCAD6, 0xC2D5, 0xC2D5, 0xC2D5, 0xC2D5, 0xBAD5, 0xBAD5, 0xC2D5, 0xC2D5,
    0xC2D5, 0xC2D5, 0xC2F5, 0xC2F5, 0xC316, 0xC315, 0xC315, 0xCB16, 0xCB16, 0xCB16, 0xCB15, 0xC2F5,
    0xCAF5, 0xCB16, 0xCB16, 0xCB16, 0xCB16, 0xD395, 0xDC75, 0xECF6, 0xE516, 0xE516, 0xE536, 0xE536,
    0xE556, 0xED56, 0xED77, 0xED97, 0xED97, 0xED97, 0xEDB7, 0xEDB7, 0xEDB7, 0xEDD7, 0xEDD7, 0xEDD7,
    0xEDD7, 0xEDF7, 0xEDF7, 0xEE18, 0xF618, 0xF638, 0xF638, 0xF658, 0xF658, 0xF658, 0xF658, 0xF679,
    0xF679, 0xF679, 0xF679, 0xF679, 0xF699, 0xF699, 0xF699, 0xF699, 0xF699, 0xF699, 0xF699, 0xF699,
    0xF6B9, 0xF6B9, 0xF6B9, 0xF6DA, 0xF6DA, 0xF6DA, 0xF6FA, 0xF674, 0xEE72, 0xF6F4, 0xF6D2, 0xEDEF,
    0xE56E, 0xDD0E, 0xAB6C, 0xCCD2, 0xC492, 0xBC72, 0xBC72, 0xBC52, 0x8AEE, 0x722B, 0x61A8, 0x82AB,
    0x828B, 0x7A8B, 0x7A6B, 0x724B, 0x5189, 0x4948, 0x30C7, 0x30C7, 0x30C7, 0x28C7, 0x28A6, 0x28A6,
    0x28C7, 0x28C7, 0x28A7, 0x28C7, 0x3949, 0x28E7, 0x28E8, 0x30E8, 0x3108, 0x30E8, 0x30E7, 0x418A,
    0x416B, 0x396B, 0x394B, 0x3109, 0x28EA, 0x28EB, 0x28A8, 0x2886, 0x2887, 0x28A7, 0x28A7, 0x28A8,
    0x28C9, 0x30CA, 0x412B, 0x7AAE, 0xEDD8, 0xF5D8, 0xEDD7, 0xEDD7, 0xEDD7, 0xEDB7, 0xEDB7, 0xEDB7,
    0xEDB7, 0xEDB7, 0xEDB7, 0xED97, 0xED76, 0xED76, 0xED56, 0xED56, 0xE536, 0xE516, 0xDCB5, 0xDBD7,
    0xD317, 0xD317, 0xCB16, 0xCB16, 0xCB16, 0xCB16, 0xCB16, 0xCB16, 0xCB16, 0xCAF6, 0xD2F6, 0xBAF7,
    0xB2F8, 0x72B9, 0x5298, 0x5278, 0x5278, 0x49D3, 0x414E, 0x394F, 0x394E, 0x394E, 0x396E, 0x598F,
    0xCAB7, 0xC296, 0xC296, 0xC2B5, 0xC2B5, 0xC2B5, 0xC2D6, 0xC2D6, 0x7A95, 0x3A53, 0x53B7, 0x53B7,
    0x7CDB, 0x749B, 0x541A, 0x645B, 0x39D0, 0x596F, 0x91D1, 0x91D1, 0x89D0, 0x516F, 0x292E, 0x312E,
    0x4232, 0x4211, 0x4211, 0x4212, 0x318D, 0x596D, 0xC2B6, 0xC2B6, 0xC2D6, 0xBAD5, 0xBAD5, 0xBAD5,
    0xBAD5, 0xBAD5, 0xBAD6, 0x7232, 0x294D, 0x294D, 0x294C, 0x294C, 0x294D, 0x294D, 0x294D, 0x316E,
    0x298F, 0x4C39, 0x4314, 0x4B96, 0x5C9A, 0x547A, 0x5C9A, 0x4A92, 0x39B1, 0x5B9A, 0x63DB, 0x6359,
    0x5A78, 0x5A78, 0x7A16, 0xCAB5, 0xC2D5, 0xC2D5, 0xC2D5, 0xC2D5, 0xC2D5, 0xC2D5, 0xC2D5, 0xC2F5,
    0xC2F5, 0xC2F5, 0xC2F5, 0xC2F5, 0xC315, 0xC315, 0xC315, 0xCB15, 0xCB15, 0xCB15, 0xCB15, 0xCB15,
    0xCB16, 0xCB36, 0xCB36, 0xCB36, 0xD3D6, 0xDC75, 0xED16, 0xED16, 0xED36, 0xED36, 0xED36, 0xE536,
    0xED56, 0xED77, 0xED77, 0xED97, 0xED97, 0xED97, 0xED97, 0xEDB7, 0xEDB7, 0xEDD7, 0xEDD7, 0xEDD7,
    0xEDD7, 0xEDF8, 0xEDF8, 0xEE18, 0xEE18, 0xF618, 0xF638, 0xF638, 0xF638, 0xF658, 0xF658, 0xF659,
    0xF659, 0xF679, 0xF679, 0xF678, 0xF679, 0xF699, 0xF699, 0xF699, 0xF699, 0xF699, 0xF699, 0xF699,
    0xF6B9, 0xF6B9, 0xF6DA, 0xF6BA, 0xF6DA, 0xF6D9, 0xEDF1, 0xEE51, 0xF714, 0xEE71, 0xE58E, 0xDD2E,
    0xD4AD, 0xC46D, 0x9AEA, 0x8A6B, 0x826C, 0x826C, 0x824C, 0x7A2B, 0x71EA, 0x69C9, 0x7A4A, 0x7A8B,
    0x6A2A, 0x620A, 0x59EA, 0x51CA, 0x59EA, 0x59EA, 0x4989, 0x498A, 0x498A, 0x416A, 0x4169, 0x4169,
    0x416A, 0x416A, 0x3949, 0x416A, 0x418B, 0x418B, 0x418B, 0x418B, 0x418B, 0x418B, 0x418A, 0x396B,
    0x396B, 0x396B, 0x3108, 0x28EA, 0x28CA, 0x28A7, 0x2086, 0x2087, 0x2087, 0x28A8, 0x28C9, 0x30CA,
    0x30CA, 0x518C, 0x9B90, 0xEDB7, 0xEDB7, 0xEDD7, 0xEDD7, 0xEDD7, 0xEDB7, 0xEDB7, 0xEDB7, 0xEDB7,
    0xEDB7, 0xEDB7, 0xED97, 0xED77, 0xED76, 0xE556, 0xED56, 0xE536, 0xE536, 0xE536, 0xE516, 0xE497,
    0xD397, 0xCB16, 0xD316, 0xCB16, 0xCB16, 0xCB16, 0xCB36, 0xCB16, 0xCB16, 0xC2F6, 0xAB18, 0x62B8,
    0x5A99, 0x52B9, 0x5A99, 0x5236, 0x5A78, 0x5214, 0x416F, 0x49B1, 0x416F, 0x3970, 0x4190, 0x516F,
    0xAA96, 0xB296, 0xC2B6, 0xCAB6, 0xC2D6, 0xC2D6, 0xC2D5, 0xCAD6, 0x7AB6, 0x4254, 0x5BF9, 0x63F9,
    0x4254, 0x39F4, 0x4BB9, 0x5C3A, 0x39D1, 0x4970, 0x61D1, 0x61D1, 0x59D0, 0x416F, 0x312E, 0x312E,
    0x6B5A, 0x633A, 0x633A, 0x6B3A, 0x4210, 0x618D, 0xC2B6, 0xC2B6, 0xC2D6, 0xC2D5, 0xBAD5, 0xBAD5,
    0xBAD5, 0xC2D5, 0xC2D6, 0x7252, 0x296D, 0x296D, 0x294D, 0x294D, 0x294D, 0x294D, 0x296D, 0x316E,
    0x296D, 0x31CF, 0x31AF, 0x31AF, 0x31AF, 0x31AF, 0x39CF, 0x398E, 0x39B1, 0x5AB9, 0x639A, 0x6C5C,
    0x6C7C, 0x6BDB, 0x7A16, 0xCAD5, 0xCAD5, 0xCAD5, 0xCAD5, 0xC2D5, 0xC2D5, 0xC2D5, 0xC2D5, 0xC2D5,
    0xCAD5, 0xCAF5, 0xC2F5, 0xCAF5, 0xCAF5, 0xCB15, 0xCB15, 0xCB16, 0xCB36, 0xCB36, 0xCB36, 0xCB36,
    0xCB36, 0xCB36, 0xCB56, 0xCB96, 0xDC96, 0xE516, 0xE516, 0xE536, 0xE536, 0xE536, 0xED36, 0xE557,
    0xED57, 0xED77, 0xED77, 0xED97, 0xED97, 0xED97, 0xED97, 0xEDB7, 0xEDB8, 0xEDD7, 0xEDD7, 0xEDD8,
    0xEDF8, 0xEDF8, 0xEDF8, 0xEE18, 0xEE18, 0xEE18, 0xF618, 0xF638, 0xF638, 0xF638, 0xF638, 0xF659,
    0xF659, 0xF659, 0xF659, 0xF679, 0xF679, 0xF679, 0xF679, 0xF699, 0xF699, 0xF699, 0xF699, 0xF699,
    0xF6B9, 0xF6B9, 0xF6BA, 0xF6DA, 0xF6B8, 0xE570, 0xEE31, 0xEED2, 0xEDF0, 0xDCED, 0xD48D, 0xCC4C,
    0xBC0C, 0xB3CB, 0xB3AB, 0x92AA, 0x8249, 0x7A49, 0x7A29, 0x7209, 0x7A6B, 0x7A8B, 0x7A8B, 0x620A,
    0x938F, 0xBC93, 0xBC73, 0x93B1, 0x51EA, 0x4969, 0x59CB, 0x51CB, 0x51CB, 0x51CB, 0x49AB, 0x3128,
    0x3129, 0x3929, 0x3128, 0x3108, 0x418B, 0x418B, 0x418B, 0x418B, 0x418B, 0x418B, 0x418B, 0x396B,
    0x398B, 0x28E8, 0x28EB, 0x28CA, 0x2087, 0x2086, 0x2066, 0x2087, 0x28A9, 0x30AB, 0x30CC, 0x38CC,
    0x726F, 0xC4B5, 0xEDD8, 0xEDB7, 0xEDD7, 0xEDD7, 0xEDD7, 0xEDD7, 0xEDB7, 0xEDB7, 0xEDB7, 0xEDB7,
    0xEDB7, 0xED97, 0xE596, 0xE576, 0xE576, 0xE556, 0xE536, 0xE536, 0xE536, 0xE516, 0xE516, 0xE4F6,
    0xE497, 0xCB56, 0xD316, 0xD316, 0xD316, 0xCB16, 0xCB36, 0xCB36, 0xCB16, 0x8AD8, 0x5A99, 0x5A99,
    0x5A99, 0x5A99, 0x5A98, 0x51B3, 0x5A58, 0x49F3, 0x416E, 0x416E, 0x416E, 0x416E, 0x396E, 0x396E,
    0x394E, 0x394E, 0x89F3, 0xC2B6, 0xCAD6, 0xCAD6, 0xCAD6, 0xCAD6, 0x82B6, 0x4235, 0x4214, 0x4214,
    0x4214, 0x4214, 0x53D9, 0x647B, 0x39F2, 0x396F, 0x396F, 0x316F, 0x316F, 0x314F, 0x314E, 0x314E,
    0x318D, 0x318D, 0x316D, 0x318D, 0x294B, 0x618E, 0xCAB6, 0xC2D6, 0xC2F6, 0xC2F6, 0xC2D6, 0xC2D5,
    0xC2D5, 0xC2D5, 0xC2D6, 0x7252, 0x294D, 0x296D, 0x296D, 0x296D, 0x296D, 0x296D, 0x296D, 0x296D,
    0x296D, 0x296E, 0x296E, 0x316E, 0x316E, 0x318E, 0x398F, 0x398F, 0x39B1, 0x5B3A, 0x6319, 0x62D9,
    0x633A, 0x6B1A, 0x7A36, 0xCAF5, 0xCAF5, 0xCAF5, 0xCAF5, 0xCAF5, 0xC2D5, 0xC2D5, 0xC2D6, 0xC2D6,
    0xC2D6, 0xC2D5, 0xCAF5, 0xCAF5, 0xCB15, 0xCB16, 0xCB36, 0xCB36, 0xCB36, 0xCB36, 0xCB36, 0xCB36,
    0xCB35, 0xD356, 0xCB95, 0xE4D6, 0xE516, 0xE516, 0xED17, 0xE537, 0xE537, 0xE537, 0xE557, 0xED57,
    0xED57, 0xED77, 0xED77, 0xED78, 0xED98, 0xED97, 0xED97, 0xEDB8, 0xEDB8, 0xEDB8, 0xEDD8, 0xEDD8,
    0xEDD8, 0xEDF8, 0xEDF8, 0xEDF8, 0xEE18, 0xEE18, 0xF618, 0xF618, 0xF638, 0xF639, 0xF639, 0xF639,
    0xF659, 0xF659, 0xF659, 0xF659, 0xF679, 0xF679, 0xF679, 0xF679, 0xF699, 0xF699, 0xF699, 0xF699,
    0xF699, 0xF6B9, 0xF6DA, 0xEE35, 0xDD8F, 0xEE92, 0xEEB3, 0xDCEF, 0xC46E, 0xCD51, 0xCD51, 0xCD31,
    0xBC4E, 0xA32C, 0x9B2B, 0x9B0B, 0x92EB, 0x8AEB, 0x82CB, 0x82AB, 0x7A8B, 0x7A6B, 0x726B, 0x4969,
    0x6A8E, 0x8311, 0x8311, 0x7B10, 0x49AA, 0x3948, 0x51EB, 0x51EB, 0x51CB, 0x49AA, 0x41A9, 0x8BB1,
    0x93D2, 0x93D2, 0x93B2, 0x6AAE, 0x2908, 0x396A, 0x398B, 0x418B, 0x418B, 0x396B, 0x396B, 0x394A,
    0x28E9, 0x310B, 0x28C9, 0x28A7, 0x2086, 0x2086, 0x2087, 0x30CB, 0x30CC, 0x38ED, 0x412D, 0x8AF0,
    0xDD56, 0xEDB7, 0xEDD7, 0xEDD7, 0xEDD7, 0xEDD8, 0xEDD7, 0xEDD7, 0xEDB7, 0xEDB7, 0xEDB7, 0xED97,
    0xED97, 0xED97, 0xED77, 0xE577, 0xE577, 0xE557, 0xE536, 0xE536, 0xE536, 0xE536, 0xE516, 0xE4F6,
    0xE4F6, 0xECD7, 0xD356, 0xD337, 0xD336, 0xD336, 0xD336, 0xD336, 0xD336, 0x9319, 0x5AB9, 0x5AB9,
    0x6277, 0x5A58, 0x5A98, 0x51B3, 0x5237, 0x49D3, 0x416E, 0x416E, 0x416E, 0x416E, 0x416F, 0x396E,
    0x416F, 0x416F, 0x9213, 0xCAD6, 0xCAD6, 0xCAD6, 0xCAD6, 0xCAD6, 0x82B7, 0x4235, 0x4235, 0x4215,
    0x4214, 0x4214, 0x53D9, 0x647B, 0x39F2, 0x3970, 0x396F, 0x396F, 0x396F, 0x394F, 0x314F, 0x314F,
    0x292B, 0x292B, 0x292B, 0x292B, 0x294B, 0x61CF, 0xCAF7, 0xC2F7, 0xC317, 0xC2F7, 0xC2F7, 0xC2F6,
    0xC2F6, 0xC2F6, 0xC2F7, 0x7273, 0x296E, 0x296E, 0x296E, 0x316E, 0x316E, 0x316E, 0x316E, 0x316E,
    0x316E, 0x318E, 0x316E, 0x316E, 0x298F, 0x298F, 0x31AF, 0x398F, 0x39B1, 0x639A, 0x743C, 0x6C1B,
    0x6BDA, 0x6B5A, 0x8256, 0xD2F5, 0xCAF5, 0xCAF5, 0xCAF5, 0xCAF6, 0x6A34, 0x5A14, 0x6235, 0x6235,
    0x6235, 0x8A95, 0xC337, 0xD316, 0xD316, 0xD316, 0xD316, 0xD336, 0xD336, 0xD336, 0xD336, 0xCB56,
    0xD356, 0xD395, 0xE4D6, 0xED17, 0xE517, 0xE517, 0xED17, 0xED37, 0xED37, 0xE537, 0xED57, 0xED57,
    0xED57, 0xED58, 0xED78, 0xED78, 0xED78, 0xED98, 0xED98, 0xED98, 0xEDB8, 0xEDB8, 0xEDB8, 0xEDB8,
    0xEDD8, 0xEDD8, 0xEDF8, 0xEDF8, 0xEDF9, 0xF619, 0xF619, 0xF639, 0xF639, 0xF639, 0xF639, 0xF639,
    0xF659, 0xF659, 0xF659, 0xF659, 0xF679, 0xF679, 0xF679, 0xF679, 0xF679, 0xF679, 0xF679, 0xF699,
    0xF699, 0xF6BA, 0xE593, 0xDD4F, 0xE670, 0xEE51, 0xDD0F, 0xABED, 0xE636, 0xE5F5, 0xE5D5, 0xE5B4,
    0xDD93, 0xD553, 0x8AEC, 0x7A4A, 0x82AB, 0x82AB, 0x7A8B, 0x7A8B, 0x726B, 0x724B, 0x6A2B, 0x59EA,
    0x4148, 0x3908, 0x30E8, 0x30E7, 0x30E7, 0x49AA, 0x51CB, 0x51CB, 0x3949, 0x6A8D, 0x9BD3, 0x8B92,
    0x8B72, 0x8B72, 0x8B72, 0x8352, 0x51EC, 0x20A6, 0x418B, 0x418B, 0x418B, 0x418B, 0x394A, 0x28C8,
    0x30EB, 0x28A8, 0x28A6, 0x2886, 0x2887, 0x28A9, 0x38EC, 0x390E, 0x410E, 0x620F, 0xA3B3, 0xEDB8,
    0xEDB7, 0xEDD8, 0xEDD8, 0xEDD8, 0xEDD8, 0xEDD8, 0xEDD8, 0xEDD8, 0xEDB8, 0xEDB7, 0xED97, 0xED97,
    0xED97, 0xED77, 0xED77, 0xED77, 0xED57, 0xE557, 0xED57, 0xED37, 0xE537, 0xED37, 0xED17, 0xE517,
    0xED16, 0xECF7, 0xECB7, 0xDB97, 0xD357, 0xD357, 0xD357, 0xD357, 0xD337, 0x9B39, 0x62DA, 0x62B8,
    0x6277, 0x5A99, 0x5A78, 0x51B3, 0x5A58, 0x51F3, 0x418F, 0x418F, 0x4191, 0x416E, 0x4171, 0x4190,
    0x416F, 0x4190, 0x9A34, 0xD2D7, 0xCAD7, 0xCAD6, 0xCAD6, 0xCAD6, 0x8296, 0x4235, 0x4235, 0x4235,
    0x4235, 0x4214, 0x53D9, 0x647B, 0x3A12, 0x39D1, 0x3A53, 0x3A53, 0x3A52, 0x3A52, 0x3A52, 0x3A52,
    0x292B, 0x292B, 0x292B, 0x292B, 0x292B, 0x314B, 0x396C, 0x416C, 0x416C, 0x416C, 0x416C, 0x416C,
    0x416D, 0x498D, 0x498D, 0x398E, 0x296E, 0x298E, 0x318E, 0x318E, 0x318E, 0x318E, 0x318F, 0x318F,
    0x318F, 0x318F, 0x318F, 0x318F, 0x3252, 0x64DB, 0x647A, 0x39D0, 0x39B1, 0x5A98, 0x5A97, 0x6B59,
    0x741B, 0x73BB, 0x7A35, 0xBAF5, 0xBB16, 0xBAF6, 0xBAF5, 0xBB16, 0x61F4, 0x51D4, 0x69F3, 0x7A12,
    0x6213, 0x6A77, 0x7ADA, 0xA319, 0xCB76, 0xD3B5, 0xD3B6, 0xDBD6, 0xDBD6, 0xD3F6, 0xD3F6, 0xD3F5,
    0xD3F5, 0xE516, 0xE556, 0xED57, 0xED77, 0xED77, 0xED97, 0xED97, 0xED97, 0xED97, 0xED97, 0xED97,
    0xEDB7, 0xEDB8, 0xEDD8, 0xEDD8, 0xEDD8, 0xEDD8, 0xEDD8, 0xEDF8, 0xEDF8, 0xEDF8, 0xEE18, 0xEE18,
    0xEE18, 0xEE18, 0xF639, 0xF639, 0xF639, 0xF659, 0xF659, 0xF659, 0xF679, 0xF679, 0xF679, 0xF679,
    0xF679, 0xF679, 0xF679, 0xF679, 0xF699, 0xF699, 0xF69A, 0xF69A, 0xF69A, 0xF699, 0xF699, 0xF6BA,
    0xF6BA, 0xCCD1, 0xCD0D, 0xDDCE, 0xDD70, 0xCC4D, 0xBC0D, 0x92EB, 0xBC50, 0xD514, 0xD4F3, 0xD4F3,
    0xCCD3, 0x9B70, 0x69EA, 0x61C9, 0x7A6B, 0x724B, 0x6A0B, 0x6A0B, 0x620B, 0x620B, 0x6A2B, 0x620B,
    0x5A0B, 0x5A0B, 0x59EB, 0x51EB, 0x51EB, 0x51CB, 0x51CB, 0x51EB, 0x3928, 0x9391, 0x9392, 0x8B92,
    0x8B72, 0x8B72, 0x8352, 0x6290, 0x396A, 0x2086, 0x396B, 0x396B, 0x396B, 0x312A, 0x28EA, 0x310B,
    0x28A8, 0x28A7, 0x28A7, 0x28A8, 0x30CB, 0x390D, 0x390E, 0x412F, 0x7AD1, 0xBC74, 0xF619, 0xF618,
    0xEE18, 0xEE18, 0xEE18, 0xEE18, 0xEE18, 0xF638, 0xF618, 0xEE18, 0xEDF7, 0xEDD7, 0xEDD7, 0xEDD7,
    0xEDD7, 0xEDD7, 0xEDD7, 0xEDD7, 0xEDD7, 0xEDB7, 0xED97, 0xED97, 0xED77, 0xED77, 0xED77, 0xED77,
    0xED77, 0xED56, 0xED56, 0xDC96, 0xDC16, 0xDBF7, 0xDBF7, 0xDBF6, 0xD3B6, 0x9B59, 0x62D9, 0x62D9,
    0x62B9, 0x5A99, 0x5A77, 0x51B3, 0x6258, 0x5A14, 0x49B0, 0x49D1, 0x49B2, 0x498F, 0x49B1, 0x49B0,
    0x498F, 0x4190, 0x9A73, 0xD356, 0xD376, 0xD376, 0xD375, 0xD375, 0x8AD6, 0x4235, 0x4235, 0x4255,
    0x4255, 0x4B37, 0x5C7B, 0x649B, 0x4233, 0x4B57, 0x651D, 0x64FD, 0x651C, 0x6D1D, 0x6D3D, 0x6D3D,
    0x294C, 0x294C, 0x294C, 0x292B, 0x294B, 0x292B, 0x292B, 0x312B, 0x392B, 0x392B, 0x392B, 0x394B,
    0x314B, 0x312B, 0x312C, 0x296E, 0x298F, 0x318F, 0x318F, 0x31AF, 0x31AF, 0x31AF, 0x31B0, 0x31B0,
    0x31B0, 0x31B0, 0x31B0, 0x31D0, 0x39B0, 0x39D1, 0x39D1, 0x39D0, 0x41F3, 0x6BFB, 0x745C, 0x6BBA,
    0x6319, 0x62B8, 0x59F4, 0x59D3, 0x59D3, 0x59D3, 0x59D3, 0x59D3, 0x59D3, 0x59D3, 0x8232, 0x9AB3,
    0x7213, 0x6A57, 0x7ADA, 0x7ADA, 0x9339, 0xBB97, 0xDBD6, 0xE3F7, 0xE417, 0xE437, 0xE437, 0xE496,
    0xED17, 0xED37, 0xED57, 0xED77, 0xED78, 0xED78, 0xED98, 0xED98, 0xED98, 0xED98, 0xED97, 0xED97,
    0xF5B8, 0xF5D8, 0xF5F8, 0xF5F8, 0xF5F8, 0xF5F8, 0xF5F8, 0xF5F8, 0xF5F8, 0xF5F8, 0xF619, 0xF619,
    0xF619, 0xF639, 0xF639, 0xF639, 0xF659, 0xF659, 0xF659, 0xF679, 0xF659, 0xF659, 0xF679, 0xF679,
    0xF699, 0xF699, 0xF69A, 0xF69A, 0xF69A, 0xF69A, 0xF69A, 0xF69A, 0xF699, 0xF699, 0xF699, 0xEE58,
    0xBC6F, 0xD56E, 0xDDAF, 0xCCCE, 0xBBED, 0xB3CC, 0xAB8C, 0x828A, 0x6A0A, 0x7A6C, 0x7A8C, 0x7A8D,
    0x828D, 0x69EB, 0x5168, 0x61C9, 0x6A4B, 0x7AEE, 0xBCB3, 0xB493, 0xB473, 0x8B2E, 0x51CB, 0x51CA,
    0x59EB, 0x59EB, 0x51EB, 0x51EB, 0x51CB, 0x51CB, 0x49CB, 0x49CB, 0x2907, 0x520C, 0x6AB1, 0x72D1,
    0x72D1, 0x72D2, 0x6271, 0x394B, 0x20A6, 0x20A6, 0x312A, 0x392A, 0x28E9, 0x28EA, 0x28EB, 0x28A7,
    0x2086, 0x2087, 0x2888, 0x30EC, 0x38ED, 0x390E, 0x412E, 0x8AF1, 0xD516, 0xF619, 0xF619, 0xF639,
    0xF639, 0xF618, 0xF618, 0xF639, 0xF639, 0xF639, 0xF618, 0xF618, 0xF618, 0xF5F8, 0xF5F8, 0xF5F8,
    0xF5F8, 0xEDF8, 0xF5F8, 0xF5D8, 0xEDD8, 0xEDB7, 0xEDB7, 0xEDB8, 0xED98, 0xED97, 0xED77, 0xED77,
    0xED77, 0xED77, 0xED77, 0xED57, 0xE4F7, 0xE437, 0xE418, 0xDBF7, 0xDBD7, 0x9B79, 0x6AF9, 0x62D9,
    0x62D9, 0x6298, 0x6214, 0x51B3, 0x6278, 0x5A15, 0x4990, 0x4990, 0x4990, 0x4990, 0x4990, 0x4190,
    0x4990, 0x4970, 0x9A72, 0xD375, 0xB355, 0xA355, 0xAB55, 0xA376, 0x72B6, 0x4A15, 0x4275, 0x4B98,
    0x6C9B, 0x4AD6, 0x649C, 0x6CBC, 0x4234, 0x41D2, 0x39F3, 0x39D3, 0x39D2, 0x39D2, 0x39D3, 0x39D2,
    0x294C, 0x294C, 0x294C, 0x294C, 0x294C, 0x294C, 0x312C, 0xAAB5, 0xBAD6, 0xBAD6, 0xBAD6, 0xBAF6,
    0x51AE, 0x312B, 0x312B, 0x318F, 0x3190, 0x31B0, 0x31B0, 0x31B0, 0x31D0, 0x31D0, 0x31D0, 0x31B0,
    0x31B0, 0x31B0, 0x39D0, 0x39D1, 0x39D0, 0x39D1, 0x39D1, 0x39D1, 0x41F3, 0x62F9, 0x631A, 0x6BFB,
    0x6C5C, 0x73DB, 0x5A15, 0x59F3, 0x59F3, 0x59F4, 0x59F3, 0x59F3, 0x61F4, 0x61F4, 0x61F4, 0x61F3,
    0x69F4, 0x7277, 0x831A, 0x831A, 0x831A, 0xAB18, 0xDB96, 0xDBB6, 0xDBF6, 0xE417, 0xDC36, 0xE4B6,
    0xE4F6, 0xED37, 0xED37, 0xED57, 0xED57, 0xED57, 0xED57, 0xED78, 0xED77, 0xED77, 0xED77, 0xED77,
    0xEDB8, 0xEDB8, 0xEDB8, 0xEDB8, 0xEDB8, 0xEDD8, 0xEDD8, 0xEDD8, 0xEDD8, 0xEDD8, 0xEDF8, 0xF5F9,
    0xEDF8, 0xEDF8, 0xEDF9, 0xF619, 0xF619, 0xF639, 0xF639, 0xF639, 0xEE39, 0xF639, 0xF659, 0xF659,
    0xF679, 0xF679, 0xF679, 0xF679, 0xF659, 0xF659, 0xF659, 0xF679, 0xF679, 0xF699, 0xD5B6, 0xB44F,
    0xDDEF, 0xD52F, 0xBC2E, 0xA36D, 0xA34C, 0x9B2C, 0x9B2C, 0x9B2C, 0x8AAB, 0x69EA, 0x5168, 0x5148,
    0x5147, 0x5147, 0x6A2B, 0x6A0B, 0x728D, 0xA3F3, 0xA3D3, 0xA3D3, 0xA3D3, 0xA3F3, 0xA413, 0x5A0C,
    0x4149, 0x51EB, 0x51EB, 0x51CB, 0x51CB, 0x51CB, 0x49CB, 0x49AA, 0x3128, 0x28C7, 0x28E9, 0x28E9,
    0x28E9, 0x28E9, 0x28E8, 0x20A6, 0x28E8, 0x394A, 0x394A, 0x28E8, 0x310B, 0x28CA, 0x28A7, 0x2086,
    0x2087, 0x28A9, 0x30CC, 0x410E, 0x4130, 0x59D0, 0x9352, 0xE5B8, 0xEDF8, 0xF619, 0xF619, 0xF618,
    0xEDF8, 0xEDF8, 0xEE18, 0xEE18, 0xEE18, 0xEDF8, 0xEDF8, 0xEDF8, 0xEDF8, 0xEDD7, 0xEDB7, 0xEDB7,
    0xEDB7, 0xEDB7, 0xEDB7, 0xEDB7, 0xEDB7, 0xEDB7, 0xEDB8, 0xED77, 0xED57, 0xED37, 0xED37, 0xED37,
    0xED37, 0xED37, 0xED37, 0xED17, 0xECF6, 0xDC57, 0xDBF6, 0xE3D6, 0xDBD6, 0x9B79, 0x6AFA, 0x6AF9,
    0x6A98, 0x6A98, 0x62B9, 0x5A15, 0x6258, 0x6236, 0x51B2, 0x4991, 0x59F3, 0x4990, 0x51B3, 0x49B2,
    0x4990, 0x4970, 0x9A13, 0xD2D6, 0x79F4, 0x5993, 0x5992, 0x5193, 0x49F4, 0x4A14, 0x5BF9, 0x6D3D,
    0x641B, 0x4AB6, 0x64BC, 0x6CDC, 0x4234, 0x42D5, 0x5439, 0x5439, 0x42D5, 0x5419, 0x5419, 0x4294,
    0x396D, 0x294C, 0x296C, 0x294C, 0x294C, 0x294C, 0x314C, 0x498E, 0x51AF, 0x51AF, 0x51AF, 0x51CF,
    0x396D, 0x314C, 0x394C, 0x31B0, 0x31B0, 0x31D1, 0x31B0, 0x31D1, 0x39D1, 0x39D1, 0x39D1, 0x39D1,
    0x39D1, 0x39D1, 0x39D1, 0x39D1, 0x39D1, 0x39F2, 0x41D2, 0x41D2, 0x4213, 0x639A, 0x6B9A, 0x6B39,
    0x6AF9, 0x6AD8, 0x6A35, 0x6214, 0x6214, 0x6A14, 0x8253, 0x9AD2, 0x6A13, 0x6A14, 0x7214, 0x7214,
    0x7214, 0x7A98, 0x8B1A, 0x8B3B, 0x933A, 0xB378, 0xDC36, 0xE476, 0xE4B7, 0xED17, 0xED56, 0xE555,
    0xEDB7, 0xF5D7, 0xF5F7, 0xF5F7, 0xF5D7, 0xF5B7, 0xF5B7, 0xF5B7, 0xF5B7, 0xEDB7, 0xEDB7, 0xEDB8,
    0xF5D8, 0xF5D8, 0xF5F8, 0xF5F8, 0xF5F8, 0xF5F8, 0xF5F8, 0xF618, 0xF618, 0xF618, 0xF619, 0xF639,
    0xF639, 0xF639, 0xF639, 0xF639, 0xF659, 0xF659, 0xF659, 0xF659, 0xF659, 0xF659, 0xF679, 0xF69A,
    0xF69A, 0xF69A, 0xF69A, 0xF69A, 0xF699, 0xF699, 0xF699, 0xF699, 0xF6BA, 0xC4F4, 0xAC8E, 0xDDEF,
    0xC46E, 0xA38D, 0x938D, 0xD553, 0xD553, 0xD553, 0xB430, 0x932D, 0x82AC, 0x82AC, 0x7A6C, 0x726B,
    0x724B, 0x6A4B, 0x6A4B, 0x620A, 0x416A, 0x5A2F, 0x8B51, 0x9392, 0x93B2, 0x9393, 0x5A0E, 0x394A,
    0x3928, 0x51CB, 0x49AA, 0x4169, 0x418A, 0x418A, 0x418A, 0x49AB, 0x49AB, 0x3969, 0x28E7, 0x28C7,
    0x28C7, 0x28E7, 0x28E7, 0x394A, 0x394A, 0x394A, 0x30EA, 0x310C, 0x28C9, 0x28A7, 0x28A7, 0x2087,
    0x28A9, 0x38EC, 0x410D, 0x492F, 0x6A51, 0x9BB3, 0xF65A, 0xF619, 0xF619, 0xF619, 0xF639, 0xF618,
    0xF639, 0xF639, 0xF639, 0xF639, 0xF618, 0xF618, 0xF618, 0xF618, 0xF618, 0xF618, 0xF5F8, 0xEDF7,
    0xEDD7, 0xEDD7, 0xEDD7, 0xEDB7, 0xED77, 0xED97, 0xED97, 0xED77, 0xF5B7, 0xF5D7, 0xF5D7, 0xF5D7,
    0xF5D7, 0xF597, 0xF577, 0xED77, 0xED56, 0xED57, 0xED17, 0xEC78, 0xE458, 0xA399, 0x731A, 0x7319,
    0x7319, 0x72F9, 0x6AD9, 0x6A57, 0x6A78, 0x6A77, 0x51D2, 0x51B1, 0x51B1, 0x49B1, 0x49B1, 0x49B1,
    0x49B1, 0x5191, 0xA233, 0xD2F6, 0x79F3, 0x5192, 0x5992, 0x59B2, 0x5214, 0x5235, 0x5C19, 0x6D5D,
    0x645B, 0x4AD7, 0x6CDC, 0x6CFD, 0x4255, 0x4A95, 0x5BB9, 0x5B99, 0x4A95, 0x5357, 0x5378, 0x4A74,
    0x59F1, 0x296D, 0x296D, 0x316D, 0x316D, 0x296D, 0x316D, 0x61AF, 0x69D0, 0x69B0, 0x69D0, 0x69D0,
    0x498E, 0x396C, 0x394D, 0x31B0, 0x31D1, 0x31D1, 0x31D1, 0x31D1, 0x39F2, 0x39D2, 0x39D2, 0x39F2,
    0x39F2, 0x4212, 0x4212, 0x41F2, 0x41F2, 0x41F2, 0x41F2, 0x41F2, 0x4A14, 0x73FB, 0x747C, 0x749C,
    0x745C, 0x73FB, 0x6A56, 0x7235, 0x7235, 0x7235, 0x8274, 0x9AB5, 0x8255, 0x8A35, 0x8A55, 0x8A35,
    0x8A35, 0x92F6, 0xA399, 0xA378, 0xAB99, 0xBBF6, 0xEDB7, 0xEDD7, 0xF5F7, 0xF617, 0xF617, 0xF5F7,
    0xED17, 0xED18, 0xED18, 0xED18, 0xED58, 0xED57, 0xED77, 0xED57, 0xED37, 0xE537, 0xED57, 0xED57,
    0xED77, 0xED98, 0xED98, 0xED98, 0xED98, 0xED98, 0xED98, 0xED97, 0xEDB8, 0xEDB8, 0xEDD8, 0xEDD8,
    0xEDD8, 0xEDD8, 0xEDF8, 0xEDF8, 0xEDF8, 0xEDF8, 0xEE18, 0xEE18, 0xEE18, 0xEE19, 0xF639, 0xF639,
    0xF639, 0xF659, 0xF659, 0xF659, 0xF659, 0xF658, 0xF659, 0xF659, 0xB452, 0xB4AC, 0xD58F, 0xB40E,
    0x9B4D, 0x6A2A, 0xC4F4, 0xC492, 0xBC72, 0xBC72, 0xBC92, 0xBCB2, 0x61EB, 0x51A9, 0x724B, 0x6A2B,
    0x6A2B, 0x6A2B, 0x6A2B, 0x622B, 0x4969, 0x28A7, 0x3109, 0x394B, 0x414B, 0x392A, 0x28C8, 0x28C7,
    0x3949, 0x49AA, 0x626C, 0x9BF3, 0x9BF2, 0x93D2, 0x7B0F, 0x418A, 0x3149, 0x41AB, 0x418B, 0x418B,
    0x398B, 0x398B, 0x396B, 0x396B, 0x314A, 0x28CA, 0x310C, 0x28C9, 0x28A7, 0x2887, 0x28A8, 0x30CB,
    0x390D, 0x410E, 0x494F, 0x6A30, 0xC4D5, 0xF619, 0xEDF9, 0xEDF8, 0xEDF8, 0xEDF8, 0xEDF8, 0xEDF8,
    0xEDF8, 0xEDF8, 0xEDF8, 0xEDD8, 0xEDD8, 0xEDD8, 0xEDB8, 0xEDB8, 0xEDB8, 0xEDB8, 0xED98, 0xED97,
    0xED77, 0xED77, 0xED77, 0xED77, 0xED77, 0xED77, 0xED77, 0xED77, 0xED57, 0xED57, 0xED57, 0xED57,
    0xED97, 0xF617, 0xF617, 0xF5F7, 0xEDB6, 0xF5B6, 0xF577, 0xECB8, 0xEC19, 0xAB9A, 0x833A, 0x833A,
    0x7B1A, 0x731A, 0x72F9, 0x6A57, 0x7299, 0x7298, 0x59F4, 0x61D3, 0x61B2, 0x51B2, 0x59B3, 0x59B2,
    0x61D3, 0x59D2, 0xA274, 0xDB36, 0x7A14, 0x5992, 0x5992, 0x59B2, 0x5214, 0x5235, 0x5C19, 0x6D5D,
    0x645B, 0x4AF7, 0x6CFD, 0x751D, 0x4A75, 0x4214, 0x4234, 0x4214, 0x41F4, 0x3A14, 0x4214, 0x41F4,
    0x39AF, 0x318E, 0x318E, 0x318E, 0x318E, 0x318E, 0x416E, 0x9A94, 0xB2B6, 0xB2B6, 0xAAB6, 0xAAB6,
    0x59CF, 0x394D, 0x396D, 0x39D1, 0x39F2, 0x39F3, 0x3A33, 0x64BA, 0x653B, 0x6D3B, 0x6D3C, 0x6D5C,
    0x7D7C, 0x52B4, 0x4A34, 0x4A34, 0x4A34, 0x4A13, 0x4A14, 0x5214, 0x5235, 0x7339, 0x7359, 0x7BBA,
    0x843C, 0x841C, 0x82B7, 0x8A76, 0x8A56, 0x9276, 0x9A76, 0xA276, 0xAAF4, 0xBB75, 0xBBB6, 0xC3B6,
    0xBBB5, 0xDD58, 0xE599, 0xE599, 0xE5B9, 0xE5DA, 0xE4F9, 0xE4B8, 0xECD9, 0xE4F8, 0xE4F8, 0xE537,
    0xEDD7, 0xF5D7, 0xF5F7, 0xF5F8, 0xF618, 0xF618, 0xF618, 0xF618, 0xEE18, 0xEE18, 0xEE18, 0xEE18,
    0xF638, 0xF659, 0xF659, 0xF659, 0xF659, 0xF679, 0xF659, 0xF679, 0xF679, 0xF679, 0xF679, 0xF679,
    0xF699, 0xF699, 0xF699, 0xF699, 0xF699, 0xF679, 0xF699, 0xF679, 0xF679, 0xF679, 0xF699, 0xF69A,
    0xF69A, 0xF69A, 0xF69A, 0xF69A, 0xF69A, 0xF699, 0xE659, 0x9BAF, 0xCD0D, 0xC4CE, 0xA3AE, 0x930C,
    0x8AED, 0x59C9, 0x9350, 0x9B91, 0xA3D2, 0xA3D3, 0xA3D3, 0x830F, 0x496A, 0x4128, 0x6A0B, 0x61EA,
    0x59CA, 0x59CA, 0x59EB, 0x51EB, 0x51CB, 0x51AB, 0x3908, 0x30E7, 0x30E7, 0x28E7, 0x30E7, 0x416A,
    0x49CB, 0x51EB, 0x93F4, 0x8352, 0x8351, 0x8331, 0x8331, 0x8352, 0x522D, 0x20C6, 0x396A, 0x396A,
    0x396B, 0x396A, 0x396A, 0x3129, 0x28EA, 0x28EB, 0x28A7, 0x28A7, 0x2887, 0x28A8, 0x30CB, 0x38EE,
    0x410F, 0x514F, 0x7A90, 0xEE19, 0xF639, 0xF659, 0xF659, 0xF659, 0xF679, 0xF679, 0xF679, 0xF659,
    0xF679, 0xF679, 0xF679, 0xF678, 0xF678, 0xF658, 0xF658, 0xF658, 0xF658, 0xF657, 0xF657, 0xF657,
    0xF657, 0xF637, 0xF637, 0xF637, 0xF617, 0xF617, 0xF617, 0xF617, 0xEDF7, 0xF5F7, 0xF5F7, 0xEDD7,
    0xF5D7, 0xF5B7, 0xF5B7, 0xED97, 0xF618, 0xF638, 0xF618, 0xEDD8, 0xECD7, 0xC438, 0xAB7A, 0x9B1B,
    0x931A, 0x8B1A, 0x831A, 0x7A78, 0x8298, 0x7A98, 0x6A14, 0x71F4, 0x7214, 0x61D3, 0x6A14, 0x61D3,
    0x71F4, 0x61D2, 0xAA94, 0xE377, 0x8234, 0x59B3, 0x59B2, 0x59B3, 0x5214, 0x5255, 0x641A, 0x755D,
    0x6C7C, 0x4AF8, 0x6CFD, 0x751D, 0x4A76, 0x4B57, 0x655D, 0x6D3D, 0x4B37, 0x655D, 0x6D5D, 0x4B16,
    0x31AF, 0x318F, 0x31AF, 0x318F, 0x318F, 0x318F, 0x398F, 0x396F, 0x416F, 0x416F, 0x416F, 0x416F,
    0x416E, 0x416E, 0x416E, 0x41F2, 0x4213, 0x4214, 0x4234, 0x5B77, 0x5B98, 0x6398, 0x6398, 0x63B8,
    0x6BB8, 0x5275, 0x5255, 0x5255, 0x5255, 0x5A55, 0x5A55, 0x6275, 0x62B6, 0x8CBC, 0x8CDC, 0x94BC,
    0x943B, 0x9BDB, 0xAAF9, 0xB337, 0xCC77, 0xCC56, 0xD456, 0xD456, 0xD4D7, 0xE559, 0xE579, 0xE59A,
    0xDD79, 0xC47A, 0xB3BB, 0xABBB, 0xB3DB, 0xB3BC, 0xD499, 0xED37, 0xED37, 0xED37, 0xED37, 0xE537,
    0xE537, 0xE517, 0xE517, 0xED38, 0xED38, 0xED37, 0xED37, 0xED57, 0xED37, 0xED57, 0xED57, 0xED57,
    0xED77, 0xED77, 0xED98, 0xED98, 0xED98, 0xED98, 0xEDB8, 0xEDB8, 0xEDB8, 0xEDD8, 0xEDD8, 0xEDD8,
    0xF5D8, 0xEDF8, 0xEDF8, 0xEDF8, 0xEDF8, 0xEDF8, 0xEDF8, 0xEDF8, 0xEDF8, 0xEE19, 0xF619, 0xF639,
    0xF639, 0xF639, 0xF639, 0xF639, 0xEE38, 0xCD55, 0x8B2C, 0xCD2D, 0xB44D, 0x932D, 0x8ACC, 0x82CB,
    0x82AB, 0x6A2A, 0x4128, 0x414A, 0x51AC, 0x51CC, 0x51CC, 0x4149, 0x3908, 0x4989, 0x624B, 0x8B90,
    0xB494, 0xB4B4, 0xB4B5, 0x8B91, 0x51EB, 0x418A, 0x49AB, 0x49AB, 0x49CB, 0x49CB, 0x49AB, 0x49AB,
    0x418A, 0x28E8, 0x49CD, 0x7B32, 0x8332, 0x7B32, 0x7B32, 0x62B1, 0x398B, 0x1885, 0x394A, 0x396A,
    0x396B, 0x396B, 0x3129, 0x28EB, 0x28EA, 0x28A8, 0x2886, 0x2887, 0x2887, 0x30CA, 0x410E, 0x412F,
    0x494F, 0x9352, 0xEDD9, 0xEDD8, 0xF5F9, 0xEDF9, 0xEDF8, 0xEDF8, 0xEDF8, 0xEDF8, 0xEDF8, 0xEDF8,
    0xEDF8, 0xEDF8, 0xEDD8, 0xEDD8, 0xEDD8, 0xEDD8, 0xEDB8, 0xED99, 0xDCF9, 0xDD18, 0xDCF8, 0xD4F8,
    0xD4F8, 0xDCD8, 0xD4D8, 0xDCF7, 0xED57, 0xED57, 0xED37, 0xE516, 0xE516, 0xE516, 0xECF6, 0xECF5,
    0xDCB7, 0xD497, 0xDC98, 0xDC98, 0xDC98, 0xDC99, 0xDC99, 0xD53A, 0xDDBA, 0xE53A, 0xE55A, 0xD4B8,
    0xD4B8, 0xC3FA, 0xB31A, 0xA2B8, 0x9A98, 0x9298, 0x8235, 0x7A14, 0x7213, 0x71F3, 0x69F3, 0x69F3,
    0x61D3, 0x61D2, 0x99F3, 0xBA35, 0x71F4, 0x59B3, 0x59D3, 0x61D4, 0x5A35, 0x5A55, 0x641A, 0x755D,
    0x6C9C, 0x5338, 0x751D, 0x751D, 0x4A96, 0x4A55, 0x4A96, 0x4A96, 0x4234, 0x4275, 0x4A95, 0x4234,
    0x31AF, 0x39AF, 0x39B0, 0x39B0, 0x39B0, 0x39B0, 0x4190, 0x9253, 0xAA95, 0xAA95, 0xAA74, 0xA274,
    0x59B0, 0x496E, 0x416F, 0x41F3, 0x4A34, 0x4A34, 0x4A54, 0x5255, 0x5275, 0x5A75, 0x5A75, 0x6275,
    0x6295, 0x6295, 0x6A95, 0x6A95, 0x7295, 0x7295, 0x7A96, 0x8AB6, 0x92F7, 0xAC7B, 0xB49C, 0xBCDA,
    0xD598, 0xD558, 0xD4D7, 0xD4D8, 0xDD19, 0xDCDA, 0xDCDA, 0xDCF9, 0xCC39, 0xAAD8, 0xAAD8, 0xAAD9,
    0xA2B9, 0x9B5A, 0x9BDB, 0xA3DB, 0xA3DB, 0xA39B, 0xBC77, 0xEDF6, 0xF617, 0xF637, 0xF637, 0xF638,
    0xF618, 0xEDF7, 0xEE17, 0xEE18, 0xF618, 0xEE17, 0xEE18, 0xF638, 0xF638, 0xF638, 0xF638, 0xEE38,
    0xEE38, 0xF638, 0xF658, 0xF658, 0xF659, 0xF679, 0xF679, 0xF679, 0xF679, 0xF678, 0xF679, 0xF679,
    0xF679, 0xF699, 0xF699, 0xF699, 0xF699, 0xF699, 0xF699, 0xF699, 0xF699, 0xF699, 0xF699, 0xF699,
    0xF699, 0xF699, 0xF699, 0xEE59, 0xCD56, 0x936B, 0xCD0D, 0xA3CE, 0x82CD, 0x726B, 0x724B, 0x6A4B,
    0x6A4B, 0x6A4B, 0x620A, 0x51A9, 0x3927, 0x4148, 0x4148, 0x4989, 0x49A9, 0x51EB, 0x624C, 0xA413,
    0x93B2, 0x93B2, 0x93B2, 0x93B2, 0x93D2, 0x3968, 0x3108, 0x49AB, 0x49AB, 0x49AB, 0x49AB, 0x41AA,
    0x418A, 0x28E7, 0x1887, 0x28EA, 0x290C, 0x290C, 0x312C, 0x2909, 0x20C6, 0x28E7, 0x396A, 0x396B,
    0x396A, 0x3129, 0x310B, 0x28CA, 0x28A7, 0x2886, 0x2886, 0x2887, 0x2888, 0x38ED, 0x412F, 0x492F,
    0xC517, 0xF659, 0xF659, 0xF659, 0xF679, 0xF679, 0xF679, 0xF679, 0xF679, 0xF678, 0xF679, 0xF678,
    0xF678, 0xF678, 0xF678, 0xF678, 0xF678, 0xF678, 0xF678, 0xE5DA, 0xC3F9, 0xC3F9, 0xBBF8, 0xBBF8,
    0xBBF8, 0xBBF8, 0xBBD9, 0xCCD7, 0xF617, 0xF637, 0xEE17, 0xEE16, 0xED96, 0xECF6, 0xEC55, 0xE494,
    0xC3F7, 0xAB58, 0xAB38, 0xAB58, 0xAB59, 0xAB59, 0xAB79, 0xB4DC, 0xBCBD, 0xBB9C, 0xC3DB, 0xC41A,
    0xCC19, 0xDD39, 0xE598, 0xE578, 0xCBF7, 0xBB37, 0xAAF6, 0xA2D6, 0x9A76, 0x9255, 0x8A34, 0x8234,
    0x7A14, 0x7214, 0x99F4, 0xB215, 0x8A15, 0xA254, 0xA255, 0x8255, 0x6A56, 0x6296, 0x6C3A, 0x7D7D,
    0x74BC, 0x5B59, 0x751D, 0x7D3D, 0x52B6, 0x4A55, 0x4255, 0x4234, 0x4234, 0x4214, 0x4214, 0x4214,
    0x39D0, 0x39D0, 0x39D0, 0x39D0, 0x41D1, 0x41D1, 0x41D1, 0x7A53, 0x8A74, 0x8A95, 0x8A74, 0x8A74,
    0x61F1, 0x51B0, 0x51B1, 0x5234, 0x5275, 0x5A75, 0x5A95, 0x6295, 0x6295, 0x6A95, 0x72B6, 0x72B6,
    0x7AD6, 0x82B6, 0x92B6, 0x9AD5, 0xA2D4, 0xAAD5, 0xB315, 0xC3B6, 0xDD79, 0xE61B, 0xE5F9, 0xE59B,
    0xDC9B, 0xD45A, 0xCC39, 0xCC7A, 0xB379, 0xAB18, 0xA2F8, 0x9AD7, 0x92B7, 0x8AB7, 0x82B6, 0x82B7,
    0x8297, 0x8B59, 0x93BB, 0x9BBA, 0xABFA, 0xA37A, 0xABD9, 0xC499, 0xC4B9, 0xCCBA, 0xCCDA, 0xCCDA,
    0xCCDA, 0xC4D9, 0xC4D9, 0xCCD9, 0xE599, 0xEDB8, 0xED98, 0xEDB8, 0xEDD8, 0xEDD8, 0xEDD8, 0xEDD8,
    0xEDD8, 0xEDD8, 0xEDF8, 0xEDF8, 0xF5F8, 0xF618, 0xF619, 0xF618, 0xF618, 0xF618, 0xF619, 0xF639,
    0xF639, 0xF639, 0xF639, 0xF639, 0xF639, 0xF639, 0xF639, 0xF639, 0xF639, 0xF639, 0xF659, 0xF659,
    0xF659, 0xF679, 0xE618, 0xC534, 0x936A, 0xC4CE, 0x8B2E, 0x6A4D, 0x626C, 0xB4B3, 0xBCD3, 0xC4F3,
    0xAC72, 0x51EB, 0x4989, 0x59EB, 0x59EB, 0x5A0B, 0x5A0B, 0x5A0B, 0x51EB, 0x49AA, 0x3149, 0x522F,
    0x7AF1, 0x8B52, 0x8B72, 0x8352, 0x51EE, 0x28E8, 0x3108, 0x49AB, 0x49AA, 0x4169, 0x3969, 0x3949,
    0x3949, 0x396A, 0x396A, 0x28E8, 0x20A6, 0x1885, 0x1885, 0x20C6, 0x3129, 0x314A, 0x314A, 0x3149,
    0x28C8, 0x28EB, 0x28C9, 0x2887, 0x2086, 0x2887, 0x2887, 0x30A9, 0x38ED, 0x410F, 0x4950, 0x5151,
    0xC517, 0xF639, 0xF639, 0xF639, 0xF639, 0xF639, 0xF639, 0xF639, 0xEE38, 0xF638, 0xF638, 0xEE18,
    0xEE18, 0xEE18, 0xEE18, 0xF5F8, 0xEDF8, 0xEDF8, 0xEDD8, 0xE579, 0xBBF8, 0xBBF8, 0xBBF8, 0xBBF8,
    0xBBF8, 0xBBF8, 0xBBF8, 0xD4B7, 0xEDD7, 0xEDD7, 0xEDD6, 0xED76, 0xE435, 0xE3F4, 0xE3D3, 0xDBB4,
    0xAB57, 0xA338, 0xAB38, 0xAB38, 0xAB38, 0xAB38, 0xA358, 0xB4DC, 0xB4BC, 0xAB7A, 0xA31A, 0x9B19,
    0xA319, 0xAB3A, 0xB35A, 0xB379, 0xE55B, 0xE57B, 0xE59A, 0xDD59, 0xCC36, 0xC3F6, 0xBBD5, 0xB316,
    0xAA76, 0xA256, 0xB276, 0xBA76, 0x9276, 0x9276, 0x8A96, 0x8276, 0x7297, 0x72B6, 0x745B, 0x857D,
    0x7CDC, 0x5B79, 0x7D3D, 0x7D3D, 0x52D7, 0x4A55, 0x4A55, 0x4A54, 0x4A34, 0x4234, 0x4234, 0x4234,
    0x39F1, 0x41F1, 0x41F1, 0x41F1, 0x41D2, 0x49F2, 0x49F2, 0x51D1, 0x61D2, 0x61F2, 0x69F2, 0x69D1,
    0x61D1, 0x61D1, 0x61D2, 0x6A75, 0x6AB6, 0x72D6, 0x7AD6, 0x7AF6, 0x82D7, 0x92D5, 0xA315, 0xAB15,
    0xB336, 0xB336, 0xBBB6, 0xEE39, 0xEE19, 0xEE19, 0xEE39, 0xEE1C, 0xC3FA, 0xC49C, 0xBC9B, 0xB4DC,
    0xA53D, 0xA4DD, 0x9359, 0x8AF8, 0x82F8, 0x82D8, 0x92D6, 0xA336, 0x7AB6, 0x7297, 0x7297, 0x7297,
    0x7296, 0x8359, 0x9BBB, 0xAC3A, 0xBCBB, 0x9B7A, 0x9B59, 0xA37A, 0xA39A, 0xA39A, 0xAB9A, 0xAB9A,
    0xABBA, 0xABDA, 0xABDA, 0xB3DB, 0xBC1A, 0xDD38, 0xEDD7, 0xEDD8, 0xEDF8, 0xEDF8, 0xEDF8, 0xEDF8,
    0xEE18, 0xEE18, 0xEE18, 0xEE18, 0xEE39, 0xEE38, 0xF638, 0xF638, 0xF638, 0xF639, 0xF639, 0xF639,
    0xF639, 0xF639, 0xF659, 0xF659, 0xF659, 0xF639, 0xF659, 0xF659, 0xF659, 0xF659, 0xF679, 0xF679,
    0xF679, 0xCD77, 0xA410, 0x9BAB, 0xB46E, 0x7AAD, 0x728D, 0x4989, 0xB452, 0xA432, 0x9BF2, 0x9BF2,
    0xA3F2, 0x9C13, 0x520B, 0x3107, 0x51EB, 0x51EB, 0x51EB, 0x51EB, 0x51CB, 0x498A, 0x3108, 0x20A7,
    0x28E9, 0x314B, 0x394B, 0x394B, 0x28C8, 0x28C6, 0x3949, 0x418A, 0x5A6C, 0x9C33, 0x93F3, 0x93F2,
    0x6AEE, 0x41AA, 0x2908, 0x396A, 0x398B, 0x396A, 0x396A, 0x396A, 0x396A, 0x314A, 0x3129, 0x28C9,
    0x28CB, 0x28C9, 0x2887, 0x2886, 0x2887, 0x28A7, 0x30A7, 0x38CA, 0x412F, 0x4930, 0x59D1, 0xA3F5,
    0xDDD8, 0xF67A, 0xF659, 0xF659, 0xF659, 0xF659, 0xF659, 0xEE38, 0xEE38, 0xEE38, 0xEE38, 0xEE38,
    0xEE38, 0xEE38, 0xEE18, 0xF618, 0xEE18, 0xEDF8, 0xEDF8, 0xE579, 0xBBF8, 0xBBF8, 0xBBF8, 0xBBF8,
    0xBBD8, 0xBBF8, 0xBBF8, 0xD496, 0xED96, 0xECD6, 0xE4D6, 0xE476, 0xE3D4, 0xE3D3, 0xE3D3, 0xDBD4,
    0xAB78, 0xA358, 0xAB77, 0xC3D6, 0xBBB7, 0xAB39, 0xA359, 0xB4FC, 0xB4FD, 0xAB7A, 0xA339, 0x9319,
    0x82D9, 0x8AF9, 0x8AF9, 0x8AD9, 0xAB1A, 0xAAFA, 0xB2DA, 0xC3D9, 0xDCDA, 0xDCBA, 0xDCB9, 0xDCF8,
    0xD4B6, 0xDCD7, 0xD4B6, 0xCBF7, 0xB297, 0xAA97, 0xA2B7, 0x9AD7, 0x8AD7, 0x82D7, 0x7C5A, 0x857D,
    0x7CDC, 0x637A, 0x7D3D, 0x7D3D, 0x5AF7, 0x5276, 0x5276, 0x5275, 0x4A55, 0x4A55, 0x4A55, 0x4A55,
    0x41F2, 0x49F2, 0x49F3, 0x49F3, 0x5213, 0x5A13, 0x6213, 0xBB16, 0xD357, 0xD357, 0xCB57, 0xCB57,
    0x9274, 0x8233, 0x8A33, 0x92B7, 0x9B36, 0xA356, 0xAB56, 0xAB76, 0xB376, 0xBC15, 0xEDD8, 0xEDF8,
    0xEE39, 0xEE59, 0xEE1B, 0xB399, 0xAB59, 0xAB39, 0xA339, 0xA33A, 0x937A, 0x8C3B, 0x8C1B, 0x841B,
    0x7BDB, 0x7BBA, 0x7B18, 0x72D8, 0x72D7, 0x6AB7, 0x72B7, 0x8AF7, 0x6A97, 0x6A97, 0x6A97, 0x6A97,
    0x6A97, 0x8B19, 0xA37A, 0xAC3A, 0xB4DB, 0x9B99, 0x9B79, 0x9B99, 0x9B99, 0xC497, 0xCCD9, 0xABDA,
    0xCC97, 0xD4F8, 0xB3FA, 0xB3DB, 0xB3D9, 0xDD98, 0xF659, 0xF679, 0xF699, 0xF699, 0xF699, 0xF699,
    0xF699, 0xF699, 0xF699, 0xF699, 0xF6B9, 0xF6B9, 0xF6B9, 0xF6B9, 0xF699, 0xF699, 0xF699, 0xF699,
    0xF699, 0xF699, 0xF6BA, 0xF6BA, 0xF6BA, 0xF6BA, 0xF6BA, 0xF6BA, 0xF699, 0xF6B9, 0xF6B9, 0xF6DA,
    0xC536, 0x93EE, 0xA40C, 0xBC8F, 0x726D, 0x6A4C, 0x6A2C, 0x4149, 0x72CE, 0x7B30, 0x8B92, 0x8B92,
    0x8BB2, 0x5A2E, 0x394A, 0x3107, 0x51EC, 0x49EB, 0x4189, 0x4189, 0x3969, 0x418A, 0x49AB, 0x4169,
    0x3128, 0x20A6, 0x28C7, 0x28E7, 0x2907, 0x396A, 0x3969, 0x3949, 0x8392, 0x8352, 0x8352, 0x8352,
    0x8B92, 0x8BB4, 0x522D, 0x20E7, 0x398A, 0x396A, 0x316A, 0x316A, 0x396B, 0x3129, 0x28CA, 0x20AB,
    0x20A8, 0x2066, 0x2066, 0x2066, 0x2886, 0x2887, 0x30AA, 0x38ED, 0x410F, 0x61F0, 0xA3F4, 0xF67A,
    0xF69A, 0xF69A, 0xF699, 0xF699, 0xF6B9, 0xF6BA, 0xF6B9, 0xF6B9, 0xF6B9, 0xF6B9, 0xF6B9, 0xF699,
    0xF699, 0xF699, 0xF699, 0xF698, 0xEE59, 0xEE39, 0xEE59, 0xE5BA, 0xBBF8, 0xBBF8, 0xBBF8, 0xBBF8,
    0xBBF8, 0xBBF8, 0xBBD8, 0xD457, 0xE496, 0xE3D5, 0xE3D5, 0xDBD4, 0xDBD4, 0xDBD3, 0xDBD3, 0xD3B4,
    0xA358, 0xA338, 0xAB58, 0xBBB8, 0xB398, 0xAB39, 0xA359, 0xB51C, 0xB51C, 0xAB9A, 0xAB59, 0x9B39,
    0x82D8, 0x72B8, 0x7299, 0x7298, 0x931A, 0x8AD8, 0x8297, 0x92B7, 0x9AB8, 0xA2B9, 0xAAB9, 0xBBD9,
    0xCC79, 0xCC7A, 0xCC99, 0xE5D9, 0xDD17, 0xDD17, 0xDD58, 0xD4B9, 0xBB59, 0xAB59, 0x9C9B, 0x957C,
    0x8CDD, 0x6BBA, 0x853D, 0x853D, 0x7318, 0x6A96, 0x6296, 0x5A96, 0x5A96, 0x5276, 0x5276, 0x5255,
    0x5233, 0x5234, 0x5A34, 0x5A34, 0x6234, 0x6A54, 0x7A55, 0x8A95, 0x9AB6, 0xA2D6, 0xAAD6, 0xAB16,
    0xB2F6, 0xB2D6, 0xBAF5, 0xBB56, 0xE5D9, 0xEE7A, 0xEE99, 0xF679, 0xF679, 0xE5FB, 0xAB79, 0xA359,
    0xA359, 0x9B58, 0x9358, 0x8B58, 0x7B38, 0x7B17, 0x7318, 0x7318, 0x73DA, 0x8D7E, 0x8D7E, 0x8D7E,
    0x855D, 0x8D1D, 0x6B18, 0x62D7, 0x62D7, 0x62B7, 0x72D5, 0x9335, 0x6AB7, 0x6AB7, 0x6AB7, 0x6AB7,
    0x72B7, 0x9B7A, 0xA39A, 0xAC7A, 0xB51B, 0x9BDA, 0x9B99, 0x9B9A, 0x9B9A, 0xA3BA, 0xABDA, 0xABDB,
    0xABDA, 0xABD9, 0xABFA, 0xB3FA, 0xB3FA, 0xDCF9, 0xED99, 0xED99, 0xED99, 0xED99, 0xEDB9, 0xEDB9,
    0xEDB9, 0xEDD9, 0xEDD9, 0xEDD9, 0xEDD9, 0xEDD9, 0xEDF9, 0xEDF9, 0xEDF9, 0xEDF9, 0xEE19, 0xEE19,
    0xEE19, 0xEE19, 0xEDF9, 0xEE19, 0xEE19, 0xEE19, 0xEE19, 0xF619, 0xEE19, 0xF639, 0xF679, 0xA453,
    0x9BED, 0xAC4C, 0xAC2F, 0x724C, 0x6A4C, 0x622C, 0x61EB, 0x4168, 0x28C7, 0x28E9, 0x312B, 0x394B,
    0x396B, 0x28E8, 0x20A7, 0x3969, 0x418A, 0x628D, 0x9C54, 0x9C34, 0x9C33, 0x6ACF, 0x41AB, 0x3969,
    0x398A, 0x398B, 0x41AB, 0x41AB, 0x418A, 0x398B, 0x3969, 0x20A7, 0x49ED, 0x72D1, 0x8372, 0x8352,
    0x8352, 0x6290, 0x290A, 0x1865, 0x396A, 0x316A, 0x314A, 0x314A, 0x2908, 0x28EA, 0x20A9, 0x2088,
    0x2066, 0x2066, 0x2066, 0x2867, 0x2887, 0x30A8, 0x38CC, 0x410F, 0x4950, 0x82F2, 0xF63B, 0xF63A,
    0xF63A, 0xEE1A, 0xEE19, 0xEE19, 0xEE19, 0xEE19, 0xEDF9, 0xEDF9, 0xEDF9, 0xEDD8, 0xEDD9, 0xEDD9,
    0xEDD9, 0xEDF9, 0xEDD9, 0xEDDA, 0xCC5A, 0xC419, 0xBC19, 0xC419, 0xBBF9, 0xBBF9, 0xBBF8, 0xBBD8,
    0xBBD8, 0xBBD8, 0xBBD8, 0xCBB7, 0xE3D6, 0xE3D5, 0xE454, 0xE454, 0xE3D4, 0xE3D3, 0xE3D3, 0xD3D5,
    0xAB58, 0xA339, 0xA359, 0xA339, 0xA339, 0xAB39, 0xA379, 0xB51C, 0xB51C, 0xAB9A, 0xAB5A, 0xAB79,
    0x9B59, 0x72B9, 0x6AB8, 0x6A98, 0x8AFA, 0x7AB8, 0x6A76, 0x6A76, 0x6A76, 0x7296, 0x7A96, 0x82B7,
    0x8AD7, 0x9AD8, 0xA2F9, 0xBBFA, 0xC3FA, 0xCBFA, 0xCC1B, 0xDD7A, 0xE61A, 0xE5FA, 0xE63A, 0xDE3C,
    0xB47C, 0x9BFB, 0x953D, 0x9D3D, 0x9359, 0x8AD7, 0x82D7, 0x7AD7, 0x72B7, 0x6297, 0x6296, 0x5A96,
    0x6A55, 0x7275, 0x7A75, 0x8276, 0x9275, 0xA2B5, 0xB2F5, 0xBB15, 0xC336, 0xC356, 0xC3F5, 0xEE59,
    0xF679, 0xF679, 0xF679, 0xEE59, 0xC419, 0xB319, 0xAB39, 0xA339, 0x9B39, 0x9B59, 0x8B79, 0x7B38,
    0x7338, 0x6B18, 0x6B17, 0x6317, 0x5AF7, 0x5AF7, 0x5AF7, 0x5AF7, 0x5B19, 0x63BA, 0x6BDB, 0x6BFB,
    0x741B, 0x73FB, 0x6318, 0x62D7, 0x62D7, 0x62D7, 0x6AF7, 0x8378, 0x6AD8, 0x6AF8, 0x6AD8, 0x7AF8,
    0x9B79, 0xA37A, 0xA39A, 0xA47A, 0xAD1C, 0x9BDA, 0x9B9A, 0x9B9A, 0x9B99, 0xBC77, 0xCC99, 0xABDA,
    0xCCB8, 0xD539, 0xB41A, 0xB3FB, 0xABDA, 0xDD78, 0xF679, 0xF679, 0xF699, 0xF67A, 0xF69A, 0xF67A,
    0xF67A, 0xF69B, 0xF69B, 0xF69B, 0xF69A, 0xF699, 0xF699, 0xF6B9, 0xF6B9, 0xF6BA, 0xF6BA, 0xF6BA,
    0xF6BA, 0xF6BA, 0xF6DA, 0xF6BA, 0xF6BA, 0xF6BA, 0xF6BA, 0xF6BA, 0xF6B9, 0xE679, 0x8B71, 0x9BEB,
    0xAC2C, 0x8B4E, 0x6A2C, 0x6A2C, 0x620C, 0x61EB, 0x59EB, 0x59EB, 0x51EB, 0x3948, 0x28E7, 0x3107,
    0x3107, 0x3948, 0x418A, 0x396A, 0x49CA, 0x8BD3, 0x8392, 0x8372, 0x8371, 0x8B92, 0x8BB3, 0x3989,
    0x2908, 0x398B, 0x39AB, 0x41AB, 0x39AB, 0x398B, 0x396A, 0x28E7, 0x20A6, 0x28C9, 0x312C, 0x28EB,
    0x28EA, 0x20A8, 0x1885, 0x20C7, 0x396A, 0x316B, 0x316A, 0x28E8, 0x28EB, 0x28C9, 0x28A7, 0x2086,
    0x2086, 0x2886, 0x2887, 0x2887, 0x30A8, 0x38CA, 0x410D, 0x492F, 0x9BF4, 0xE639, 0xF6BA, 0xF6BA,
    0xF6BA, 0xF6BA, 0xF6B9, 0xF6B9, 0xF6B9, 0xF6B9, 0xF6D9, 0xF6D9, 0xF6B9, 0xF6D9, 0xF6B9, 0xF6B9,
    0xF6B9, 0xF6D9, 0xF6B8, 0xF67A, 0xC45A, 0xC41A, 0xBC19, 0xBC1A, 0xBBF9, 0xBBF9, 0xBBF8, 0xBBD8,
    0xBBD8, 0xBBF8, 0xBBD8, 0xCBD7, 0xE3D5, 0xE3D5, 0xE415, 0xE3F5, 0xE3D4, 0xE3D3, 0xE3F3, 0xDBD5,
    0xB398, 0xB3D8, 0xAB98, 0xC417, 0xAB78, 0xA338, 0x9B58, 0xAD1C, 0xAD1C, 0xA39A, 0xA379, 0xA379,
    0xA359, 0x933A, 0x6AB8, 0x6AB9, 0x8B3A, 0x7AF9, 0x6297, 0x5A97, 0x6297, 0x6297, 0x6297, 0x6AB7,
    0x6AB7, 0x72B7, 0x7AD7, 0x82D8, 0x92F9, 0x9B19, 0xA31A, 0xAB7A, 0xBB9B, 0xBBBB, 0xBBFC, 0xD4FA,
    0xEE1A, 0xEE1A, 0xE61A, 0xE61A, 0xD499, 0xB317, 0xB337, 0xAB37, 0x9AF7, 0x8AD8, 0x82D8, 0x7AD7,
    0xA2B5, 0xAAD5, 0xB2F6, 0xBB16, 0xBB36, 0xE597, 0xEE59, 0xEE59, 0xEE59, 0xF659, 0xEE3B, 0xC3B9,
    0xBB59, 0xB359, 0xAB39, 0x9B38, 0x8B58, 0x8359, 0x7B59, 0x7359, 0x7358, 0x6B58, 0x6338, 0x5B38,
    0x5B18, 0x5B18, 0x5AF7, 0x52F7, 0x52F7, 0x52F7, 0x52F8, 0x52F8, 0x5B99, 0x7D5D, 0x7D5D, 0x7D3D,
    0x7D1D, 0x7CDD, 0x6359, 0x62F8, 0x5AF7, 0x62D8, 0x62D8, 0x62F8, 0x62F8, 0x6B19, 0x72F8, 0x8B39,
    0x9B79, 0x9B79, 0x9B9A, 0xA47A, 0xAD3C, 0x9BFA, 0x939A, 0x9BBA, 0x9B9A, 0xA3B9, 0xA3D9, 0xA3DB,
    0xABDA, 0xB3FA, 0xB3FB, 0xB41B, 0xB3FA, 0xDD79, 0xF63A, 0xF63A, 0xEE3B, 0xC4DB, 0xC4DC, 0xC4DC,
    0xC4FC, 0xCD1D, 0xCD1D, 0xCD1D, 0xC4FC, 0xE61A, 0xF67A, 0xF67A, 0xF69A, 0xF69A, 0xF69A, 0xF69A,
    0xF69A, 0xF69A, 0xF69A, 0xF69A, 0xF69A, 0xF69A, 0xF67A, 0xF6BA, 0xCD98, 0x7B0F, 0xB4CD, 0x9BAC,
    0x72AD, 0x622C, 0x622C, 0x620B, 0x59EB, 0x59EB, 0x59CB, 0x51CB, 0x51CB, 0x49CB, 0x41CB, 0x49EB,
    0x49EB, 0x49CB, 0x41CB, 0x3969, 0x20E8, 0x4A0F, 0x6AD1, 0x8372, 0x7B52, 0x7B32, 0x4A0F, 0x20E8,
    0x20C7, 0x398B, 0x398A, 0x3169, 0x3149, 0x3149, 0x3149, 0x396A, 0x314A, 0x3129, 0x1864, 0x1044,
    0x1044, 0x1885, 0x3149, 0x398A, 0x398B, 0x316A, 0x2909, 0x28EA, 0x28A9, 0x28A7, 0x2066, 0x2086,
    0x2887, 0x2887, 0x2887, 0x30A8, 0x38C9, 0x40EC, 0x492D, 0xBCD8, 0xDDD9, 0xF69A, 0xF69A, 0xF69A,
    0xF69A, 0xF69A, 0xF67A, 0xF69A, 0xF67A, 0xF67A, 0xF67A, 0xF67A, 0xF67A, 0xF67A, 0xF67A, 0xF67A,
    0xF67A, 0xF67A, 0xF659, 0xF63A, 0xC45A, 0xC43A, 0xBC1A, 0xC438, 0xC419, 0xBBF8, 0xCC78, 0xC419,
    0xBBD9, 0xCC57, 0xCC59, 0xCBD7, 0xE475, 0xE475, 0xE475, 0xDBF5, 0xE3D4, 0xDBD3, 0xE3D3, 0xD3B5,
    0xAB78, 0xB3B9, 0xAB99, 0xB3D9, 0xAB59, 0xAB39, 0xA379, 0xAD3C, 0xAD1C, 0xA39A, 0xAB7A, 0xA37A,
    0xA37A, 0xA35A, 0x9B5A, 0x72D9, 0x8B3A, 0x7B19, 0x5AB8, 0x5AB7, 0x5AB7, 0x5AB7, 0x62B7, 0x62D7,
    0x62D7, 0x62D8, 0x6AD8, 0x6AD8, 0x9317, 0xBB56, 0xBB57, 0x9359, 0x7B5A, 0x837A, 0x849C, 0xA53D,
    0xB4BD, 0xB47C, 0xBCBC, 0xC4BB, 0xE59B, 0xEE3A, 0xEE3A, 0xEE3B, 0xD4F9, 0xB357, 0xB357, 0xAB77,
    0xEDF8, 0xEE38, 0xEE58, 0xEE79, 0xEE9A, 0xCC59, 0xB359, 0xB359, 0xB338, 0xB358, 0xB358, 0xAB38,
    0x9318, 0x8317, 0x7AF7, 0x6B59, 0x6359, 0x6359, 0x5B59, 0x5B59, 0x5B59, 0x5B59, 0x5B59, 0x5358,
    0x5338, 0x5338, 0x5338, 0x5338, 0x5338, 0x5338, 0x5338, 0x5318, 0x5359, 0x6C7C, 0x6C9C, 0x74BC,
    0x74BD, 0x749C, 0x6359, 0x6318, 0x6318, 0x6318, 0x6338, 0x6339, 0x6339, 0x6B39, 0x7B58, 0x9379,
    0x9BBA, 0x9BBA, 0x9BDA, 0xA4BB, 0xAD5C, 0x9C3B, 0x9BDA, 0x9BDA, 0x9BDA, 0xC4B8, 0xC4DA, 0xA3FB,
    0xC4B8, 0xD539, 0xB43B, 0xB43C, 0xB41B, 0xD51A, 0xED9A, 0xED7A, 0xE57A, 0xC4BC, 0xBCDC, 0xC4DC,
    0xC4FC, 0xC51C, 0xC51D, 0xC51D, 0xC4FC, 0xE5BA, 0xEE1A, 0xEE3A, 0xF63A, 0xF65A, 0xF65A, 0xEE5A,
    0xEE5A, 0xEE5A, 0xEE5A, 0xF65A, 0xF67A, 0xF67A, 0xF6BB, 0xACB5, 0x834D, 0xB48B, 0x8B6C, 0x6A4C,
    0x5A0C, 0x5A0B, 0x5A0B, 0x51EB, 0x51CB, 0x51CB, 0x51CB, 0x49CB, 0x49CB, 0x41CB, 0x41CB, 0x41CB,
    0x41EB, 0x41EB, 0x41CB, 0x41AA, 0x2928, 0x20C7, 0x290A, 0x314C, 0x314C, 0x312B, 0x20C7, 0x1885,
    0x20C7, 0x396A, 0x4A2B, 0x8BF2, 0x8BD2, 0x8391, 0x522C, 0x3169, 0x316A, 0x398B, 0x396B, 0x396A,
    0x398A, 0x398B, 0x398B, 0x316A, 0x2929, 0x28E9, 0x20CA, 0x28A8, 0x2086, 0x2066, 0x2066, 0x2066,
    0x2887, 0x2887, 0x3088, 0x38A9, 0x40CB, 0x490D, 0x59AE, 0xEE3B, 0xF63B, 0xF65B, 0xF65A, 0xF65A,
    0xF65A, 0xF65A, 0xEE3A, 0xEE5A, 0xEE3A, 0xEE39, 0xEE39, 0xEE19, 0xF619, 0xF619, 0xEE19, 0xEE19,
    0xEE19, 0xF619, 0xF619, 0xEDFA, 0xCC7A, 0xC43A, 0xC439, 0xDD18, 0xDD17, 0xD4F9, 0xBBFA, 0xBBFA,
    0xBBF9, 0xBBD9, 0xBBDA, 0xC3D8, 0xDC35, 0xDC34, 0xDC34, 0xDC14, 0xE3F4, 0xE3F4, 0xE3F3, 0xDBD5,
    0xAB79, 0xA37A, 0xA37A, 0xA379, 0xA37A, 0xAB79, 0xA399, 0xB55D, 0xB55D, 0xA3BA, 0xA39A, 0xA39A,
    0xA39A, 0xA37A, 0x9B9A, 0x7B1A, 0x8B5A, 0x7B1A, 0x5AF9, 0x5AD8, 0x5AD8, 0x5AD8, 0x5AD8, 0x5AD8,
    0x5AD8, 0x62D8, 0x62F8, 0x62F8, 0x8B38, 0xA378, 0xA378, 0x8359, 0x6B39, 0x735A, 0x7C9B, 0x8DDE,
    0x857D, 0x749C, 0x8D9D, 0x9DBE, 0xABFB, 0xB39A, 0xBBBA, 0xBB9A, 0xD53A, 0xEE3A, 0xEE5B, 0xEE7B,
    0xB3B9, 0xAB39, 0xAB59, 0xA359, 0xA339, 0x9B59, 0x9338, 0xBB99, 0xCB99, 0xCB99, 0xCB99, 0xC399,
    0x8317, 0x6AD6, 0x62D7, 0x5BFB, 0x541B, 0x541B, 0x543B, 0x543B, 0x5C3B, 0x543B, 0x541B, 0x541B,
    0x543B, 0x541B, 0x541B, 0x541B, 0x543B, 0x543B, 0x541B, 0x5C1B, 0x5C3B, 0x7D1D, 0x7D3D, 0x7D1D,
    0x74DC, 0x74BC, 0x63FA, 0x63DA, 0x63DA, 0x63FA, 0x63FA, 0x63FB, 0x6BDA, 0x8C5B, 0x9C7B, 0x9CBB,
    0x9CBC, 0x9CDB, 0x9CBB, 0xA51B, 0xAD5C, 0x9C9B, 0x9C5B, 0x9C5B, 0x9C5C, 0xAC7B, 0xAC7C, 0xAC7C,
    0xB47B, 0xB47A, 0xAC5B, 0xB47B, 0xAC5B, 0xD599, 0xF679, 0xF699, 0xF69B, 0xC4FC, 0xC51A, 0xCD3A,
    0xC4FC, 0xC53C, 0xC53D, 0xC53D, 0xC51C, 0xE65A, 0xF6DA, 0xF6FA, 0xF6DA, 0xF6DA, 0xF6FB, 0xF6DB,
    0xF6DB, 0xF6DB, 0xF6DB, 0xFEDA, 0xF6DB, 0xF71C, 0x8BF3, 0x938C, 0xAC2D, 0x8B6D, 0x5A0C, 0x59EC,
    0x51EB, 0x51EB, 0x51EB, 0x51CB, 0x51CB, 0x49CB, 0x49CB, 0x41CB, 0x41CB, 0x41CB, 0x41CB, 0x41CB,
    0x41CB, 0x41CB, 0x41CB, 0x41CB, 0x39AA, 0x3169, 0x3128, 0x20A5, 0x2085, 0x1865, 0x20A6, 0x3169,
    0x3169, 0x41AA, 0x8392, 0x8352, 0x8352, 0x7B51, 0x7B51, 0x7B51, 0x398A, 0x20C7, 0x314A, 0x316A,
    0x316A, 0x316A, 0x316A, 0x3129, 0x290A, 0x28EA, 0x28C8, 0x2086, 0x2066, 0x2066, 0x2066, 0x2887,
    0x2888, 0x30A8, 0x38C9, 0x40EB, 0x492D, 0x9352, 0xEE7B, 0xF6BB, 0xF6DB, 0xF6DB, 0xF6DB, 0xF6DB,
    0xF6DB, 0xF6DA, 0xF6DA, 0xF6DA, 0xF6DA, 0xF6DA, 0xF6DA, 0xEE7B, 0xEDFC, 0xE5FB, 0xEE3A, 0xF6B9,
    0xF6B9, 0xF6B9, 0xF6B9, 0xF69A, 0xC45A, 0xC41A, 0xBC1A, 0xBBFA, 0xBBF9, 0xBBFA, 0xBBFA, 0xBBFA,
    0xBBFA, 0xC438, 0xCC39, 0xC3D9, 0xDC17, 0xDC36, 0xDC36, 0xE415, 0xE414, 0xE414, 0xE414, 0xDC16,
    0xA43B, 0xA43B, 0xA419, 0xBCDB, 0xAC3B, 0xA41B, 0xA43B, 0xAD5D, 0xAD5D, 0xA45C, 0xA45C, 0x9C5B,
    0x9C5B, 0x9C5B, 0x9C5B, 0x9C3B, 0x8B7A, 0x7B3A, 0x5AF8, 0x5AD8, 0x5AF8, 0x5AD8, 0x5AF8, 0x5AF8,
    0x5AF8, 0x5AF8, 0x5AF8, 0x5AF8, 0x5B19, 0x6319, 0x6319, 0x6319, 0x6339, 0x6339, 0x749B, 0x8DDE,
    0x857E, 0x645B, 0x8DBE, 0x95DE, 0x83FA, 0x83BA, 0x8BBA, 0x8BBA, 0x9B5A, 0xA35A, 0xAB5A, 0xB37B,
    0x8B59, 0x8359, 0x7B58, 0x7358, 0x7338, 0x6B38, 0x6B18, 0x6B17, 0x72F7, 0x6AF7, 0x72F8, 0x72F7,
    0x62D7, 0x62B6, 0x5AD7, 0x4B59, 0x4B79, 0x4B59, 0x4B79, 0x4B7A, 0x4B7A, 0x4B9A, 0x4B79, 0x4B79,
    0x4B79, 0x4B7A, 0x4B7A, 0x539A, 0x539A, 0x539A, 0x539A, 0x537A, 0x53BA, 0x74FD, 0x7D1D, 0x7D5D,
    0x7D5D, 0x853D, 0x63DB, 0x639A, 0x5B9A, 0x5B9A, 0x5B9A, 0x6B9A, 0x8C1B, 0x941B, 0x943B, 0x943B,
    0x9C5C, 0x9C5C, 0x9C5C, 0xA4FC, 0xB59D, 0x9C7C, 0x9C5B, 0x9C3B, 0x9C5C, 0xAC7B, 0xB4BC, 0xAC7C,
    0xBCDA, 0xCD1A, 0xAC7B, 0xAC5B, 0xAC5B, 0xCD3B, 0xDDBB, 0xE5DB, 0xDDDC, 0xC4FD, 0xCD1B, 0xCD5C,
    0xC51D, 0xC53D, 0xC53C, 0xC53D, 0xC51D, 0xE5DB, 0xEE3B, 0xEE3B, 0xEE3B, 0xEE5B, 0xF65B, 0xF65B,
    0xF65B, 0xF65B, 0xF65A, 0xF67A, 0xDE19, 0x7B30, 0x938A, 0x938B, 0x7B0D, 0x51EC, 0x51EC, 0x51CB,
    0x51CB, 0x51CB, 0x51CB, 0x49AB, 0x49CB, 0x41CB, 0x41CB, 0x41CB, 0x39CB, 0x39CB, 0x39CB, 0x41CB,
    0x41CB, 0x41CB, 0x41CB, 0x41CB, 0x39CB, 0x39AB, 0x41CB, 0x39CB, 0x39AB, 0x39AA, 0x398A, 0x398A,
    0x3169, 0x2908, 0x524F, 0x7B52, 0x7B32, 0x7B31, 0x7311, 0x6290, 0x39AC, 0x1065, 0x316A, 0x316A,
    0x316A, 0x316A, 0x28E8, 0x290A, 0x28EA, 0x28C8, 0x2086, 0x2086, 0x2086, 0x2887, 0x2887, 0x30A8,
    0x30A9, 0x38CA, 0x40EB, 0x490C, 0xBD18, 0xE61B, 0xF67B, 0xF67B, 0xF67B, 0xF67B, 0xF67B, 0xF67B,
    0xF67B, 0xF67B, 0xF67B, 0xE59C, 0xD51B, 0xD51B, 0xD51B, 0xD4DB, 0xD4BB, 0xD49B, 0xD4DB, 0xDD3C,
    0xDD3B, 0xEE1B, 0xEDFA, 0xEDFB, 0xC47B, 0xC43B, 0xBC3A, 0xBC3A, 0xBC19, 0xBC3A, 0xBC1A, 0xBC1A,
    0xBC1A, 0xBC19, 0xBC1A, 0xCC18, 0xE455, 0xE475, 0xE475, 0xE454, 0xE434, 0xE434, 0xE434, 0xDC36,
    0xABFA, 0xA3FB, 0xA3DA, 0xABFA, 0xABDA, 0xABDA, 0xA3FA, 0xAD5C, 0xAD5D, 0xA43B, 0xA41B, 0xA41B,
    0xA41B, 0xA41B, 0xA41B, 0x9C1B, 0x9BBA, 0x839B, 0x5B19, 0x5AF9, 0x52F9, 0x5AF9, 0x5AF9, 0x5B19,
    0x5B19, 0x5B19, 0x5B19, 0x5B19, 0x6B18, 0x7B38, 0x7338, 0x6B39, 0x5B5A, 0x5B59, 0x74BB, 0x8DFE,
    0x857E, 0x645B, 0x8DFE, 0x95FE, 0x6C1A, 0x6399, 0x6BB9, 0x6B9A, 0x6B99, 0x73B9, 0x73B9, 0x83BA,
    0x6B38, 0x6338, 0x6338, 0x5B38, 0x5B18, 0x5B38, 0x5AF7, 0x9317, 0xA337, 0xA357, 0xA337, 0x9B37,
    0x6AF7, 0x5AD6, 0x52D7, 0x4B39, 0x4B59, 0x4B59, 0x4B59, 0x4B59, 0x4B79, 0x4B79, 0x4B79, 0x4B79,
    0x4B79, 0x4B79, 0x4B79, 0x4B7A, 0x4B7A, 0x4B7A, 0x4B7A, 0x4B7A, 0x5399, 0x647B, 0x6CBC, 0x6CBC,
    0x6CBC, 0x6C9C, 0x63DB, 0x5B9A, 0x5B9A, 0x5B9A, 0x73BB, 0x83FA, 0x943B, 0x943B, 0x943B, 0x943B,
    0xAC99, 0xB4B9, 0xAC7B, 0xA51C, 0xB5BD, 0x9C7C, 0x9C3C, 0x9C3A, 0x9C3B, 0xA45B, 0xAC7B, 0xA45C,
    0xAC7A, 0xB49A, 0xAC7B, 0xAC5C, 0xAC7C, 0xB49C, 0xC4FC, 0xC4FD, 0xBCFC, 0xBCFD, 0xC4FD, 0xC51D,
    0xC53D, 0xC55D, 0xC55D, 0xC55D, 0xC53C, 0xE63A, 0xF69A, 0xF69A, 0xF69B, 0xF6BB, 0xF6BB, 0xF6BB,
    0xF6BB, 0xF69A, 0xF69A, 0xB517, 0x7B2F, 0x9BC9, 0x93AB, 0x6AAC, 0x49AB, 0x49CB, 0x49CB, 0x49AB,
    0x49AB, 0x49AA, 0x49AA, 0x41AA, 0x41AB, 0x39CB, 0x39CB, 0x39CB, 0x39CB, 0x39CB, 0x39CB, 0x39CB,
    0x39CB, 0x39CB, 0x39CB, 0x39CB, 0x39CB, 0x39CB, 0x39CB, 0x39CB, 0x39AB, 0x39AB, 0x398A, 0x398A,
    0x3169, 0x18A7, 0x20C9, 0x314B, 0x39AE, 0x396E, 0x396E, 0x316C, 0x28E8, 0x18A6, 0x316A, 0x316B,
    0x316A, 0x2908, 0x28EA, 0x28C9, 0x20A7, 0x2086, 0x2066, 0x2066, 0x2087, 0x2887, 0x30A8, 0x30A9,
    0x38CA, 0x40EC, 0x620E, 0xBCD7, 0xE63A, 0xF6BC, 0xF6BC, 0xF6DB, 0xF6DB, 0xF6BB, 0xF6DB, 0xF6DB,
    0xF6DB, 0xF6DB, 0xF6BB, 0xE59C, 0xD4DC, 0xD4DB, 0xD4DB, 0xCCDB, 0xCCDB, 0xCCBB, 0xCCBB, 0xCC9B,
    0xCCBA, 0xF63A, 0xF659, 0xF63A, 0xCC9B, 0xC45B, 0xC479, 0xE579, 0xDD58, 0xDD39, 0xBC3A, 0xBC3A,
    0xBC1A, 0xB41A, 0xBC1A, 0xCC18, 0xE474, 0xE474, 0xE475, 0xE475, 0xE454, 0xE454, 0xE454, 0xDC56,
    0xABFA, 0xA3FB, 0xA3FA, 0xA3FA, 0xABFB, 0xABDA, 0xA3FA, 0xB59D, 0xB59D, 0xA45B, 0xA41B, 0xA41B,
    0xA41B, 0xA41B, 0xA41B, 0xA41B, 0xA41B, 0x93DB, 0x7359, 0x5B39, 0x5B39, 0x5B39, 0x5B39, 0x5B39,
    0x5B39, 0x5B39, 0x5B39, 0x5B39, 0x9B78, 0xCBF8, 0xCBF8, 0x93DA, 0x5B5A, 0x5B7A, 0x74DB, 0x8E3E,
    0x859E, 0x645B, 0x8E1E, 0x8E1E, 0x63FA, 0x5B99, 0x5BB9, 0x5B99, 0x6399, 0x6399, 0x6399, 0x6399,
    0x5B38, 0x5B58, 0x5338, 0x5358, 0x5358, 0x5358, 0x5B17, 0xA3B9, 0xBBD9, 0xBBD9, 0xB3B9, 0xABB9,
    0x6B18, 0x52D7, 0x52D7, 0x4B59, 0x4B7A, 0x4B79, 0x4B9A, 0x4B9A, 0x4B9A, 0x4B99, 0x4B99, 0x4B99,
    0x4B9A, 0x4B9A, 0x4B9A, 0x4BBA, 0x4BBA, 0x4B9A, 0x539A, 0x4B9A, 0x5C1A, 0x85FE, 0x85FE, 0x8E1F,
    0x8E1E, 0x8DFE, 0x6C3B, 0x63BB, 0x5BBA, 0x639A, 0x841B, 0x945B, 0x945B, 0x945C, 0x945B, 0x945B,
    0xACDA, 0xBCFA, 0xACBB, 0xA51C, 0xB5BD, 0x9C9C, 0x945C, 0xACBA, 0xAC9B, 0xB49B, 0xB4BC, 0xA45C,
    0xBCDA, 0xCD3B, 0xAC7B, 0xAC7C, 0xAC7C, 0xB49C, 0xC4FD, 0xBD1D, 0xBD1C, 0xC51C, 0xC51D, 0xC53D,
    0xC55D, 0xC55D, 0xC55D, 0xC55D, 0xC55C, 0xEE7B, 0xF6DB, 0xF6DB, 0xF6DB, 0xF6DC, 0xF6DB, 0xF6DB,
    0xF6BB, 0xF6BB, 0xACF5, 0x72EE, 0x9BAA, 0xA42D, 0x628D, 0x49CB, 0x49AB, 0x41AB, 0x41AA, 0x41AA,
    0x41AA, 0x41AA, 0x39AB, 0x39AB, 0x39AB, 0x39AB, 0x39AB, 0x39CB, 0x39CB, 0x39CB, 0x39CB, 0x39CB,
    0x39CB, 0x39CB, 0x39CB, 0x39AB, 0x39AB, 0x39CB, 0x39CB, 0x39CB, 0x39AB, 0x39AB, 0x39AA, 0x398A,
    0x398B, 0x39AB, 0x2928, 0x2907, 0x18A6, 0x1886, 0x1865, 0x1885, 0x20E7, 0x316A, 0x316B, 0x2949,
    0x28E9, 0x28EA, 0x28E9, 0x20A7, 0x2086, 0x2086, 0x2086, 0x2887, 0x2888, 0x30A8, 0x38CA, 0x40EB,
    0x490C, 0x7AB1, 0xA435, 0xF6BD, 0xF6DC, 0xF6DC, 0xF6DC, 0xFEFC, 0xF6FC, 0xFEFC, 0xF6FB, 0xF6FB,
    0xF6FB, 0xF6FB, 0xF6DB, 0xDD9C, 0xCCDB, 0xCCDB, 0xCCDB, 0xCCBB, 0xCCBA, 0xCCBB, 0xCCBB, 0xCCBB,
    0xCCBA, 0xEE1A, 0xEE3A, 0xEE3B, 0xC49A, 0xC45A, 0xC45A, 0xBC3A, 0xBC3A, 0xBC3A, 0xBC3A, 0xBC3A,
    0xBC3A, 0xBC3A, 0xBC1A, 0xCC38, 0xE495, 0xE495, 0xE495, 0xE495, 0xE495, 0xE495, 0xE474, 0xDC76,
    0xA41B, 0xA41B, 0xA3FA, 0xB45A, 0xB47B, 0xAC1B, 0xAC5A, 0xB59D, 0xB59D, 0xA45B, 0xA43B, 0xA43B,
    0xA43B, 0xA43B, 0xA43B, 0xA43B, 0xA43B, 0xA41B, 0x9C3B, 0x635A, 0x5B5A, 0x5B5A, 0x5B5A, 0x5B5A,
    0x5B5A, 0x5B5A, 0x5B7A, 0x5B7A, 0x5B7A, 0x637A, 0x637A, 0x5B7A, 0x5B7A, 0x5B9A, 0x74FB, 0x8E3E,
    0x85BE, 0x5C7B, 0x861E, 0x8E3E, 0x5C1A, 0x53BA, 0x5BBA, 0x5BB9, 0x5BB9, 0x5BB9, 0x5BB9, 0x5BBA,
    0x5358, 0x5358, 0x5358, 0x5358, 0x5358, 0x5358, 0x5358, 0x5358, 0x5358, 0x5358, 0x5338, 0x5338,
    0x5318, 0x5317, 0x52F7, 0x4B9A, 0x4B9A, 0x4BBA, 0x4BBA, 0x4BBA, 0x4BBA, 0x4BBA, 0x4BBA, 0x4BBA,
    0x4BBA, 0x4BBA, 0x53DA, 0x53DA, 0x53DA, 0x53DA, 0x53DA, 0x53DB, 0x53DB, 0x645B, 0x647B, 0x647C,
    0x647B, 0x645B, 0x63FB, 0x63DB, 0x63BA, 0x947C, 0x947B, 0x947B, 0x947C, 0x949C, 0x947C, 0x9C9C,
    0x9C9C, 0x9C9C, 0x9C9C, 0xA53C, 0xB5DD, 0xA4BD, 0x9C7C, 0x9C7C, 0x9C7C, 0xB4BA, 0xB4BB, 0xA47C,
    0xB4BB, 0xBCFB, 0xB49C, 0xAC7C, 0xAC9C, 0xBCDC, 0xC51D, 0xBD1D, 0xBD1D, 0xD599, 0xCD7C, 0xC55D,
    0xC55D, 0xCD7E, 0xCD7E, 0xCD7D, 0xCD7D, 0xE5FB, 0xEE3B, 0xEE3B, 0xEE5B, 0xEE5B, 0xEE5B, 0xEE5C,
    0xEE5B, 0xEE7C, 0x51EE, 0x51C9, 0xEDCE, 0x72CD, 0x41CC, 0x41AB, 0x41AB, 0x41AA, 0x39AA, 0x39AA,
    0x39AA, 0x39AA, 0x39AA, 0x39AA, 0x39AA, 0x39AB, 0x39AB, 0x39AB, 0x39AB, 0x39AB, 0x39CB, 0x39CB,
    0x39CB, 0x39CB, 0x39CB, 0x39AB, 0x39AB, 0x39AB, 0x39AB, 0x39AB, 0x39AB, 0x39AB, 0x39AB, 0x39AA,
    0x398A, 0x318B, 0x318A, 0x398B, 0x316A, 0x3149, 0x2928, 0x2929, 0x2949, 0x316A, 0x2929, 0x20E9,
    0x20CA, 0x28C8, 0x2065, 0x2066, 0x2086, 0x2886, 0x2887, 0x30A8, 0x30C9, 0x38EA, 0x40EB, 0x492C,
    0x7271, 0xC518, 0xEE5C, 0xEE5C, 0xEE5C, 0xEE5C, 0xEE5C, 0xF65C, 0xF65B, 0xF65B, 0xF67B, 0xF67B,
    0xF67B, 0xF67B, 0xF65B, 0xE57D, 0xD51C, 0xD4FC, 0xD4DB, 0xD4DA, 0xDD77, 0xDD39, 0xCCDC, 0xCCDB,
    0xCCBB, 0xCCBB, 0xCCBB, 0xCCBB, 0xCC9B, 0xC47B, 0xC47A, 0xC47A, 0xC47A, 0xC47A, 0xC45A, 0xBC5A,
    0xBC3A, 0xBC3A, 0xBC3A, 0xCC38, 0xE495, 0xE495, 0xE4B6, 0xE4B6, 0xE4B6, 0xE4B5, 0xEC95, 0xDC97,
    0xAC3B, 0xA41B, 0xA41B, 0xAC1B, 0xAC3C, 0xAC3B, 0xAC5B, 0xB59D, 0xB59D, 0xA47B, 0xA45B, 0xA45B,
    0xA45B, 0xA45C, 0xA45C, 0xA45C, 0xA45C, 0xA45B, 0xA43B, 0x941A, 0x6B9B, 0x5B7A, 0x5B7A, 0x5B7A,
    0x5B7A, 0x5B7A, 0x5B7A, 0x5B7B, 0x5B9A, 0x5B9A, 0x5B9A, 0x5B9A, 0x5B9A, 0x5B9A, 0x74FB, 0x863E,
    0x7DBE, 0x5C5B, 0x861E, 0x8E5F, 0x643B, 0x53DA, 0x5BDA, 0x5BDA, 0x5BDA, 0x5BBA, 0x5BBA, 0x5BBA,
    0x5399, 0x5399, 0x5399, 0x5399, 0x5399, 0x5398, 0x5398, 0x5398, 0x5378, 0x5398, 0x5378, 0x5378,
    0x5378, 0x5318, 0x5318, 0x53DA, 0x53FB, 0x53FB, 0x53FA, 0x53FA, 0x53FA, 0x53FA, 0x53FA, 0x53FA,
    0x53FA, 0x53FA, 0x53FA, 0x541A, 0x541A, 0x541A, 0x541B, 0x53FB, 0x5C7A, 0x8E1E, 0x8E3E, 0x8E3E,
    0x963E, 0x961E, 0x749C, 0x743B, 0x845B, 0x949C, 0x9CBC, 0x9CDC, 0x9CDC, 0x9CDC, 0x9CBC, 0x9CBC,
    0x9CDC, 0x9CDC, 0x9CBC, 0xA55C, 0xB5FE, 0xA4FC, 0xA4BC, 0xA4BC, 0xA4BC, 0xB4FB, 0xB4FB, 0xA49C,
    0xC51A, 0xD59B, 0xB4DC, 0xACBC, 0xB4DC, 0xBD1D, 0xC55D, 0xC55D, 0xBD3D, 0xC53D, 0xC55D, 0xC57E,
    0xCD9E, 0xCDBE, 0xCD9E, 0xCD9D, 0xCD7D, 0xE61B, 0xEE5B, 0xEE5C, 0xEE5C, 0xEE7C, 0xF67C, 0xF67C,
    0xF67C, 0xEE9D, 0x520E, 0x49A8, 0xED8D, 0x62AC, 0x39AB, 0x39AB, 0x39AB, 0x39AB, 0x39AB, 0x39AB,
    0x39AA, 0x39AA, 0x39AA, 0x39AA, 0x39AA, 0x39AB, 0x39AB, 0x39AB, 0x39AB, 0x39AB, 0x39AB, 0x39AB,
    0x39AB, 0x39AB, 0x39AB, 0x39AB, 0x39AB, 0x39AB, 0x39AB, 0x39AB, 0x39AB, 0x39AB, 0x39AA, 0x398A,
    0x398B, 0x318A, 0x318A, 0x318A, 0x318A, 0x316A, 0x316A, 0x294A, 0x294A, 0x20E7, 0x28EA, 0x28EA,
    0x20A8, 0x1865, 0x2066, 0x2066, 0x2086, 0x2887, 0x3088, 0x30A9, 0x40EA, 0x490C, 0x514E, 0x61EF,
    0xEE9E, 0xEE9D, 0xF69D, 0xF67C, 0xEE7C, 0xEE7C, 0xEE7C, 0xEE7C, 0xEE7C, 0xF69C, 0xF69C, 0xF69B,
    0xF69B, 0xF67B, 0xF67C, 0xE5BD, 0xD53D, 0xD53C, 0xD51C, 0xCCFC, 0xD51B, 0xCCFB, 0xCCFC, 0xCCFC,
    0xCCDB, 0xCCFB, 0xCCFB, 0xCCFB, 0xCCDB, 0xC4BB, 0xC4BB, 0xC49B, 0xC49B, 0xC49B, 0xBC9B, 0xBC7B,
    0xBC9B, 0xBC9B, 0xBC9B, 0xCC99, 0xE4B7, 0xE4B7, 0xE4D7, 0xE4D8, 0xE4D8, 0xE4D7, 0xE4D7, 0xDCD8,
    0xAC7B, 0xAC7C, 0xAC7C, 0xAC7B, 0xAC7B, 0xAC5C, 0xA49B, 0xB5DE, 0xB5DE, 0xA49C, 0xA47C, 0xA47C,
    0xA47C, 0xA49C, 0xA49C, 0xA49C, 0xA49C, 0xA49C, 0xA47B, 0xA47B, 0x7C1A, 0x63DB, 0x5BBB, 0x5BBB,
    0x5BBB, 0x5BBB, 0x5BBA, 0x5BBA, 0x5BDA, 0x5BDA, 0x5BBA, 0x5BDA, 0x5BBA, 0x5BBA, 0x6CFB, 0x8E5E,
    0x85DE, 0x5C7A, 0x863D, 0x8E7E, 0x647A, 0x5C1A, 0x5C1A, 0x5C1A, 0x5C1A, 0x5BFA, 0x5BFA, 0x5BFA,
    0x7DBD, 0x7DBD, 0x7DBD, 0x7DBD, 0x7DBD, 0x7DBD, 0x7DBD, 0x7DBD, 0x7DBD, 0x7DBD, 0x7DBD, 0x7DBD,
    0x7D7D, 0x5358, 0x5399, 0x759D, 0x75BD, 0x75BD, 0x75BD, 0x75BD, 0x75BD, 0x75DD, 0x7DDE, 0x7DDE,
    0x7DDD, 0x7DDD, 0x7DDD, 0x7DDE, 0x7DFE, 0x85FE, 0x7DDE, 0x7DBE, 0x7DDE, 0x8E3E, 0x8E5E, 0x965E,
    0x965E, 0x963E, 0x9E1E, 0xA5DE, 0xA5DE, 0xA5DE, 0xA5FE, 0xADFE, 0xADFE, 0xAE1E, 0xAE1E, 0xAE1E,
    0xAE1E, 0xADFE, 0xADFE, 0xB61E, 0xBE5E, 0xB61E, 0xB61E, 0xBE1E, 0xBE1E, 0xBE1E, 0xBE1E, 0xBDFE,
    0xC61E, 0xC63E, 0xC63E, 0xC61E, 0xC63E, 0xCE3E, 0xCE3E, 0xCE1E, 0xCE1E, 0xCE3E, 0xCE3E, 0xD65E,
    0xD65F, 0xDE7F, 0xDE7F, 0xDE7E, 0xD65E, 0xE69E, 0xEEBE, 0xEEBE, 0xEEDE, 0xEEDE, 0xF6DE, 0xF6FE,
    0xF6DE, 0xEEDE, 0x51ED, 0x4988, 0xE58C, 0x6AAC, 0x39AB, 0x39AB, 0x39AB, 0x39AB, 0x39AA, 0x39AA,
    0x39AA, 0x39AA, 0x39AA, 0x39AB, 0x31AA, 0x31AA, 0x31AB, 0x31AA, 0x31AA, 0x31AA, 0x31AB, 0x31AB,
    0x39AB, 0x39AB, 0x39AB, 0x39AA, 0x39AB, 0x39AB, 0x39AB, 0x39AB, 0x39AB, 0x39AB, 0x39AB, 0x318A,
    0x318A, 0x318A, 0x318A, 0x318A, 0x318A, 0x318A, 0x316A, 0x2949, 0x18C7, 0x20CA, 0x20C9, 0x28C8,
    0x2086, 0x2086, 0x2086, 0x2086, 0x2887, 0x30A8, 0x38C9, 0x38EA, 0x410C, 0x490C, 0xA436, 0xEEBD,
    0xEEDE, 0xF6DE, 0xF6DE, 0xF6DE, 0xF6DE, 0xF6FE, 0xF6FE, 0xF6FE, 0xF6FE, 0xF6FE, 0xF6FE, 0xF6FE,
    0xF6FE, 0xF6FE, 0xF6FE, 0xE69E, 0xDE3E, 0xDE3E, 0xDE3E, 0xDE3E, 0xD63E, 0xD63E, 0xD61E, 0xD61E,
    0xD61E, 0xD61E, 0xD61E, 0xD63E, 0xD63E, 0xCE1E, 0xCE1E, 0xCE1E, 0xCE1E, 0xCE1E, 0xC5FE, 0xC5FE,
    0xC5FE, 0xC5FE, 0xC5FE, 0xCDDE, 0xD5BD, 0xD5BD, 0xD5BD, 0xD5DD, 0xD5DE, 0xD5DD, 0xD5BD, 0xCDBD,
    0xBDDE, 0xB5DE, 0xB5DE, 0xB5DE, 0xB5DE, 0xB5DD, 0xB5DE, 0xB63E, 0xB63E, 0xB5DE, 0xADDE, 0xADDE,
    0xB5FE, 0xB5FE, 0xB5FE, 0xB5FE, 0xB5DE, 0xADDE, 0xADBE, 0xADBE, 0xADDE, 0x9DBE, 0x85BD, 0x7DBD,
    0x7DBD, 0x7DBD, 0x7DBD, 0x7DBD, 0x7DBD, 0x7DBD, 0x7DBD, 0x7DBD, 0x85BD, 0x85BD, 0x8E3E, 0x8E9F,
    0x8E7E, 0x861D, 0x96BE, 0x96BF, 0x861D, 0x85FD, 0x85FD, 0x85DD, 0x85FD, 0x85FD, 0x7DFD, 0x7DDD,
    0x53FB, 0x541B, 0x53FB, 0x4BFB, 0x4BFA, 0x53FB, 0x53FA, 0x53FA, 0x53FA, 0x53FB, 0x53DB, 0x53DA,
    0x53BA, 0x539A, 0x539A, 0x53FB, 0x541B, 0x541B, 0x543B, 0x543B, 0x543B, 0x543B, 0x543B, 0x543B,
    0x543B, 0x543B, 0x543B, 0x543B, 0x543B, 0x543B, 0x543B, 0x543B, 0x5C9B, 0x6D5D, 0x6D7D, 0x6D7D,
    0x6D7D, 0x6D3C, 0x851D, 0x951D, 0x9D1D, 0x9D1D, 0x9D1D, 0x9D1D, 0x9D3D, 0x9D3D, 0xA53D, 0xA53D,
    0xA53D, 0xA53D, 0xA51D, 0xADBD, 0xB61E, 0xAD3D, 0xAD1D, 0xAD3D, 0xAD1D, 0xAD1D, 0xAD1D, 0xAD1D,
    0xB51D, 0xB53D, 0xB55D, 0xB55D, 0xBD5D, 0xBD5D, 0xC55D, 0xC55D, 0xC55D, 0xC57D, 0xC57D, 0xCD9D,
    0xCDBE, 0xD5DE, 0xD5DE, 0xD5DE, 0xD5BE, 0xDDDD, 0xE61D, 0xE61D, 0xE63D, 0xEE5D, 0xEE5E, 0xEE5E,
    0xEE5D, 0xEE7D, 0x51ED, 0x4988, 0xE56C, 0x62CD, 0x39CC, 0x39AB, 0x39AB, 0x31AB, 0x31AB, 0x31AA,
    0x31AA, 0x31AA, 0x31AA, 0x31AA, 0x31AA, 0x31AA, 0x31AA, 0x31AA, 0x31AA, 0x31AB, 0x31AA, 0x31AB,
    0x31AB, 0x31AB, 0x31AB, 0x31AA, 0x31AA, 0x39AA, 0x39AA, 0x39AB, 0x39AB, 0x39AB, 0x31AB, 0x318A,
    0x318A, 0x318A, 0x318A, 0x318A, 0x318A, 0x318A, 0x2948, 0x18C7, 0x18C9, 0x20C9, 0x20C7, 0x2086,
    0x2086, 0x2086, 0x2086, 0x2887, 0x30A8, 0x38C9, 0x40EA, 0x492C, 0x59AE, 0xB4B7, 0xD5BB, 0xF69E,
    0xF67E, 0xEE7E, 0xEE7E, 0xEE7E, 0xEE7E, 0xEE5E, 0xEE5E, 0xEE5E, 0xEE5E, 0xEE3D, 0xEE3E, 0xEE3E,
    0xEE3E, 0xEE3E, 0xEE3D, 0xDDDE, 0xD59E, 0xD57E, 0xD57E, 0xD57D, 0xCD7D, 0xCD5D, 0xCD5D, 0xCD5D,
    0xCD5D, 0xCD5D, 0xCD5D, 0xCD5D, 0xCD5D, 0xCD5D, 0xCD5D, 0xC55D, 0xC53D, 0xC53D, 0xC51D, 0xC51D,
    0xC51D, 0xC51D, 0xC51C, 0xCCFC, 0xDD1B, 0xE51B, 0xE53B, 0xE53B, 0xE55C, 0xE55C, 0xE53B, 0xDD3C,
    0xBD3D, 0xB51E, 0xB51D, 0xACFD, 0xACDD, 0xACDD, 0xACFC, 0xBE3E, 0xBE1F, 0xA4FD, 0xA4DD, 0xA4DD,
    0xA4FD, 0xA51D, 0xA51D, 0xA51D, 0xA51D, 0xA51D, 0xA51D, 0xA51D, 0x9D1D, 0xA51D, 0x7CDD, 0x543B,
    0x5C5C, 0x5C5C, 0x5C3C, 0x5C3C, 0x5C5C, 0x5C5C, 0x5C5B, 0x5C3B, 0x5C3B, 0x5C3B, 0x755C, 0x8E7E,
    0x861E, 0x64FB, 0x8E9E, 0x96DE, 0x64BB, 0x545C, 0x545C, 0x543C, 0x543C, 0x543C, 0x543B, 0x543B,
    0x7DFD, 0x7DDD, 0x7DDD, 0x7DBC, 0x7DDC, 0x7DDC, 0x7DDC, 0x7DDC, 0x7DDC, 0x7DDD, 0x7DDD, 0x7DDC,
    0x7D9D, 0x53BA, 0x53DA, 0x7DBC, 0x7DFD, 0x7DFD, 0x7DDD, 0x7DDD, 0x7DDD, 0x7DDD, 0x7DBD, 0x7DDD,
    0x7DDD, 0x7DBD, 0x7DBC, 0x7DBD, 0x85DD, 0x85FD, 0x85FD, 0x85DD, 0x8DFD, 0x9E7E, 0x9E7E, 0x9E5E,
    0x9E3E, 0x9E1E, 0xA61E, 0xA61E, 0xAE1E, 0xAE1E, 0xAE1E, 0xAE1E, 0xAE1E, 0xAE1E, 0xB61E, 0xB61E,
    0xB61E, 0xB61E, 0xB61E, 0xB63E, 0xBE7E, 0xB61E, 0xBE3E, 0xBE3E, 0xBE3E, 0xBE3E, 0xBE1E, 0xBE1D,
    0xBE3E, 0xC63E, 0xC65E, 0xC65E, 0xC65E, 0xCE5E, 0xCE3E, 0xCE3E, 0xCE5E, 0xCE5E, 0xD65E, 0xD65E,
    0xD67E, 0xDE9E, 0xDE9F, 0xDEBF, 0xDE9E, 0xE6BE, 0xEEBE, 0xEEDE, 0xEEFE, 0xEEFE, 0xF6FE, 0xF6FE,
    0xF6FE, 0xF71E, 0x5A2D, 0x4988, 0xCCED, 0x6AAB, 0x41CB, 0x31AB, 0x31AB, 0x318B, 0x31AB, 0x318A,
    0x318A, 0x318A, 0x31AA, 0x31AA, 0x31AA, 0x318A, 0x31AA, 0x318A, 0x31AA, 0x31AB, 0x31AB, 0x31AB,
    0x39AB, 0x31AB, 0x31AA, 0x31AB, 0x31AB, 0x31AB, 0x31AB, 0x31AB, 0x39AB, 0x31AB, 0x318B, 0x318A,
    0x318A, 0x318A, 0x316A, 0x318A, 0x318B, 0x2948, 0x20E8, 0x20A9, 0x20C8, 0x2086, 0x2085, 0x2086,
    0x2066, 0x2066, 0x2087, 0x28A8, 0x30A9, 0x38EA, 0x490C, 0x61EF, 0x8B32, 0xEEDE, 0xF6FF, 0xF6FF,
    0xF6FF, 0xF71F, 0xF71E, 0xF71E, 0xF71E, 0xF6FE, 0xF71E, 0xF6FE, 0xF6FE, 0xF6FE, 0xF6FE, 0xF6FE,
    0xF71E, 0xF6FE, 0xF71E, 0xE6BF, 0xDE7E, 0xDE5E, 0xD65E, 0xD65E, 0xD65E, 0xD63E, 0xD63E, 0xD65E,
    0xD63D, 0xD63E, 0xD65E, 0xD65E, 0xD65E, 0xD65E, 0xD65E, 0xCE5E, 0xCE3E, 0xCE3E, 0xCE3E, 0xCE3E,
    0xCE1E, 0xCE1E, 0xCE1E, 0xCDFD, 0xD5FD, 0xD5DD, 0xD5FD, 0xDE1D, 0xDE1D, 0xDE1D, 0xDE1D, 0xD61D,
    0xC61E, 0xBE1E, 0xBDFE, 0xB5DD, 0xB5DD, 0xB5DD, 0xB5FE, 0xBE9E, 0xBE7E, 0xB5FE, 0xB5FE, 0xB5FE,
    0xB61E, 0xB61E, 0xB61E, 0xB61E, 0xB63E, 0xB61E, 0xADFE, 0xADFE, 0xADFE, 0xADFD, 0xA5DD, 0x95BD,
    0x85DD, 0x85DD, 0x85DD, 0x85BD, 0x85BD, 0x85BD, 0x7DBD, 0x7DBD, 0x7DBC, 0x85BD, 0x8E3D, 0x969E,
    0x8E7E, 0x7DFC, 0x969E, 0x96DE, 0x85FD, 0x7DDD, 0x7DDD, 0x7DBD, 0x7DDD, 0x7DDD, 0x7DDD, 0x7DBC,
    0x64FD, 0x64FC, 0x5CDC, 0x5CDC, 0x5CDC, 0x64DC, 0x64FC, 0x64DC, 0x64DC, 0x64DC, 0x64DC, 0x64DC,
    0x64BC, 0x53DB, 0x53FB, 0x651D, 0x6D3D, 0x6D3D, 0x651D, 0x653D, 0x6D3D, 0x653D, 0x651D, 0x653D,
    0x6D3D, 0x653D, 0x6D3D, 0x6D5D, 0x6D5D, 0x757D, 0x757D, 0x757D, 0x7DBD, 0x8E5E, 0x8E5E, 0x963E,
    0x9E3E, 0x9E3E, 0xA5FE, 0xA5DE, 0xA5DE, 0xA5FE, 0xADFE, 0xADFE, 0xADFE, 0xADFE, 0xADFE, 0xADFE,
    0xADFE, 0xADDE, 0xADDE, 0xB63E, 0xBE9E, 0xB61E, 0xBE1E, 0xBE3E, 0xBE1E, 0xBE3E, 0xBE1E, 0xBE1E,
    0xC63E, 0xC63E, 0xC61E, 0xC63E, 0xC63E, 0xCE1E, 0xCE1E, 0xCE1E, 0xCE3E, 0xD63E, 0xD63E, 0xD63E,
    0xD65F, 0xD65F, 0xDE5F, 0xDE7F, 0xDE5E, 0xE67E, 0xE69E, 0xE69E, 0xEEBE, 0xEEBE, 0xEEDF, 0xEEDF,
    0xEEBE, 0xEEFE, 0x5A4D, 0x28C9, 0x28C7, 0x9B6B, 0x728A, 0x41AA, 0x318B, 0x318B, 0x31AB, 0x318B,
    0x318A, 0x318A, 0x318A, 0x31AA, 0x318A, 0x318A, 0x318A, 0x31AA, 0x31AA, 0x31AA, 0x31AB, 0x31AB,
    0x31AB, 0x31AB, 0x31AB, 0x31AB, 0x31AB, 0x31AB, 0x31AB, 0x31AB, 0x31AB, 0x31AB, 0x318B, 0x318A,
    0x318A, 0x316A, 0x316A, 0x318A, 0x2928, 0x28E9, 0x20A9, 0x20A7, 0x1865, 0x1865, 0x2085, 0x2086,
    0x2066, 0x2066, 0x2887, 0x30A8, 0x38CA, 0x40EB, 0x59CE, 0xAC76, 0xEEBE, 0xEEBF, 0xEEBF, 0xEEBF,
    0xF6BF, 0xEEBF, 0xF6BF, 0xEEBF, 0xEEBF, 0xEEBF, 0xEE9F, 0xEE9E, 0xEE9E, 0xEE9E, 0xEE9E, 0xEE9E,
    0xEE9F, 0xEE9E, 0xEE9E, 0xE65F, 0xDE3F, 0xD61E, 0xD61E, 0xD61E, 0xD61E, 0xD61E, 0xD61E, 0xD61E,
    0xD61E, 0xD5FE, 0xD5FE, 0xD5FE, 0xCDFE, 0xCDFE, 0xCDFE, 0xCDFE, 0xCDFE, 0xCDFE, 0xC5FE, 0xC5FE,
    0xC5FE, 0xC5FE, 0xCDFE, 0xCDFE, 0xD5DE, 0xD5DE, 0xDDDE, 0xDDFE, 0xDDFE, 0xDDFE, 0xDDFE, 0xD5FE,
    0xBDFE, 0xB5FE, 0xB5DE, 0xADBE, 0xADBE, 0xAD9E, 0xADBE, 0xC6BF, 0xBE9F, 0xADDE, 0xADBE, 0xADBE,
    0xADDE, 0xADDE, 0xADDE, 0xADDE, 0xADDE, 0xADDE, 0xA5DE, 0xA5DE, 0xA5BE, 0xA5BE, 0xA5BD, 0x9DBE,
    0x7D9D, 0x759D, 0x759D, 0x757D, 0x757D, 0x757D, 0x757D, 0x755D, 0x757D, 0x755D, 0x85FD, 0x96BE,
    0x8E7E, 0x759D, 0x96BE, 0x9EDE, 0x759D, 0x6D5D, 0x6D5D, 0x6D5D, 0x6D3D, 0x6D3D, 0x6D3D, 0x6D3C,
    0x64DC, 0x64DB, 0x64DB, 0x5CDB, 0x64DB, 0x64DB, 0x64DB, 0x64DC, 0x64DB, 0x64DB, 0x64BB, 0x64BB,
    0x64BB, 0x541B, 0x5C1B, 0x64FC, 0x6D1C, 0x6D1C, 0x651C, 0x651C, 0x651C, 0x651C, 0x651C, 0x6D3C,
    0x6D3C, 0x6D3C, 0x6D3C, 0x6D3C, 0x755C, 0x755C, 0x755C, 0x6D1C, 0x755C, 0x8E3E, 0x8E3E, 0x963E,
    0xA63E, 0xA63E, 0xA5FE, 0xA5FE, 0xA5FE, 0xA5FE, 0xA61E, 0xA5FE, 0xA5FE, 0xADFE, 0xADFE, 0xADFE,
    0xADFE, 0xADDE, 0xADDD, 0xB63E, 0xBE9E, 0xB63E, 0xBE1E, 0xBE3E, 0xBE3E, 0xC65E, 0xBE1E, 0xBE3E,
    0xCE9E, 0xC63E, 0xC63E, 0xC63E, 0xC65E, 0xC63E, 0xCE3E, 0xCE5E, 0xCE5E, 0xCE5E, 0xD67E, 0xD67E,
    0xD67E, 0xD67E, 0xD69F, 0xDE9E, 0xDE7E, 0xE6BE, 0xE6DE, 0xE6FE, 0xE6FE, 0xEEFF, 0xEEFE, 0xEF1F,
    0xEEFF, 0xEF1E, 0xDE7B, 0x8391, 0x2087, 0x2086, 0x59C8, 0x7A69, 0x6A09, 0x61C9, 0x318B, 0x318B,
    0x318B, 0x318A, 0x318A, 0x31AA, 0x318A, 0x318A, 0x318A, 0x318A, 0x318A, 0x318A, 0x318B, 0x318B,
    0x31AB, 0x31AB, 0x31AA, 0x31AA, 0x31AA, 0x31AB, 0x318B, 0x318A, 0x318B, 0x318B, 0x318A, 0x318A,
    0x316A, 0x316A, 0x2969, 0x18C6, 0x20C9, 0x20A8, 0x20A6, 0x1844, 0x1865, 0x1865, 0x1865, 0x2066,
    0x2066, 0x2887, 0x30A8, 0x38EA, 0x410B, 0x6A4F, 0xC598, 0xEF1E, 0xEEFF, 0xEEFF, 0xEF1F, 0xEF1F,
    0xEEFF, 0xEF1F, 0xEF1F, 0xEF1F, 0xEF1F, 0xEEFF, 0xEEFF, 0xEEFE, 0xEEFF, 0xEEFF, 0xEEFE, 0xEEFE,
    0xEEFE, 0xEEFE, 0xEEFE, 0xE6BF, 0xDE7F, 0xD65E, 0xD65E, 0xD65E, 0xD63E, 0xD63E, 0xD63E, 0xD63E,
    0xD63E, 0xCE3E, 0xCE3E, 0xCE3E, 0xCE3E, 0xCE1E, 0xCE1E, 0xCE1E, 0xCE1E, 0xC61E, 0xC61E, 0xC61E,
    0xC61E, 0xC61E, 0xC61E, 0xCE1E, 0xDE1D, 0xDE1D, 0xDE3E, 0xDE3E, 0xDE3E, 0xDE1D, 0xDE3D, 0xD63E,
    0xBE1E, 0xBE1E, 0xB61E, 0xADFE, 0xADDD, 0xADBD, 0xADBD, 0xBEBF, 0xBE9F, 0xADFE, 0xADDE, 0xADDE,
    0xADDE, 0xADDE, 0xADDE, 0xADDE, 0xADFE, 0xA5FE, 0xA5DE, 0xA5DE, 0xA5DE, 0xA5DD, 0xA5DD, 0x9DFD,
    0x95FD, 0x859D, 0x6D5C, 0x755C, 0x755C, 0x755C, 0x755C, 0x6D3C, 0x6D3C, 0x6D3C, 0x85FC, 0x9EBE,
    0x8E7E, 0x759C, 0x96DE, 0x9EDF, 0x757C, 0x6D3C, 0x6D3C, 0x6D3C, 0x6D1C, 0x6D3C, 0x6D3C, 0x6D1C,
    0x9EFF, 0x9EFF, 0x9EFF, 0x9EFF, 0x9EFF, 0x9EFF, 0x9EFF, 0x9EFF, 0x9EFF, 0x96FF, 0x96DF, 0x96DF,
    0x96DE, 0x755C, 0x6D5B, 0x96FF, 0x9F1F, 0x9F1F, 0x9EFF, 0x9EFF, 0x9EFF, 0x9EFF, 0x9EFF, 0x9EFF,
    0xA6FF, 0xA6FF, 0xA6FF, 0xA6FF, 0xA71F, 0xAF1F, 0xAF1F, 0xAF1F, 0xAEFF, 0xAEFF, 0xAEDF, 0xAEDF,
    0xB6DF, 0xB6DF, 0xB6DF, 0xB6DF, 0xB6FF, 0xB6FF, 0xBEFF, 0xBEFF, 0xBEFF, 0xBEFF, 0xBEFF, 0xBEFF,
    0xBEFF, 0xC6FF, 0xC6FF, 0xC6FF, 0xC6FF, 0xC6FF, 0xC6FF, 0xC6FF, 0xCEFF, 0xCEFF, 0xCEFF, 0xCEFF,
    0xCEFF, 0xCEFF, 0xCEFF, 0xD6FF, 0xD6FF, 0xD6FF, 0xD6FF, 0xD71F, 0xD71F, 0xD71F, 0xDF1F, 0xDF1F,
    0xDF1F, 0xDEFF, 0xDF1F, 0xE73F, 0xE73F, 0xE73E, 0xE73E, 0xE73E, 0xEF3E, 0xEF3E, 0xEF3E, 0xEF3F,
    0xEF5F, 0xEF3F, 0xF75F, 0x9453, 0x2086, 0x2087, 0x1886, 0x1886, 0x51A9, 0x59C9, 0x828A, 0x726A,
    0x316A, 0x318B, 0x318B, 0x318B, 0x318A, 0x318A, 0x318A, 0x318A, 0x318A, 0x318A, 0x318A, 0x318A,
    0x318B, 0x31AB, 0x318A, 0x318A, 0x318A, 0x318A, 0x318A, 0x318A, 0x318A, 0x318A, 0x318A, 0x318A,
    0x318A, 0x316A, 0x18A6, 0x20C9, 0x18A8, 0x20A7, 0x1865, 0x1865, 0x1865, 0x1865, 0x1865, 0x2086,
    0x2086, 0x28A7, 0x30A9, 0x38EA, 0x51CD, 0xE69C, 0xEF3F, 0xEF3F, 0xEF3F, 0xEF3F, 0xEF3F, 0xEF3F,
    0xEF3F, 0xEF3F, 0xEF3F, 0xEF3F, 0xEF3F, 0xEF3F, 0xEF3F, 0xEF3F, 0xEF3F, 0xEF3F, 0xEF3F, 0xEF3E,
    0xEF3E, 0xEF3E, 0xEF3E, 0xE73F, 0xE73F, 0xDF1F, 0xDF1F, 0xDF1F, 0xDF1F, 0xDF1F, 0xDF1F, 0xDF1F,
    0xDF1F, 0xDF1F, 0xDF1F, 0xD71F, 0xD6FF, 0xD71F, 0xD71F, 0xD71F, 0xD71F, 0xD71F, 0xD71F, 0xD71F,
    0xD71F, 0xD71F, 0xD71F, 0xD71F, 0xD71F, 0xD71F, 0xD71F, 0xD71F, 0xD71F, 0xD71F, 0xD71F, 0xD71F,
    0xCF1F, 0xCF1F, 0xCF1F, 0xC6FF, 0xC6FF, 0xC6FF, 0xC6FF, 0xC6FF, 0xC6FF, 0xBEFF, 0xBEFF, 0xBEFF,
    0xBEFF, 0xBEFF, 0xBEFF, 0xBEFF, 0xBEFF, 0xBEFF, 0xBEFF, 0xBEFF, 0xBEFF, 0xBEFF, 0xBEFF, 0xBEFF,
    0xB6FF, 0xB71F, 0xAF1F, 0xAF1F, 0xAF1F, 0xA6FF, 0xA6FF, 0xA6FF, 0xA6FF, 0xA6FF, 0xA6FF, 0x9EDE,
    0x9EDE, 0x9EDF, 0x9EDE, 0x9EDE, 0x9EFF, 0x9EFF, 0x9EFF, 0x9EFF, 0x9EFF, 0x9EFF, 0xA6FF, 0xA6FF,
    0xA57D, 0xA59D, 0xA59D, 0xA59D, 0xA57D, 0xA57D, 0xA57D, 0xA57D, 0xA57D, 0xA57D, 0xA57D, 0xA59D,
    0xA57D, 0x9D7D, 0x9D9D, 0xA59D, 0xA59D, 0xA57D, 0xA57C, 0xAD7C, 0xAD7C, 0xAD9C, 0xAD9D, 0xAD9D,
    0xAD9D, 0xAD9D, 0xB59D, 0xB5BC, 0xB59D, 0xB59D, 0xB59D, 0xB59D, 0xB59D, 0xB59C, 0xB59D, 0xBD9C,
    0xBD9D, 0xBD9C, 0xBD9C, 0xBD7C, 0xC59C, 0xC59C, 0xCD9C, 0xCD9B, 0xCD7B, 0xCD7B, 0xCD7B, 0xCD9B,
    0xCD9B, 0xCDBB, 0xD5BB, 0xD5BC, 0xD5BC, 0xD5BC, 0xD5DC, 0xD5DC, 0xD5DC, 0xD5BC, 0xDDBC, 0xDDDC,
    0xDDDC, 0xDDDC, 0xDDDB, 0xDDDC, 0xDDDB, 0xDDBB, 0xDDBB, 0xDDDC, 0xE5FC, 0xE5FC, 0xE5FC, 0xE5FC,
    0xE5FC, 0xE5FB, 0xE5FB, 0xE61C, 0xEE3C, 0xEE1B, 0xE61B, 0xEE1B, 0xEE1B, 0xEE3B, 0xEE3C, 0xEE3C,
    0xEE5C, 0xEE3C, 0xEE3C, 0xDD79, 0x7AEF, 0x1886, 0x1886, 0x1885, 0x1865, 0x1885, 0x3107, 0x4169,
    0x7A8C, 0x6A4B, 0x398A, 0x31AB, 0x298B, 0x318A, 0x318A, 0x318A, 0x318A, 0x318A, 0x318A, 0x318A,
    0x318A, 0x318A, 0x318A, 0x318A, 0x318A, 0x318A, 0x318A, 0x318A, 0x318A, 0x318A, 0x296A, 0x316A,
    0x2948, 0x20C7, 0x20EA, 0x18A8, 0x1865, 0x1865, 0x1885, 0x1865, 0x1865, 0x1865, 0x1865, 0x1866,
    0x2086, 0x2887, 0x30A8, 0x61EC, 0xEE1C, 0xEE3C, 0xEE3C, 0xEE3C, 0xEE3C, 0xEE3C, 0xEE5C, 0xEE5C,
    0xEE3C, 0xEE3C, 0xEE5C, 0xEE5C, 0xEE5C, 0xEE5C, 0xEE5C, 0xEE5C, 0xEE3C, 0xEE3C, 0xEE3C, 0xEE3C,
    0xEE1C, 0xEE1C, 0xEE1C, 0xEE3C, 0xEE3C, 0xEE3C, 0xEE3C, 0xEE3C, 0xE63C, 0xE61C, 0xE61C, 0xE61C,
    0xE61C, 0xE61C, 0xE61C, 0xE5FC, 0xE5FC, 0xE5FC, 0xE5DC, 0xE5DC, 0xDDDC, 0xDDDC, 0xDDDC, 0xDDDC,
    0xDDDC, 0xDDDC, 0xDDDC, 0xDDDC, 0xDDDC, 0xDDDC, 0xDDDC, 0xDDDC, 0xDDDC, 0xDDBC, 0xDDDC, 0xDDBC,
    0xD5DC, 0xDDDC, 0xD5DC, 0xD5BC, 0xD5BC, 0xD5BC, 0xD5BC, 0xD5BC, 0xD59C, 0xCD9C, 0xCD9C, 0xCDBC,
    0xCD9C, 0xCD9C, 0xCD9C, 0xCD9C, 0xCD9C, 0xC59C, 0xC59C, 0xC57C, 0xC57C, 0xC59C, 0xC59C, 0xBD9C,
    0xC59C, 0xBD9C, 0xBD9C, 0xBD9C, 0xB59D, 0xB59C, 0xB57C, 0xB57C, 0xB57C, 0xB57C, 0xB57C, 0xB57C,
    0xB57D, 0xB57D, 0xB57D, 0xB57D, 0xAD7D, 0xAD5C, 0xAD5C, 0xAD7C, 0xAD5C, 0xAD5C, 0xAD7C, 0xAD7C,
    0x9279, 0x9279, 0x9278, 0x9278, 0x9298, 0x9298, 0x9298, 0x9A98, 0x9A98, 0x9A98, 0x9A98, 0x9A78,
    0x9A77, 0x9A77, 0x9A98, 0x9A98, 0x9A98, 0x9A98, 0xA298, 0xA298, 0xA298, 0xA298, 0xA298, 0xA298,
    0xA2B8, 0xA2B8, 0xA2B8, 0xA2B8, 0xA2B8, 0xA2D8, 0xA2D7, 0xAAB7, 0xAAB7, 0xAAB7, 0xAAB7, 0xAAB7,
    0xAAB7, 0xAAB6, 0xAAB6, 0xAA96, 0xB2B6, 0xB2B6, 0xBAD5, 0xCAF4, 0xCAF3, 0xCAF3, 0xCB14, 0xCB14,
    0xCB14, 0xD334, 0xD334, 0xD354, 0xD354, 0xD354, 0xD374, 0xD375, 0xD395, 0xD395, 0xD395, 0xD395,
    0xD395, 0xD394, 0xD394, 0xD394, 0xD3B4, 0xD394, 0xD3B4, 0xD394, 0xD3B4, 0xD3D4, 0xDBB4, 0xD373,
    0xDBD4, 0xDBF4, 0xDBF4, 0xE3F5, 0xE415, 0xE415, 0xE414, 0xE414, 0xE414, 0xE414, 0xE414, 0xE414,
    0xDC14, 0xE415, 0xE435, 0xE435, 0xBB92, 0x51AA, 0x1865, 0x1865, 0x1044, 0x1065, 0x1865, 0x1065,
    0x1064, 0x3948, 0x6A4C, 0x5A0C, 0x41AB, 0x41AB, 0x298B, 0x318A, 0x318A, 0x318A, 0x318A, 0x318A,
    0x318A, 0x318A, 0x318A, 0x318A, 0x318A, 0x318A, 0x318A, 0x318A, 0x318A, 0x296A, 0x2949, 0x20E7,
    0x18A7, 0x1888, 0x18A8, 0x1864, 0x1065, 0x1865, 0x1865, 0x1865, 0x1865, 0x1865, 0x1865, 0x1886,
    0x2086, 0x28A7, 0x7A2D, 0xE436, 0xE435, 0xE436, 0xE436, 0xE435, 0xE435, 0xE455, 0xE456, 0xE456,
    0xE456, 0xE456, 0xE456, 0xE456, 0xE456, 0xE456, 0xE456, 0xE456, 0xE456, 0xE456, 0xE436, 0xE455,
    0xE435, 0xE435, 0xE435, 0xE435, 0xE435, 0xE435, 0xE415, 0xE435, 0xE415, 0xE415, 0xE415, 0xE415,
    0xE415, 0xE415, 0xDC15, 0xDBF5, 0xDBF5, 0xDBF5, 0xD394, 0xD394, 0xDBB5, 0xDBB5, 0xDBB5, 0xDBB5,
    0xDB94, 0xDB94, 0xDB94, 0xDB94, 0xDB94, 0xD374, 0xDB75, 0xDB75, 0xD375, 0xD375, 0xD375, 0xD375,
    0xD375, 0xD375, 0xD355, 0xD355, 0xD355, 0xD335, 0xD335, 0xCB34, 0xCB14, 0xCB14, 0xCAF4, 0xCAD5,
    0xBAD7, 0xBAB7, 0xBAB7, 0xBAB7, 0xBAB7, 0xBAB7, 0xB2B7, 0xB2B6, 0xB2B7, 0xB2B7, 0xB2B7, 0xB2B7,
    0xB2B7, 0xB2B7, 0xB2B7, 0xB2B7, 0xB2B7, 0xB2B7, 0xB2B7, 0xB2B7, 0xB297, 0xB297, 0xB2B7, 0xB2B7,
    0xB297, 0xAA97, 0xB297, 0xAA97, 0xAA77, 0xAA97, 0xAA77, 0xAA77, 0xAA77, 0xAA77, 0xAA77, 0xAA77,
    0x8A77, 0x8A78, 0x9278, 0x9278, 0x9298, 0x9298, 0x8A77, 0x9277, 0x9277, 0x9277, 0x9277, 0x9277,
    0x9277, 0x9277, 0x9A77, 0x9A97, 0x9A97, 0x9A97, 0x9A97, 0x9A97, 0x9A97, 0x9A97, 0x9A97, 0x9A97,
    0x9A97, 0x9A97, 0x9A97, 0x9AB7, 0x9AB7, 0x9A97, 0x9A97, 0x9A97, 0x9A97, 0xA2B7, 0xA297, 0xA276,
    0x9A55, 0x9A55, 0xB275, 0xC296, 0xC295, 0xBAB6, 0xAA95, 0xC2F4, 0xC2F4, 0xC2F4, 0xC2F4, 0xC2F4,
    0xCB14, 0xCB14, 0xCB34, 0xCB34, 0xCB34, 0xD334, 0xCB34, 0xCB34, 0xCB34, 0xCB54, 0xD354, 0xD354,
    0xD374, 0xD374, 0xD374, 0xD374, 0xD374, 0xD374, 0xD374, 0xD374, 0xD353, 0xDB74, 0xD374, 0xDBD4,
    0xDBD4, 0xDBD4, 0xDBD4, 0xDBD4, 0xDBD4, 0xE3F4, 0xE3F4, 0xDBF4, 0xE3F4, 0xE3F4, 0xDBD4, 0xDBD4,
    0xDBF4, 0xE3F5, 0xE3F5, 0xDBD4, 0xDBB4, 0xAB11, 0x4949, 0x1864, 0x1044, 0x1044, 0x1865, 0x1064,
    0x1064, 0x1865, 0x1865, 0x2909, 0x396B, 0x49CC, 0x51CB, 0x41AA, 0x298A, 0x318A, 0x318A, 0x318A,
    0x318A, 0x318A, 0x318A, 0x318A, 0x318A, 0x318A, 0x318A, 0x296A, 0x2948, 0x2929, 0x18A6, 0x20E9,
    0x290A, 0x20C8, 0x1064, 0x1064, 0x1044, 0x1065, 0x1865, 0x1865, 0x1865, 0x1865, 0x1865, 0x1886,
    0x30A7, 0x926E, 0xDBD4, 0xE3D4, 0xDBF4, 0xE3F4, 0xE3F4, 0xE3F4, 0xE414, 0xE415, 0xE415, 0xE415,
    0xE415, 0xE415, 0xE415, 0xE415, 0xE415, 0xE415, 0xE415, 0xE415, 0xE415, 0xE415, 0xE414, 0xDC15,
    0xE415, 0xE3F5, 0xE3F5, 0xE3F5, 0xE3F5, 0xE3F5, 0xE3D4, 0xE3D5, 0xE3D5, 0xE3D5, 0xDBD5, 0xDBD5,
    0xDBD5, 0xDBD5, 0xDBD5, 0xDBD5, 0xDBD5, 0xDBD5, 0xDBB5, 0xDBB5, 0xD335, 0xD375, 0xDB95, 0xD374,
    0xD375, 0xD375, 0xD354, 0xD374, 0xD355, 0xD355, 0xD355, 0xD354, 0xD355, 0xD355, 0xD355, 0xD334,
    0xD335, 0xD335, 0xD335, 0xCB35, 0xCB15, 0xCB15, 0xCB15, 0xCAF5, 0xCAF4, 0xC2D4, 0xC2D4, 0xC2B5,
    0xB296, 0xCAF7, 0xCAB6, 0xC2B7, 0xAA56, 0xAA56, 0xAA75, 0xAA76, 0xAA95, 0xAA75, 0xB276, 0xB296,
    0xB296, 0xB296, 0xB296, 0xAA96, 0xAA96, 0xAA96, 0xAA96, 0xAA96, 0xAA96, 0xAA96, 0xAA96, 0xAA96,
    0xAA76, 0xAA76, 0xAA76, 0xAA76, 0xAA76, 0xAA76, 0xAA76, 0xAA76, 0xA256, 0xA256, 0xA256, 0xA256,
    0x4930, 0x4930, 0x5150, 0x5150, 0x5150, 0x5151, 0x5151, 0x5151, 0x5151, 0x5151, 0x5151, 0x5151,
    0x5951, 0x5951, 0x5971, 0x5971, 0x5971, 0x5951, 0x5951, 0x5951, 0x5971, 0x5971, 0x5951, 0x5950,
    0x5950, 0x6150, 0x6170, 0x6170, 0x6170, 0x6170, 0x6171, 0x6171, 0x6991, 0x71B2, 0x79B2, 0xAA55,
    0xBA55, 0xB254, 0x81F3, 0x79B3, 0x79D3, 0x79D3, 0x79D3, 0x81D3, 0x81B2, 0x79B2, 0x81B3, 0x81B2,
    0x81D3, 0x89D3, 0x89D3, 0x89D3, 0x89F3, 0x89F3, 0x89F3, 0x91F3, 0x91F3, 0x9213, 0x9213, 0x9213,
    0x9A13, 0x9213, 0x9213, 0x9A33, 0x9A13, 0x9213, 0x9A33, 0xAA53, 0xCAB2, 0xAA54, 0xAA74, 0xAA74,
    0xAA74, 0xAA73, 0xB273, 0xB293, 0xB294, 0xB2B4, 0xB2B4, 0xB2B4, 0xB2B4, 0xB2B3, 0xB2D3, 0xB2D3,
    0xBAD3, 0xBAD4, 0xBAD4, 0xBAD4, 0xBAD4, 0xBAB3, 0xB2B2, 0x69CB, 0x1864, 0x1044, 0x1045, 0x1064,
    0x1865, 0x1865, 0x1865, 0x1864, 0x1044, 0x20C7, 0x28E8, 0x41AD, 0x41AD, 0x418A, 0x2929, 0x2949,
    0x296A, 0x318A, 0x318A, 0x318A, 0x318A, 0x2927, 0x2107, 0x20E7, 0x18A7, 0x1887, 0x20E9, 0x292B,
    0x28E8, 0x1864, 0x1865, 0x1865, 0x1865, 0x1865, 0x1065, 0x1865, 0x1865, 0x1865, 0x1865, 0x3086,
    0xA270, 0xC292, 0xC2B2, 0xC2D3, 0xC2D2, 0xC2D2, 0xC2D2, 0xC2D2, 0xC2D2, 0xC2D2, 0xC2D2, 0xC2D2,
    0xC2D2, 0xC2D2, 0xC2D2, 0xC2D2, 0xC2D2, 0xC2D2, 0xC2D3, 0xC2D2, 0xBAB2, 0xBAB2, 0xBA92, 0xBA92,
    0xBA92, 0xBA92, 0xBA93, 0xBAB3, 0xBAB3, 0xB293, 0xB293, 0xB273, 0xB274, 0xB274, 0xB294, 0xB294,
    0xB294, 0xAA94, 0xAA94, 0xAA94, 0xAA74, 0xAA74, 0xAA74, 0xAA94, 0xAA74, 0xAA94, 0xBA93, 0xAA53,
    0x9214, 0x9233, 0x9A34, 0x9A13, 0x9A13, 0x9A14, 0x9A14, 0x9A14, 0x9213, 0x9213, 0x9214, 0x9213,
    0x91F3, 0x91F3, 0x91F3, 0x91F3, 0x89D3, 0x89D3, 0x89D3, 0x89D3, 0x89D3, 0x89D3, 0x89D3, 0x89D3,
    0x89D4, 0x89F4, 0x81D3, 0x89D3, 0xBA55, 0xC276, 0xBA96, 0x79B3, 0x7173, 0x7172, 0x7172, 0x7172,
    0x7172, 0x7172, 0x7172, 0x6972, 0x6972, 0x6972, 0x6972, 0x6972, 0x6972, 0x6972, 0x6972, 0x6972,
    0x6972, 0x6972, 0x6972, 0x6972, 0x6952, 0x6952, 0x6952, 0x6151, 0x6151, 0x6151, 0x6151, 0x6151,
    0x79D5, 0x79D5, 0x79D5, 0x79D5, 0x81F5, 0x81F5, 0x81D5, 0x81D5, 0x81F5, 0x81F5, 0x81F5, 0x81F5,
    0x81F5, 0x81F5, 0x81F5, 0x81F5, 0x81F5, 0x89F5, 0x89F5, 0x89F5, 0x89F5, 0x89F5, 0x89F5, 0x89F5,
    0x89F5, 0x89F5, 0x8A15, 0x89F5, 0x89F4, 0x91F4, 0x89F4, 0x91F4, 0xB235, 0xB255, 0xB256, 0x9215,
    0x9216, 0x9A15, 0xA235, 0xA235, 0xAA34, 0xAA34, 0xAA34, 0xAA54, 0xAA34, 0xAA34, 0xAA54, 0xAA54,
    0xAA54, 0xB254, 0xB274, 0xB274, 0xB274, 0xB294, 0xBA94, 0xBA94, 0xBA94, 0xBA94, 0xBA94, 0xBA94,
    0xC294, 0xBAB4, 0xBAB4, 0xC2B3, 0xC293, 0xCA92, 0xC2B3, 0xCAD3, 0xCAF3, 0xCAF3, 0xCB13, 0xD313,
    0xD313, 0xD314, 0xD314, 0xD314, 0xD314, 0xD314, 0xD334, 0xD334, 0xD334, 0xD334, 0xD333, 0xD333,
    0xD333, 0xD333, 0xD333, 0xD333, 0xCB13, 0xCB13, 0xD2F3, 0xCAF2, 0xA290, 0x3908, 0x1865, 0x1065,
    0x1864, 0x1865, 0x1864, 0x1864, 0x1044, 0x1864, 0x1044, 0x18A6, 0x20A6, 0x210C, 0x294F, 0x294B,
    0x1885, 0x18A5, 0x20A6, 0x20A5, 0x20C7, 0x20EB, 0x20EB, 0x18CB, 0x210B, 0x210C, 0x290A, 0x1864,
    0x1864, 0x1865, 0x1865, 0x1865, 0x1865, 0x1865, 0x1865, 0x1865, 0x1865, 0x1865, 0x2886, 0x9A8F,
    0xAA91, 0xAAB1, 0xB2D1, 0xB2F1, 0xB2F2, 0xB2F2, 0xB2F2, 0xB2F2, 0xB2F2, 0xB2F2, 0xB2F2, 0xB2F2,
    0xB2F2, 0xB2F2, 0xB2F2, 0xB2F2, 0xB2F2, 0xB2F2, 0xBAF2, 0xBAF2, 0xB2F2, 0xB2F2, 0xB2D2, 0xB2F2,
    0xB2F2, 0xC313, 0xD313, 0xD313, 0xCB13, 0xCB13, 0xCB14, 0xCB14, 0xCB14, 0xCB14, 0xCB14, 0xCB14,
    0xCB14, 0xCB14, 0xCB14, 0xCB14, 0xCB14, 0xCB14, 0xCB14, 0xCB14, 0xCAF4, 0xCAF4, 0xCAF4, 0xC2B3,
    0xC2B3, 0xCAD4, 0xC2D4, 0xC2B4, 0xC2B4, 0xBAB5, 0xBAB5, 0xBAB5, 0xBA95, 0xBA95, 0xBA95, 0xBA95,
    0xBA95, 0xBA95, 0xBA95, 0xBA95, 0xBA95, 0xB295, 0xB275, 0xB275, 0xB275, 0xB275, 0xB255, 0xAA75,
    0xAA55, 0xAA55, 0xAA55, 0xAA35, 0xA235, 0x9A35, 0x9A15, 0xBA76, 0xBA75, 0xBA75, 0xA236, 0x9A16,
    0x9A15, 0x9A15, 0x99F4, 0x99F4, 0x99D4, 0x99F5, 0x99F5, 0x99F5, 0x99F5, 0x99F5, 0x91D5, 0x91F5,
    0x91F5, 0x91F5, 0x91F5, 0x91D5, 0x91D5, 0x91D6, 0x91D5, 0x91D5, 0x91D5, 0x91D5, 0x91F6, 0x91D6,
    0x5991, 0x5991, 0x5991, 0x5991, 0x6191, 0x6191, 0x6191, 0x6191, 0x6191, 0x6191, 0x61B1, 0x6191,
    0x61B1, 0x61B1, 0x6191, 0x6191, 0x61B1, 0x69B1, 0x69B1, 0x69B1, 0x69B2, 0x69B2, 0x69B1, 0x69D1,
    0x69D1, 0x71B2, 0x71B2, 0x71B3, 0x81D3, 0x99F3, 0x99D3, 0x81D3, 0x71D2, 0x71D2, 0x79D2, 0x79D3,
    0x79D2, 0x81D2, 0x81D2, 0x81F2, 0x81D2, 0x81F2, 0x81F2, 0x81F2, 0x81F2, 0x81F2, 0x89F2, 0x89F2,
    0x8A12, 0x8A12, 0x9212, 0x9212, 0x9213, 0x9233, 0x9233, 0x9A33, 0x9A33, 0x9A33, 0x9A33, 0x9A33,
    0x9A33, 0x9A53, 0xA253, 0xBA93, 0xAA53, 0xA233, 0xA273, 0xAA74, 0xAA94, 0xAA93, 0xB2B3, 0xB2B3,
    0xB2B3, 0xB2B3, 0xB2B4, 0xB2B3, 0xB2B3, 0xB2B4, 0xBAB4, 0xBAB4, 0xBAD4, 0xBAD4, 0xBAD4, 0xBAD4,
    0xBAB4, 0xBAB4, 0xBAB4, 0xBAB3, 0xBAB3, 0xBAB3, 0xB2B3, 0xAAB2, 0xAAB2, 0xA271, 0x69ED, 0x1064,
    0x1865, 0x1865, 0x1865, 0x1864, 0x1044, 0x1044, 0x1844, 0x1864, 0x1864, 0x1865, 0x1065, 0x210A,
    0x318F, 0x318F, 0x318F, 0x318F, 0x316E, 0x210B, 0x210B, 0x210A, 0x1064, 0x1044, 0x1044, 0x1864,
    0x1864, 0x1865, 0x1865, 0x1865, 0x1865, 0x1865, 0x1865, 0x1865, 0x1065, 0x1865, 0x1865, 0x1865,
    0x1866, 0x2066, 0x2086, 0x2087, 0x2087, 0x28A7, 0x28A7, 0x28A8, 0x28A8, 0x28A8, 0x28A8, 0x28A8,
    0x30A8, 0x30A9, 0x30A9, 0x30A9, 0x30A9, 0x30A9, 0x30A9, 0x30C8, 0x30A9, 0x30A9, 0x30A9, 0x30C9,
    0x30A8, 0x822F, 0xC313, 0xBAF3, 0xBAF3, 0xBAF3, 0xBAF3, 0xBAF3, 0xBAF3, 0xBAF3, 0xB2F3, 0xB2D3,
    0xB2B3, 0xB294, 0xB294, 0xBAB4, 0xB2B4, 0xB2B4, 0xB294, 0xB294, 0xB294, 0xB294, 0xB294, 0xB294,
    0xB294, 0xB294, 0xAA73, 0xAA73, 0x9A54, 0x9A54, 0xA254, 0x9A54, 0x9A34, 0x9A33, 0x9A33, 0x9A33,
    0x9A33, 0x9A33, 0x9A33, 0x9A34, 0x9A34, 0x9214, 0x9214, 0x9214, 0x9214, 0x9214, 0x8A13, 0x89F3,
    0x89F3, 0x89F3, 0x89F3, 0x89F3, 0x81F3, 0x81F3, 0x81D3, 0x81D3, 0x79D3, 0x81D3, 0x99F5, 0xAA15,
    0xA215, 0x79D4, 0x79B4, 0x79B3, 0x71B2, 0x7192, 0x7192, 0x7192, 0x7192, 0x7192, 0x7192, 0x7192,
    0x7192, 0x7192, 0x7192, 0x7192, 0x7192, 0x7192, 0x7192, 0x7192, 0x6992, 0x7192, 0x7192, 0x7192,
    0x38EC, 0x38ED, 0x390D, 0x390D, 0x390D, 0x390D, 0x390D, 0x410D, 0x410D, 0x410D, 0x410D, 0x410C,
    0x410D, 0x410D, 0x410D, 0x410D, 0x410D, 0x412D, 0x412D, 0x412D, 0x412D, 0x412D, 0x512E, 0x512F,
    0x512F, 0x6950, 0x89B3, 0x89D4, 0x79D2, 0x514F, 0x516F, 0x5970, 0x5970, 0x5970, 0x5970, 0x5950,
    0x594F, 0x512F, 0x592F, 0x592F, 0x592F, 0x5950, 0x5950, 0x5950, 0x5950, 0x594F, 0x594F, 0x6150,
    0x6150, 0x6170, 0x6970, 0x6950, 0x6970, 0x6970, 0x6970, 0x6970, 0x6970, 0x6970, 0x6970, 0x7191,
    0x7191, 0x89B1, 0x99F1, 0x9A13, 0x81B3, 0x7992, 0x8192, 0x81B2, 0x81B2, 0x89D2, 0x89D2, 0x89D2,
    0x89D2, 0x91D2, 0x91D2, 0x91D2, 0x91D2, 0x91D2, 0x91D2, 0x91D2, 0x91F2, 0x91F2, 0x91F2, 0x91D2,
    0x91D2, 0x91D2, 0x99D2, 0x91F2, 0x89F2, 0x8A12, 0x598C, 0x1866, 0x1865, 0x1865, 0x1865, 0x1865,
    0x1865, 0x1865, 0x1865, 0x1864, 0x1864, 0x1064, 0x1064, 0x1864, 0x1864, 0x1864, 0x1044, 0x1865,
    0x1886, 0x18A6, 0x20A7, 0x18A7, 0x20A6, 0x1864, 0x18A5, 0x8C72, 0x9472, 0x5ACC, 0x1064, 0x1064,
    0x1044, 0x1865, 0x1865, 0x1865, 0x1865, 0x1865, 0x1865, 0x1865, 0x1865, 0x1885, 0x1865, 0x1886,
    0x1886, 0x2086, 0x2086, 0x2086, 0x2086, 0x2087, 0x2087, 0x20A7, 0x28A7, 0x28A7, 0x28A7, 0x28A8,
    0x28A8, 0x28A8, 0x28A8, 0x28A8, 0x28A8, 0x2887, 0x2887, 0x2888, 0x28A8, 0x28A8, 0x2888, 0x2888,
    0x2888, 0x2887, 0x2887, 0x2887, 0x2887, 0x2887, 0x2887, 0x2887, 0x2887, 0x2087, 0x2087, 0x2087,
    0x490C, 0x81D1, 0x81B1, 0x81D2, 0x81D1, 0x89D3, 0x89D3, 0x89D3, 0x89D3, 0x81B2, 0x81B2, 0x81B2,
    0x8192, 0x8192, 0x91F2, 0xA253, 0x89D1, 0x81B1, 0x79B2, 0x79B2, 0x71B2, 0x7191, 0x7191, 0x7191,
    0x7191, 0x7171, 0x7171, 0x6971, 0x6971, 0x6971, 0x6971, 0x6971, 0x6971, 0x6951, 0x6971, 0x6131,
    0x6131, 0x6130, 0x6151, 0x6951, 0x6951, 0x6151, 0x6151, 0x6150, 0x6150, 0x6151, 0x6171, 0x6971,
    0x7192, 0x9A15, 0x99F5, 0x91F4, 0x592F, 0x490E, 0x490E, 0x490E, 0x490E, 0x490E, 0x490E, 0x490E,
    0x490E, 0x490E, 0x490E, 0x490E, 0x490E, 0x490E, 0x490E, 0x490E, 0x490E, 0x490E, 0x490E, 0x490E,
    0x6193, 0x6173, 0x6173, 0x6173, 0x6173, 0x6193, 0x6193, 0x6193, 0x6193, 0x6193, 0x6192, 0x6192,
    0x69B2, 0x69B3, 0x69B2, 0x69B2, 0x61B2, 0x61B2, 0x69B2, 0x7193, 0x71B4, 0x71D4, 0x81F5, 0x81D5,
    0x81B4, 0x79B3, 0x6972, 0x6993, 0x7193, 0x7193, 0xAC37, 0xFFFF, 0xFFFF, 0xFFFF, 0xFFFF, 0xFFFF,
    0xF7BF, 0xD5FB, 0x9295, 0x81B3, 0x81B4, 0x81B4, 0x81B4, 0x81B4, 0x81B4, 0x81B4, 0x81D3, 0x89D3,
    0x89D3, 0x89D3, 0x89D3, 0x91F3, 0x91F3, 0x91F3, 0x91F4, 0x99F4, 0x91F4, 0x91F4, 0x91F3, 0xAA13,
    0xB213, 0x99F3, 0x99F4, 0x9A14, 0x9A13, 0x9A13, 0xA213, 0xA213, 0xA234, 0xAA34, 0xAA34, 0xAA34,
    0xAA54, 0xB254, 0xB254, 0xAA54, 0xAA53, 0xB254, 0xAA53, 0xAA53, 0xAA53, 0xB253, 0xB253, 0xAA53,
    0xAA53, 0xAA33, 0xAA33, 0xA233, 0x412A, 0x2086, 0x1885, 0x1865, 0x1865, 0x1865, 0x1865, 0x1865,
    0x1865, 0x1865, 0x1865, 0x1865, 0x1864, 0x1864, 0x1864, 0x1864, 0x1064, 0x1064, 0x1064, 0x1044,
    0x1865, 0x1865, 0x1865, 0x1865, 0x1865, 0x1864, 0x20E6, 0xFFDF, 0xFFFF, 0xA515, 0x1044, 0x1064,
    0x1064, 0x1864, 0x1865, 0x1865, 0x1865, 0x1865, 0x1865, 0x1865, 0x1865, 0x1865, 0x1865, 0x1866,
    0x1886, 0x1886, 0x2086, 0x2086, 0x2086, 0x2086, 0x2086, 0x2087, 0x2087, 0x28A7, 0x28A7, 0x2087,
    0x2087, 0x2887, 0x2887, 0x2887, 0x2087, 0xC639, 0xDEDB, 0xBDD7, 0x2066, 0x2887, 0x2887, 0x2887,
    0x2887, 0x2887, 0x2087, 0x2087, 0x2887, 0x2087, 0x2087, 0x2087, 0x2087, 0x2087, 0x2087, 0x2087,
    0x2087, 0x2067, 0x2087, 0x28A8, 0x38E9, 0x69CF, 0x69AF, 0x698F, 0x9A34, 0x99F4, 0x99F3, 0xBBF7,
    0xEEDD, 0xEEDD, 0xB336, 0x9A14, 0xAA53, 0xB254, 0xAA34, 0x9A14, 0x9A14, 0x9214, 0x9214, 0x9A14,
    0x91F4, 0x91F4, 0x91F4, 0x91F4, 0x91F4, 0x91F4, 0x91F5, 0x91D5, 0x91F5, 0x91D4, 0x91D4, 0xD5BB,
    0xEEDE, 0xE67D, 0x8993, 0x89B3, 0x89B3, 0x89B3, 0x89B3, 0x81B3, 0x81B3, 0x81B3, 0x81B3, 0x81B3,
    0x81B4, 0x79B4, 0x79B4, 0x79B4, 0x89D6, 0x8995, 0x8995, 0x7994, 0x7973, 0x7173, 0x7973, 0x7173,
    0x7193, 0x7193, 0x7193, 0x7193, 0x7173, 0x7173, 0x7173, 0x7173, 0x7173, 0x7173, 0x7173, 0x7173,
    0x392C, 0x392C, 0x392C, 0x390C, 0x392C, 0x392C, 0x392C, 0x392C, 0x392C, 0x392C, 0x392C, 0x392C,
    0x394C, 0x414C, 0x414C, 0x414D, 0x5191, 0x5191, 0x5190, 0x5970, 0x5970, 0x59B1, 0x414E, 0x412D,
    0x412D, 0x412D, 0x412D, 0x492D, 0x492D, 0x494D, 0x9415, 0xFFFF, 0xFFFF, 0xFFFF, 0xFFFF, 0xFFFF,
    0xFFFF, 0xFFFF, 0xF75E, 0x598F, 0x514E, 0x514E, 0x594E, 0x594E, 0x596E, 0x596E, 0x596E, 0x594E,
    0x596E, 0x596F, 0x596F, 0x616F, 0x616F, 0x618F, 0x698F, 0x6190, 0x616F, 0x8190, 0xA1F1, 0x79D1,
    0x69B0, 0x6990, 0x6990, 0x6990, 0x69B0, 0x6990, 0x71B0, 0x71B0, 0x71B0, 0x71B0, 0x79B0, 0x79D0,
    0x79D0, 0x79D0, 0x79D0, 0x79D0, 0x79D0, 0x79D1, 0x79D1, 0x79D1, 0x79D1, 0x81D1, 0x81D1, 0x81D1,
    0x81D1, 0x81B1, 0x79B0, 0x79B0, 0x30C8, 0x1865, 0x1865, 0x1865, 0x1865, 0x1865, 0x1865, 0x1865,
    0x1865, 0x1865, 0x1865, 0x1865, 0x1865, 0x1065, 0x1865, 0x1064, 0x1064, 0x1065, 0x1064, 0x1864,
    0x1865, 0x1885, 0x1865, 0x1865, 0x1865, 0x1864, 0x20E6, 0xFFDF, 0xFFFF, 0xA515, 0x1064, 0x1064,
    0x1064, 0x1064, 0x1064, 0x1064, 0x1865, 0x1865, 0x1865, 0x1865, 0x1865, 0x1865, 0x1865, 0x1865,
    0x1885, 0x1886, 0x1886, 0x1886, 0x1886, 0x2086, 0x2086, 0x2086, 0x2086, 0x20A7, 0x2087, 0x2087,
    0x2087, 0x2087, 0x2087, 0x2086, 0x2086, 0xE73C, 0xFFFF, 0xDEDB, 0x1866, 0x2086, 0x2086, 0x2086,
    0x2086, 0x2086, 0x2066, 0x2086, 0x2086, 0x2086, 0x2086, 0x2066, 0x2066, 0x2086, 0x2066, 0x2066,
    0x2066, 0x2066, 0x2086, 0x2086, 0x20A6, 0x20A6, 0x2086, 0x2086, 0x412B, 0x412B, 0x410A, 0x93D3,
    0xFFFF, 0xFFFF, 0x9374, 0x69B1, 0x69B1, 0x69B1, 0x71B1, 0x99F2, 0x91F2, 0x6190, 0x6190, 0x61B0,
    0x6990, 0x618F, 0x618F, 0x618F, 0x6990, 0x616F, 0x6170, 0x6170, 0x616F, 0x616F, 0x594F, 0xD65B,
    0xFFFF, 0xF79E, 0x510E, 0x594F, 0x594E, 0x594E, 0x594F, 0x594F, 0x594F, 0x594E, 0x594E, 0x594E,
    0x514E, 0x514E, 0x514E, 0x514E, 0x514F, 0x514F, 0x512E, 0x5150, 0x5172, 0x5173, 0x5171, 0x492D,
    0x492D, 0x492D, 0x492D, 0x492D, 0x492D, 0x410D, 0x410D, 0x410D, 0x490D, 0x492D, 0x492D, 0x490D,
    0x290A, 0x210A, 0x210A, 0x210A, 0x20EA, 0x20EA, 0x20EA, 0x20EA, 0x20EA, 0x28EA, 0x28EA, 0x28EA,
    0x290B, 0x312E, 0x314E, 0x394F, 0x51D3, 0x51B3, 0x4991, 0x28EB, 0x30EB, 0x310B, 0x310B, 0x310C,
    0x310C, 0x310C, 0x310C, 0x310C, 0x390C, 0x390C, 0x8C14, 0xFFFF, 0xFFFF, 0x8C14, 0x49CE, 0x6AF1,
    0xE71D, 0xFFFF, 0xFFFF, 0x83B3, 0x412C, 0x83D3, 0x8BF3, 0x72F1, 0x414D, 0x7B52, 0x83D3, 0x412D,
    0x412D, 0x494E, 0x8BF3, 0xBDB8, 0xCE1A, 0xBD98, 0x72D1, 0x694D, 0x794F, 0x6170, 0x5970, 0x8374,
    0xBD98, 0xCE1A, 0xC5F9, 0xA4B6, 0x7291, 0x594F, 0x594F, 0x61AF, 0x9C35, 0xC5D9, 0xCE3A, 0xC5D9,
    0x9C35, 0x69F0, 0x614F, 0x614F, 0x6150, 0x6150, 0x6170, 0x6970, 0x7A51, 0xAC96, 0xCDD9, 0xD63A,
    0xD63A, 0xBD58, 0x8AF3, 0x6950, 0x614F, 0x592E, 0x730F, 0x7BB0, 0x630D, 0x3988, 0x9CD4, 0xC618,
    0xA4F4, 0x3147, 0x1865, 0x3168, 0x7BB0, 0x7BB0, 0x41E9, 0x1064, 0x1064, 0x1885, 0x7BB0, 0x7BB0,
    0x5AAC, 0x1865, 0x1865, 0x1865, 0x1865, 0x1865, 0x20E6, 0xFFDF, 0xFFFF, 0xA515, 0x1064, 0x1064,
    0x736F, 0x7BB0, 0x7BB0, 0x2906, 0x1865, 0x1885, 0x420A, 0x9CD4, 0xC5F8, 0xBDF8, 0x8C52, 0x3148,
    0x1865, 0x3968, 0x7BD0, 0x7BD0, 0x41EA, 0x1886, 0x1886, 0x20C7, 0x7BB0, 0x83D1, 0x62ED, 0x2086,
    0x2086, 0x2086, 0x2086, 0x2086, 0x7390, 0xEF7D, 0xFFFF, 0xEF5D, 0x83D1, 0x83D1, 0x2907, 0x2066,
    0x20A6, 0x734F, 0xB597, 0xC619, 0xB597, 0x6B2E, 0x28C7, 0x2066, 0x2066, 0x2066, 0x1866, 0x1866,
    0x1866, 0x1866, 0x1866, 0x3148, 0x8411, 0xBDB7, 0xC619, 0xB597, 0x7BB0, 0x3128, 0x49EA, 0xB576,
    0xFFFF, 0xFFFF, 0xB558, 0x9415, 0x72F3, 0x512F, 0x8374, 0xC579, 0xD63B, 0xCE1A, 0xC5F9, 0x9C76,
    0x61F0, 0x492E, 0x492E, 0x59AF, 0x8C14, 0x8BF4, 0x6230, 0x59CF, 0x83B3, 0x6AD1, 0x7B52, 0xDEDC,
    0xFFFF, 0xFFDF, 0x8BF3, 0x8BF4, 0x5A0F, 0x410D, 0x410D, 0x410D, 0x410D, 0x410D, 0x410D, 0x410D,
    0x410D, 0x410D, 0x390C, 0x390D, 0x390C, 0x390C, 0x38EC, 0x390E, 0x4971, 0x4971, 0x4991, 0x3950,
    0x3930, 0x392E, 0x310C, 0x310C, 0x30EB, 0x30EB, 0x30EB, 0x310B, 0x310B, 0x310B, 0x310B, 0x310B,
    0x316F, 0x318F, 0x318E, 0x318E, 0x316E, 0x316E, 0x396E, 0x316E, 0x396E, 0x398F, 0x3991, 0x3991,
    0x39B2, 0x41B3, 0x41D3, 0x41B2, 0x396E, 0x394E, 0x414F, 0x416F, 0x4170, 0x4970, 0x4970, 0x4970,
    0x4970, 0x4970, 0x4970, 0x4990, 0x4970, 0x4970, 0x9436, 0xFFFF, 0xFFFF, 0x93F6, 0x5191, 0x5191,
    0xACF8, 0xFFFF, 0xFFFF, 0x9C57, 0x59B1, 0xF7BF, 0xFFFF, 0xE6DD, 0xE71D, 0xFFFF, 0xF7BE, 0x61B2,
    0x7253, 0xE6DD, 0xFFFF, 0xFFFF, 0xFFFF, 0xFFFF, 0xFFFF, 0xC519, 0x79B2, 0x69B2, 0xD65C, 0xFFFF,
    0xFFFF, 0xFFFF, 0xFFFF, 0xFFFF, 0xDE9C, 0x7192, 0x8294, 0xEF3E, 0xFFFF, 0xFFFF, 0xFFFF, 0xFFFF,
    0xFFFF, 0xBCD9, 0x79D3, 0x79D3, 0x79D3, 0x79D3, 0x79D3, 0x79D3, 0xAC17, 0xFFFF, 0xFFFF, 0xFFFF,
    0xFFFF, 0xFFFF, 0xFFFF, 0xBC98, 0x79B3, 0x7992, 0xDE7C, 0xFFFF, 0xF79E, 0xF7BE, 0xFFFF, 0xFFFF,
    0xFFFF, 0xDEFB, 0x18A5, 0x2947, 0xF7BE, 0xFFFF, 0xC618, 0x1045, 0x1065, 0x5ACC, 0xFFFF, 0xFFFF,
    0x736F, 0x1865, 0x1865, 0x1885, 0x1865, 0x1865, 0x20E6, 0xFFDF, 0xFFFF, 0xA535, 0x1044, 0x736E,
    0xFFFF, 0xFFFF, 0xAD35, 0x1064, 0x1065, 0x83F0, 0xFFDF, 0xFFFF, 0xFFFF, 0xFFFF, 0xFFFF, 0xEF7D,
    0x3989, 0x2927, 0xFFDF, 0xFFFF, 0xC618, 0x1865, 0x1886, 0x5AAD, 0xFFFF, 0xFFFF, 0x7BB0, 0x2086,
    0x2086, 0x2086, 0x2086, 0x2086, 0xEF7D, 0xFFFF, 0xFFFF, 0xFFFF, 0xFFFF, 0xFFFF, 0x41CA, 0x20C7,
    0xCE5A, 0xFFFF, 0xFFFF, 0xFFFF, 0xFFFF, 0xFFFF, 0xC639, 0x20A6, 0x1865, 0x1865, 0x1865, 0x1865,
    0x1865, 0x1865, 0x4A0A, 0xEF5D, 0xFFFF, 0xFFFF, 0xFFFF, 0xFFFF, 0xFFFF, 0x9414, 0x8BF4, 0xFFFF,
    0xFFFF, 0xFFFF, 0xFFFF, 0xFFFF, 0xCD9A, 0x6972, 0xE6DC, 0xFFFF, 0xFFFF, 0xFFFF, 0xFFFF, 0xFFFF,
    0xF79F, 0x7A94, 0x6192, 0x7A94, 0xFFFF, 0xFFFF, 0xD63B, 0xFFDF, 0xFFFF, 0xC59A, 0xDE9C, 0xFFFF,
    0xFFFF, 0xFFFF, 0xFFFF, 0xFFFF, 0x93B6, 0x5972, 0x5972, 0x5972, 0x5972, 0x5971, 0x5971, 0x5971,
    0x5971, 0x5171, 0x5171, 0x5171, 0x5171, 0x5151, 0x5150, 0x4950, 0x4950, 0x4950, 0x4971, 0x51B4,
    0x4993, 0x49B3, 0x4993, 0x4192, 0x4191, 0x416F, 0x416F, 0x416F, 0x416F, 0x4170, 0x4170, 0x4170,
    0x316F, 0x316F, 0x316E, 0x316E, 0x316D, 0x316D, 0x318F, 0x3190, 0x3990, 0x39B2, 0x39D3, 0x41D3,
    0x41B1, 0x416E, 0x416E, 0x416E, 0x394F, 0x416F, 0x416F, 0x4170, 0x4170, 0x4170, 0x4170, 0x4170,
    0x4170, 0x4170, 0x4970, 0x4970, 0x4970, 0x4970, 0x9436, 0xFFFF, 0xFFFF, 0x9C37, 0x6252, 0x7B35,
    0xE71D, 0xFFFF, 0xFFFF, 0x7AF4, 0x59B1, 0xF7BF, 0xFFFF, 0xFFDF, 0xDEDC, 0xC5BA, 0xBD5A, 0x5971,
    0xD63B, 0xFFFF, 0xE6FD, 0x8A53, 0x91D2, 0xD5DA, 0xFFFF, 0xFFFF, 0x7213, 0x9396, 0xFFFF, 0xFFFF,
    0xAC78, 0x6991, 0x7213, 0xA457, 0xCDBA, 0x6992, 0xCDDA, 0xFFFF, 0xFFDF, 0x9335, 0x71B2, 0x8274,
    0xBD19, 0xAC78, 0x71B2, 0x71B2, 0x71B2, 0x71B2, 0x71B2, 0x71B2, 0x8AD4, 0x9BB6, 0x8213, 0x79B2,
    0x8AB4, 0xEF3E, 0xFFFF, 0xEF5E, 0x79D3, 0x7172, 0xDE7C, 0xFFFF, 0xFFDF, 0xCDBA, 0xB4F8, 0xEF3E,
    0xFFFF, 0xFFFF, 0x62AE, 0x1845, 0xB576, 0xFFFF, 0xFFBF, 0x3147, 0x1064, 0xAD76, 0xFFFF, 0xEF7D,
    0x20C5, 0x1885, 0x1885, 0x1885, 0x1865, 0x1865, 0x20E6, 0xFFDF, 0xFFFF, 0xA535, 0x4A4B, 0xFFDF,
    0xFFFF, 0xC639, 0x1885, 0x1865, 0x4A2A, 0xFFFF, 0xFFFF, 0x8C52, 0x1885, 0x420A, 0xF79E, 0xFFFF,
    0xAD35, 0x1865, 0xAD76, 0xFFFF, 0xFFFF, 0x3148, 0x1866, 0xAD35, 0xFFFF, 0xF79E, 0x2907, 0x2086,
    0x2086, 0x2086, 0x2086, 0x2086, 0x4A0A, 0xEF5D, 0xFFFF, 0xE71C, 0x420A, 0x4A0A, 0x20C6, 0x9493,
    0xFFFF, 0xFFFF, 0xA515, 0x526C, 0xAD56, 0xFFFF, 0xFFFF, 0x8C52, 0x2065, 0x38CB, 0x40AC, 0x38CC,
    0x40CC, 0x38AC, 0xBDB8, 0xFFFF, 0xFFDF, 0x7AB3, 0x6172, 0x7A73, 0xBD39, 0x9C16, 0x69F2, 0xACB8,
    0xFFFF, 0xFFFF, 0xA437, 0x82D4, 0x7A53, 0x6992, 0x9BF6, 0x82B4, 0x69B2, 0x69D3, 0xA437, 0xFFFF,
    0xFFFF, 0xBCB8, 0x6171, 0x7A94, 0xFFFF, 0xFFFF, 0xFFBF, 0xD67C, 0xC59B, 0xA3F8, 0x7274, 0xDEBC,
    0xFFFF, 0xF7BF, 0x7274, 0x72B4, 0x61D2, 0x5972, 0x5972, 0x5972, 0x5172, 0x5171, 0x5171, 0x5171,
    0x5151, 0x5171, 0x5171, 0x5150, 0x5150, 0x4950, 0x4950, 0x4950, 0x4950, 0x4950, 0x4950, 0x4950,
    0x494F, 0x4971, 0x49B4, 0x41B3, 0x4193, 0x4192, 0x4192, 0x49B1, 0x418F, 0x416F, 0x416F, 0x416F,
    0x316E, 0x316E, 0x316F, 0x3170, 0x3170, 0x3170, 0x3991, 0x3991, 0x3991, 0x4190, 0x394E, 0x394E,
    0x394E, 0x396E, 0x396E, 0x396E, 0x396F, 0x396F, 0x416F, 0x4170, 0x4170, 0x4170, 0x4170, 0x4170,
    0x4170, 0x4170, 0x4170, 0x4170, 0x4170, 0x4170, 0x9436, 0xFFFF, 0xFFFF, 0xFFFF, 0xFFFF, 0xFFFF,
    0xFFFF, 0xFFFF, 0xC5FA, 0x5171, 0x59B1, 0xF7BF, 0xFFFF, 0xCDDB, 0x5151, 0x5171, 0x5171, 0x61F2,
    0xFFFF, 0xFFFF, 0xD5FA, 0xA3D6, 0x9BD6, 0xBD39, 0xFFFF, 0xFFFF, 0x9396, 0x93D6, 0xFFFF, 0xFFFF,
    0xEF1D, 0xC57A, 0x9BD6, 0x7233, 0x6152, 0x6192, 0xCDDB, 0xFFFF, 0xFFFF, 0xDE9C, 0xBD19, 0x9376,
    0x71F3, 0x6972, 0x6992, 0x6992, 0x6992, 0x6992, 0x6992, 0x7192, 0x7192, 0x79F3, 0x9B76, 0xB4B9,
    0xC57A, 0xEF5E, 0xFFFF, 0xF7BF, 0x7A13, 0x6952, 0xDE7C, 0xFFFF, 0xDE9C, 0x6972, 0x6971, 0xA3F7,
    0xFFFF, 0xFFFF, 0x9375, 0x5930, 0x8314, 0xFFFF, 0xFFFF, 0x83D2, 0x28E9, 0xF79E, 0xFFFF, 0x9CB3,
    0x1865, 0x1885, 0x1885, 0x1865, 0x1865, 0x1865, 0x20E6, 0xFFDF, 0xFFFF, 0xBDD7, 0xEF5D, 0xFFFF,
    0xE71C, 0x2927, 0x1865, 0x1865, 0x9CB3, 0xFFFF, 0xFFDF, 0x7BD0, 0x736E, 0x736E, 0xE71C, 0xFFFF,
    0xE71C, 0x18A5, 0x5AAC, 0xFFFF, 0xFFFF, 0x8C32, 0x28E7, 0xF79E, 0xFFFF, 0x9CD4, 0x1866, 0x1866,
    0x1886, 0x1886, 0x1886, 0x1886, 0x1866, 0xE73C, 0xFFFF, 0xDEDB, 0x1865, 0x2086, 0x1885, 0xDEFC,
    0xFFFF, 0xEF5D, 0x38ED, 0x38ED, 0x410E, 0xF77E, 0xFFFF, 0xDEBB, 0x40CE, 0x5931, 0x5931, 0x5931,
    0x5931, 0x5911, 0xC5DA, 0xFFFF, 0xFFFF, 0xD65C, 0xB4F8, 0x8B35, 0x6191, 0x5931, 0x5951, 0x9BF6,
    0xFFFF, 0xFFFF, 0x7332, 0x494F, 0x6192, 0x6192, 0x6192, 0x7A94, 0x9BF7, 0xB519, 0xCDDB, 0xFFFF,
    0xFFFF, 0xC539, 0x8992, 0x8AB4, 0xFFFF, 0xFFFF, 0x9BD7, 0x5972, 0x5992, 0x5992, 0x5972, 0xD65B,
    0xFFFF, 0xF79E, 0x5111, 0x5171, 0x5171, 0x5171, 0x5171, 0x5152, 0x5172, 0x5171, 0x5171, 0x5151,
    0x4951, 0x5151, 0x4951, 0x4951, 0x4950, 0x4950, 0x4950, 0x4950, 0x4950, 0x4950, 0x494F, 0x4950,
    0x4950, 0x4950, 0x414F, 0x412F, 0x4130, 0x4992, 0x4993, 0x49B3, 0x4191, 0x4171, 0x4172, 0x416F,
    0x294E, 0x294D, 0x294D, 0x210B, 0x20EB, 0x210B, 0x28E9, 0x20C8, 0x20C8, 0x20C8, 0x20C8, 0x20E8,
    0x20E8, 0x20E8, 0x20E8, 0x20E8, 0x28E9, 0x28E9, 0x28E9, 0x28E9, 0x28E9, 0x28E9, 0x28E9, 0x28E9,
    0x28E9, 0x28E9, 0x28E9, 0x28E9, 0x28E9, 0x28E9, 0x8413, 0xFFFF, 0xFFFF, 0xFFFF, 0xFFFF, 0xFFFF,
    0xEF5D, 0x8C72, 0x314A, 0x30EA, 0x312A, 0xF7BE, 0xFFFF, 0xBDB8, 0x30EA, 0x30EA, 0x30EA, 0x7292,
    0xFFFF, 0xFFFF, 0xFFFF, 0xFFFF, 0xFFFF, 0xFFFF, 0xFFFF, 0xFFFF, 0x83B2, 0x392B, 0xD6BB, 0xFFFF,
    0xFFFF, 0xFFFF, 0xFFFF, 0xFFDF, 0xA496, 0x30EA, 0x5A4E, 0xF79E, 0xFFFF, 0xFFFF, 0xFFFF, 0xFFFF,
    0xF79E, 0x72F1, 0x38EB, 0x38EB, 0x390B, 0x390B, 0x410B, 0x410B, 0x8BB3, 0xF79E, 0xFFFF, 0xFFFF,
    0xEF7D, 0xF7BE, 0xFFFF, 0xF7BE, 0x498C, 0x38EA, 0xD67B, 0xFFFF, 0xD69B, 0x38EA, 0x390A, 0x7B51,
    0xFFFF, 0xFFFF, 0x7351, 0x30EA, 0x30CA, 0xE73C, 0xFFFF, 0xDEDC, 0x7331, 0xFFFF, 0xFFFF, 0x39C8,
    0x1885, 0x1885, 0x1864, 0x1864, 0x1864, 0x1864, 0x20E6, 0xFFDF, 0xFFFF, 0xFFFF, 0xFFFF, 0xFFFF,
    0xD69A, 0x18A5, 0x1864, 0x1064, 0xB596, 0xFFFF, 0xFFFF, 0xFFFF, 0xFFFF, 0xFFFF, 0xFFFF, 0xFFFF,
    0xEF5D, 0x18A5, 0x1885, 0xE71C, 0xFFFF, 0xD6BB, 0x62ED, 0xFFFF, 0xFFFF, 0x41EA, 0x1885, 0x1885,
    0x1885, 0x1885, 0x1885, 0x1885, 0x1865, 0xE73C, 0xFFFF, 0xDEDB, 0x1887, 0x20C8, 0x3129, 0xEF7E,
    0xFFFF, 0xD69B, 0x28C9, 0x30CA, 0x28A9, 0xE71C, 0xFFFF, 0xEF5D, 0x28A9, 0x30EA, 0x30CA, 0x30EA,
    0x30EA, 0x30EA, 0x62AF, 0xF7BE, 0xFFFF, 0xFFFF, 0xFFFF, 0xFFFF, 0xEF7E, 0x628F, 0x30EA, 0x83B2,
    0xFFFF, 0xFFFF, 0x6B0F, 0x28EA, 0x310A, 0x416C, 0xC5DA, 0xFFFF, 0xFFFF, 0xFFDF, 0xEF5D, 0xFFFF,
    0xFFFF, 0xAD16, 0x390B, 0x624F, 0xFFFF, 0xFFFF, 0x83B2, 0x310A, 0x390A, 0x390A, 0x30EA, 0xCE3A,
    0xFFFF, 0xF79E, 0x28A9, 0x30EA, 0x30EA, 0x30EA, 0x30EA, 0x30EA, 0x30EA, 0x30EA, 0x28EA, 0x30EA,
    0x28E9, 0x28EA, 0x30EA, 0x28C9, 0x28E9, 0x28C9, 0x28C9, 0x28E9, 0x28C9, 0x28C9, 0x28C9, 0x28C9,
    0x28C9, 0x28C9, 0x28C9, 0x28C9, 0x28C9, 0x28C9, 0x28C9, 0x28CA, 0x310C, 0x312C, 0x292D, 0x314E,
    0x212C, 0x292D, 0x292B, 0x1064, 0x1063, 0x1064, 0x1084, 0x1084, 0x1084, 0x1084, 0x1084, 0x1084,
    0x1084, 0x1084, 0x1084, 0x1084, 0x1084, 0x1084, 0x1064, 0x1064, 0x1084, 0x1064, 0x1064, 0x1064,
    0x1064, 0x1084, 0x1084, 0x1084, 0x1084, 0x1064, 0x7BD0, 0xFFFF, 0xFFFF, 0x7BD0, 0x2106, 0x2106,
    0x18A5, 0x1064, 0x1064, 0x1084, 0x18A5, 0xF7BE, 0xFFFF, 0xB596, 0x1065, 0x30AB, 0x38CC, 0x49AC,
    0xFFFF, 0xFFFF, 0xA535, 0x2106, 0x2106, 0x2106, 0x2106, 0x2946, 0x18A4, 0x18C5, 0x20C5, 0x6B4E,
    0xAD76, 0xCE7A, 0xFFDF, 0xFFFF, 0xF7BE, 0x2105, 0x18A5, 0x2947, 0x8411, 0xB5B7, 0xDEDB, 0xFFFF,
    0xFFFF, 0xD69A, 0x1064, 0x1865, 0x1885, 0x1885, 0x1885, 0x18A5, 0xEF7D, 0xFFFF, 0xD6BA, 0x3187,
    0x18C5, 0xB596, 0xFFFF, 0xF7BE, 0x2927, 0x1084, 0xCE79, 0xFFFF, 0xD69A, 0x1064, 0x1884, 0x632D,
    0xFFFF, 0xFFFF, 0x630D, 0x1084, 0x1085, 0x8411, 0xFFFF, 0xFFFF, 0xDEFB, 0xFFFF, 0xC5F8, 0x1084,
    0x1084, 0x1084, 0x1084, 0x1084, 0x1084, 0x1084, 0x20E6, 0xFFDF, 0xFFFF, 0xEF5D, 0x9492, 0xFFFF,
    0xFFFF, 0x9492, 0x1064, 0x1084, 0x9CF4, 0xFFFF, 0xFFDF, 0x4209, 0x2106, 0x2126, 0x2126, 0x2106,
    0x2946, 0x1084, 0x1084, 0x8431, 0xFFFF, 0xFFFF, 0xE73C, 0xFFFF, 0xCE59, 0x1084, 0x1084, 0x1084,
    0x1084, 0x1084, 0x1084, 0x1084, 0x1084, 0xE73C, 0xFFFF, 0xDEDB, 0x1064, 0x1084, 0x1084, 0xE71C,
    0xFFFF, 0xE73C, 0x1084, 0x1084, 0x1084, 0xEF5D, 0xFFFF, 0xDEDB, 0x1064, 0x1885, 0x1885, 0x1885,
    0x1085, 0x1885, 0x18A5, 0x3168, 0x8C31, 0xBDB7, 0xDEFB, 0xFFFF, 0xFFFF, 0xBDF8, 0x1084, 0x738F,
    0xFFFF, 0xFFFF, 0x62ED, 0x1085, 0x1085, 0x632D, 0xFFFF, 0xFFFF, 0x8411, 0x2906, 0x2947, 0xFFDF,
    0xFFFF, 0xA514, 0x18A5, 0x4209, 0xFFFF, 0xFFFF, 0x8BB3, 0x40EB, 0x18A6, 0x1085, 0x1064, 0xC639,
    0xFFFF, 0xF79E, 0x1064, 0x1885, 0x1085, 0x1885, 0x1085, 0x1085, 0x1085, 0x1085, 0x1085, 0x1085,
    0x1064, 0x1065, 0x1085, 0x1084, 0x1084, 0x1084, 0x1084, 0x1884, 0x1084, 0x1084, 0x1084, 0x1065,
    0x1065, 0x1065, 0x1065, 0x1065, 0x1885, 0x1885, 0x1885, 0x1885, 0x1885, 0x1885, 0x18A6, 0x292C,
    0x1084, 0x1084, 0x1084, 0x1084, 0x1084, 0x1084, 0x1084, 0x1084, 0x1084, 0x1084, 0x1084, 0x1084,
    0x1084, 0x1084, 0x1084, 0x1084, 0x1084, 0x1084, 0x1084, 0x1084, 0x1084, 0x1084, 0x1084, 0x1084,
    0x1084, 0x1084, 0x1084, 0x1084, 0x1084, 0x1084, 0x7BD0, 0xFFFF, 0xFFFF, 0x738E, 0x1084, 0x1084,
    0x1084, 0x1084, 0x1085, 0x1085, 0x18C5, 0xF7BE, 0xFFFF, 0xC5BA, 0x490F, 0x30CA, 0x28C9, 0x18A5,
    0xDEDB, 0xFFFF, 0xFFDF, 0x7BF0, 0x39A8, 0x3167, 0x6B6F, 0xCE7A, 0x39A8, 0x8431, 0x9CF4, 0x3188,
    0x1064, 0x1084, 0xBDD7, 0xFFFF, 0xFFDF, 0x2106, 0xBDF8, 0x8411, 0x2126, 0x1064, 0x18C5, 0xEF7D,
    0xFFFF, 0xD67A, 0x1064, 0x1885, 0x1885, 0x1885, 0x1885, 0x2947, 0xFFDF, 0xFFFF, 0xB596, 0x1064,
    0x18E5, 0xCE79, 0xFFFF, 0xF7BE, 0x2126, 0x1064, 0xCE79, 0xFFFF, 0xD69A, 0x1064, 0x1084, 0x630D,
    0xFFFF, 0xFFFF, 0x630D, 0x1084, 0x1084, 0x31A8, 0xFFDF, 0xFFFF, 0xFFFF, 0xFFFF, 0x630D, 0x1084,
    0x1084, 0x1084, 0x1084, 0x1084, 0x1084, 0x1084, 0x2106, 0xFFDF, 0xFFFF, 0xA515, 0x18C5, 0xCE7A,
    0xFFFF, 0xFFDF, 0x4A6B, 0x1084, 0x5AEC, 0xFFFF, 0xFFFF, 0xCE59, 0x528B, 0x2126, 0x4A2A, 0x94B3,
    0xAD76, 0x1064, 0x1084, 0x2967, 0xFFDF, 0xFFFF, 0xFFFF, 0xFFFF, 0x630D, 0x1084, 0x1084, 0x1084,
    0x1084, 0x1084, 0x1084, 0x1084, 0x1084, 0xDEDB, 0xFFFF, 0xEF7D, 0x20E5, 0x18A5, 0x1064, 0xA515,
    0xFFFF, 0xFFFF, 0x8410, 0x3167, 0x8C31, 0xFFFF, 0xFFFF, 0x9CB3, 0x1865, 0x1885, 0x1885, 0x1885,
    0x1885, 0x1885, 0xC618, 0x7BD0, 0x2106, 0x1044, 0x2105, 0xFFDF, 0xFFFF, 0xC618, 0x1085, 0x632E,
    0xFFFF, 0xFFFF, 0x8411, 0x1065, 0x18A5, 0x8C31, 0xFFFF, 0xFFFF, 0x5AAC, 0x1085, 0x420A, 0xFFFF,
    0xFFFF, 0xA514, 0x1885, 0x41E9, 0xFFFF, 0xFFFF, 0x8BB3, 0x490C, 0x512D, 0x410B, 0x1885, 0xBDB7,
    0xFFFF, 0xFFDF, 0x2106, 0x18A5, 0x18A5, 0x1085, 0x1885, 0x1885, 0x1885, 0x1065, 0x1065, 0x1865,
    0x1064, 0x1085, 0x1085, 0x1085, 0x1085, 0x1085, 0x1065, 0x1065, 0x1065, 0x1065, 0x1065, 0x1085,
    0x1085, 0x1085, 0x1065, 0x1065, 0x1065, 0x1865, 0x1065, 0x1865, 0x1885, 0x1085, 0x1885, 0x1885,
    0x1084, 0x1084, 0x1084, 0x1084, 0x1084, 0x1084, 0x1084, 0x1084, 0x1084, 0x1084, 0x1084, 0x1084,
    0x1084, 0x1084, 0x1084, 0x1084, 0x1084, 0x1084, 0x1084, 0x1084, 0x1084, 0x1084, 0x1084, 0x1084,
    0x1084, 0x1084, 0x1084, 0x1084, 0x1084, 0x1084, 0x7BD0, 0xFFFF, 0xFFFF, 0x738E, 0x1084, 0x1084,
    0x1084, 0x1084, 0x1885, 0x1884, 0x18C5, 0xF7BE, 0xFFFF, 0xBD98, 0x20A8, 0x1865, 0x1084, 0x1085,
    0x41E9, 0xEF7D, 0xFFFF, 0xFFFF, 0xFFFF, 0xFFFF, 0xFFFF, 0xFFFF, 0x39A8, 0x8C32, 0xFFFF, 0xFFFF,
    0xF79E, 0xF79E, 0xFFFF, 0xFFFF, 0x9CF4, 0x0844, 0xCE7A, 0xFFFF, 0xFFDF, 0xEF7D, 0xF7BE, 0xFFFF,
    0xFFDF, 0x632E, 0x1085, 0x1885, 0x1885, 0x1885, 0x1885, 0x1065, 0xCE59, 0xFFFF, 0xFFFF, 0xF79E,
    0xF7BE, 0xF7BE, 0xFFFF, 0xF7BE, 0x2126, 0x1064, 0xCE79, 0xFFFF, 0xD69A, 0x1064, 0x1084, 0x630D,
    0xFFFF, 0xFFFF, 0x630D, 0x1084, 0x1084, 0x1084, 0xBDD7, 0xFFFF, 0xFFFF, 0xE73D, 0x1084, 0x1084,
    0x1084, 0x1084, 0x1084, 0x1084, 0x1084, 0x1084, 0x2106, 0xFFDF, 0xFFFF, 0xA535, 0x1084, 0x4209,
    0xFFDF, 0xFFFF, 0xDEDB, 0x18E5, 0x1084, 0x9CD4, 0xFFFF, 0xFFFF, 0xFFFF, 0xFFFF, 0xFFFF, 0xFFFF,
    0xB5B7, 0x1064, 0x1084, 0x1084, 0xB5B6, 0xFFFF, 0xFFFF, 0xE73C, 0x20E5, 0x1084, 0x1084, 0x1084,
    0x1084, 0x1084, 0x1084, 0x1084, 0x1084, 0x9CF4, 0xFFFF, 0xFFFF, 0xF7BE, 0xF7BE, 0x41E9, 0x2927,
    0xE71C, 0xFFFF, 0xFFFF, 0xFFFF, 0xFFFF, 0xFFFF, 0xDEDB, 0x20E6, 0x1085, 0x1085, 0x1065, 0x1085,
    0x1085, 0x1085, 0xD69A, 0xFFFF, 0xFFDF, 0xEF7D, 0xF7BE, 0xFFFF, 0xFFDF, 0x52AC, 0x1085, 0x3168,
    0xFFDF, 0xFFFF, 0xFFFF, 0xF77E, 0xAD75, 0x420A, 0xFFDF, 0xFFFF, 0xFFDF, 0xEF7D, 0xF7BE, 0xFFFF,
    0xFFFF, 0xA514, 0x1885, 0x41E9, 0xFFFF, 0xFFFF, 0x738F, 0x1885, 0x492C, 0x512D, 0x590F, 0x9454,
    0xFFFF, 0xFFFF, 0xF7BE, 0xF79E, 0x6B2E, 0x1885, 0x1885, 0x1885, 0x1085, 0x1065, 0x1085, 0x1084,
    0x1065, 0x1065, 0x1085, 0x1085, 0x1085, 0x1085, 0x1065, 0x1065, 0x1065, 0x1065, 0x1065, 0x1065,
    0x1065, 0x1065, 0x1064, 0x1065, 0x1065, 0x1085, 0x1065, 0x1065, 0x1065, 0x1065, 0x1065, 0x1065,
    0x1084, 0x1084, 0x1084, 0x1084, 0x1084, 0x1084, 0x1084, 0x1084, 0x1084, 0x1084, 0x1084, 0x1084,
    0x1084, 0x1084, 0x1084, 0x1084, 0x1084, 0x1084, 0x1084, 0x1084, 0x1084, 0x1084, 0x1084, 0x1084,
    0x1084, 0x1084, 0x1084, 0x1084, 0x1084, 0x1084, 0x528B, 0xA514, 0xA514, 0x4A4A, 0x1084, 0x1084,
    0x1084, 0x1084, 0x18A4, 0x28AA, 0x4931, 0xAD16, 0xA534, 0x73AF, 0x1064, 0x1084, 0x1085, 0x1084,
    0x1064, 0x2947, 0x8C51, 0xCE59, 0xDEDB, 0xD6BA, 0xBDD7, 0x738F, 0x18C5, 0x3168, 0x9492, 0xC638,
    0xDEDB, 0xD6BA, 0xBDD7, 0x630D, 0x1885, 0x1065, 0x526B, 0xA514, 0xCE79, 0xDEDB, 0xD69A, 0xAD55,
    0x420A, 0x1065, 0x1085, 0x1085, 0x1885, 0x1885, 0x1885, 0x1885, 0x2947, 0xAD55, 0xDEDB, 0xCE59,
    0x6B6E, 0x73AF, 0xA534, 0x9CF4, 0x18E5, 0x1064, 0x8431, 0xA534, 0x8C31, 0x1064, 0x1084, 0x4229,
    0xA534, 0xA534, 0x4209, 0x1084, 0x1084, 0x1084, 0x738F, 0xFFFF, 0xFFFF, 0x8C52, 0x1084, 0x1084,
    0x1084, 0x1084, 0x1084, 0x1084, 0x1084, 0x1084, 0x18C5, 0xA514, 0xA534, 0x6B4E, 0x1084, 0x1084,
    0x738E, 0xA534, 0xA534, 0x4A4A, 0x1084, 0x10A4, 0x52AB, 0xB596, 0xD6BA, 0xDEDB, 0xCE79, 0xA4F4,
    0x41E9, 0x1084, 0x1084, 0x1084, 0x738F, 0xFFFF, 0xFFFF, 0x9492, 0x1084, 0x1084, 0x1084, 0x1084,
    0x1084, 0x1084, 0x1084, 0x1084, 0x1084, 0x2106, 0x9492, 0xD69A, 0xDEDB, 0xCE79, 0x3188, 0x1885,
    0x2927, 0x8C52, 0xCE79, 0xDEDB, 0xCE79, 0x8C51, 0x2106, 0x1085, 0x1085, 0x1085, 0x1085, 0x1085,
    0x1085, 0x1085, 0x526B, 0xA514, 0xCE7A, 0xDEDB, 0xD69A, 0xA535, 0x39C9, 0x1065, 0x1085, 0x1085,
    0x5ACD, 0xBDF8, 0xDEDB, 0xD6BA, 0x8431, 0x1085, 0x5AED, 0xCE59, 0xDEDB, 0xAD76, 0x4229, 0xA514,
    0xA535, 0x6B4E, 0x1085, 0x3168, 0xA535, 0xA535, 0x526B, 0x1885, 0x18A5, 0x20A6, 0x38EA, 0x594F,
    0xB499, 0xD69A, 0xDEDB, 0xCE79, 0x4A4B, 0x1065, 0x1065, 0x1065, 0x1065, 0x1065, 0x1065, 0x1084,
    0x1085, 0x1085, 0x1085, 0x1085, 0x1085, 0x1065, 0x1065, 0x1065, 0x1065, 0x1065, 0x1065, 0x1065,
    0x1065, 0x1065, 0x1065, 0x1065, 0x1065, 0x1065, 0x1065, 0x1065, 0x1065, 0x1065, 0x1065, 0x1065,
    0x1084, 0x1084, 0x1084, 0x1084, 0x1084, 0x1084, 0x1084, 0x1084, 0x1084, 0x1084, 0x1084, 0x1084,
    0x1084, 0x1084, 0x1084, 0x1084, 0x1084, 0x1084, 0x1084, 0x1084, 0x1084, 0x1084, 0x1084, 0x1084,
    0x1084, 0x1084, 0x1084, 0x1084, 0x1084, 0x1084, 0x1084, 0x1084, 0x1064, 0x1084, 0x1084, 0x1085,
    0x1085, 0x28CA, 0x5170, 0x414D, 0x28C8, 0x18A6, 0x1084, 0x1084, 0x1084, 0x1084, 0x1084, 0x1084,
    0x1084, 0x1084, 0x1084, 0x1084, 0x1064, 0x1084, 0x1084, 0x1084, 0x1084, 0x1084, 0x1084, 0x1064,
    0x1064, 0x1064, 0x1064, 0x1064, 0x1085, 0x1085, 0x1085, 0x1065, 0x1064, 0x1064, 0x1064, 0x1065,
    0x1085, 0x1085, 0x1085, 0x1885, 0x1885, 0x1885, 0x1885, 0x1885, 0x1885, 0x1084, 0x1064, 0x1064,
    0x1084, 0x1084, 0x1084, 0x1084, 0x1084, 0x1084, 0x1084, 0x1084, 0x1084, 0x1084, 0x1084, 0x1084,
    0x1084, 0x1084, 0x1084, 0x1084, 0x1084, 0x1084, 0xBDF8, 0xFFFF, 0xF7BE, 0x2967, 0x1084, 0x1084,
    0x1084, 0x1084, 0x1084, 0x1084, 0x1084, 0x1084, 0x1084, 0x1084, 0x1084, 0x1084, 0x1084, 0x1084,
    0x1084, 0x1084, 0x1084, 0x1084, 0x1084, 0x1084, 0x1084, 0x1084, 0x1064, 0x1064, 0x1064, 0x1084,
    0x1084, 0x1084, 0x1084, 0x1084, 0xBDF7, 0xFFFF, 0xFFDF, 0x3167, 0x1084, 0x1084, 0x1084, 0x1084,
    0x1084, 0x1084, 0x1084, 0x1084, 0x1084, 0x1084, 0x1084, 0x1064, 0x1064, 0x1064, 0x1085, 0x1885,
    0x1085, 0x1085, 0x1064, 0x1064, 0x1064, 0x1084, 0x1885, 0x1085, 0x1085, 0x1085, 0x1085, 0x1085,
    0x1085, 0x1085, 0x1085, 0x1065, 0x1064, 0x1064, 0x1064, 0x1065, 0x1085, 0x1085, 0x1085, 0x1085,
    0x1085, 0x1064, 0x1064, 0x1064, 0x1085, 0x1085, 0x1085, 0x1064, 0x1064, 0x1065, 0x1085, 0x1085,
    0x1085, 0x1085, 0x1085, 0x1085, 0x1085, 0x1085, 0x1085, 0x1885, 0x1885, 0x1885, 0x1885, 0x28C8,
    0x40EB, 0x6130, 0x38CA, 0x1045, 0x1085, 0x1085, 0x1065, 0x1065, 0x1065, 0x1065, 0x1085, 0x1085,
    0x1085, 0x1085, 0x1065, 0x1065, 0x1064, 0x1065, 0x1064, 0x1065, 0x1065, 0x1065, 0x1065, 0x1065,
    0x1065, 0x1065, 0x1065, 0x1065, 0x1065, 0x1065, 0x1065, 0x1065, 0x1065, 0x1065, 0x1065, 0x1065,
    0x1084, 0x1084, 0x1084, 0x1084, 0x1084, 0x1084, 0x1084, 0x1084, 0x1084, 0x1084, 0x1084, 0x1084,
    0x1084, 0x1084, 0x1084, 0x1084, 0x1084, 0x1084, 0x1084, 0x1084, 0x1084, 0x1084, 0x1084, 0x1084,
    0x1084, 0x1084, 0x1084, 0x1084, 0x1084, 0x1084, 0x1084, 0x1084, 0x1084, 0x1064, 0x1065, 0x2089,
    0x4110, 0x392C, 0x20C8, 0x20C6, 0x1084, 0x1084, 0x1084, 0x1084, 0x1084, 0x1084, 0x1084, 0x1084,
    0x1084, 0x1084, 0x1084, 0x1084, 0x1084, 0x1084, 0x1084, 0x1084, 0x1084, 0x1084, 0x1084, 0x1084,
    0x1084, 0x1084, 0x1084, 0x1084, 0x1084, 0x1084, 0x1084, 0x1085, 0x1065, 0x1085, 0x1084, 0x1085,
    0x1085, 0x1085, 0x1085, 0x1085, 0x1885, 0x1885, 0x18A5, 0x18A5, 0x1885, 0x1084, 0x1084, 0x1084,
    0x1084, 0x1084, 0x1084, 0x1084, 0x1084, 0x1084, 0x1084, 0x1084, 0x1084, 0x1084, 0x1084, 0x1084,
    0x1084, 0x1084, 0x1084, 0x1084, 0x1084, 0x39E9, 0xFFDF, 0xFFFF, 0xBDD7, 0x1064, 0x1084, 0x1084,
    0x1084, 0x1084, 0x1084, 0x1084, 0x1084, 0x1084, 0x1084, 0x1084, 0x1084, 0x1084, 0x1084, 0x1084,
    0x1084, 0x1084, 0x1084, 0x1084, 0x1084, 0x1084, 0x1084, 0x1084, 0x1084, 0x1084, 0x1084, 0x1084,
    0x1084, 0x1084, 0x1084, 0x39C8, 0xFFDF, 0xFFFF, 0xBDD7, 0x1064, 0x1084, 0x1084, 0x1084, 0x1084,
    0x1084, 0x1084, 0x1084, 0x1084, 0x1084, 0x1084, 0x1084, 0x1084, 0x1084, 0x1084, 0x1085, 0x1085,
    0x1085, 0x1085, 0x1085, 0x1085, 0x1085, 0x1085, 0x1085, 0x1085, 0x1085, 0x1085, 0x1065, 0x1085,
    0x1085, 0x1085, 0x1085, 0x1085, 0x1085, 0x1085, 0x1085, 0x1085, 0x1085, 0x1085, 0x1085, 0x1084,
    0x1084, 0x1085, 0x1085, 0x1085, 0x1084, 0x1085, 0x1085, 0x1085, 0x1085, 0x1085, 0x1085, 0x1085,
    0x1085, 0x1085, 0x1885, 0x1085, 0x1085, 0x1085, 0x1085, 0x1085, 0x1085, 0x1085, 0x1885, 0x1885,
    0x1885, 0x28A7, 0x50EE, 0x6931, 0x30A8, 0x2086, 0x1085, 0x1085, 0x1085, 0x1065, 0x1085, 0x1064,
    0x1065, 0x1065, 0x1065, 0x1065, 0x1085, 0x1085, 0x1064, 0x1065, 0x1065, 0x1065, 0x1065, 0x1065,
    0x1065, 0x1065, 0x1065, 0x1065, 0x1065, 0x1065, 0x1065, 0x1065, 0x1065, 0x1065, 0x1065, 0x1065,
    0x1084, 0x1084, 0x1084, 0x1084, 0x1084, 0x1084, 0x1084, 0x1084, 0x1084, 0x1084, 0x1084, 0x1084,
    0x1084, 0x1084, 0x1084, 0x1084, 0x1084, 0x1084, 0x1084, 0x1084, 0x1084, 0x1084, 0x1084, 0x1084,
    0x1084, 0x1084, 0x1084, 0x1084, 0x1084, 0x1084, 0x1084, 0x1084, 0x1065, 0x20AA, 0x4150, 0x392D,
    0x1886, 0x1885, 0x1064, 0x1084, 0x1084, 0x1084, 0x1084, 0x1084, 0x1084, 0x1084, 0x1084, 0x1084,
    0x1084, 0x1084, 0x1084, 0x1084, 0x1084, 0x1084, 0x1084, 0x1084, 0x1084, 0x1084, 0x1084, 0x1084,
    0x1084, 0x1084, 0x1084, 0x1084, 0x1084, 0x1084, 0x1084, 0x1084, 0x1084, 0x1084, 0x1085, 0x1085,
    0x1084, 0x1085, 0x1085, 0x1085, 0x1085, 0x1885, 0x1885, 0x18A5, 0x1885, 0x1084, 0x1084, 0x1084,
    0x1084, 0x1084, 0x1084, 0x1084, 0x1084, 0x1084, 0x1084, 0x1084, 0x1084, 0x1084, 0x1084, 0x1084,
    0x1084, 0x1084, 0x1084, 0x1084, 0x1084, 0x4209, 0x7BF0, 0x7BF0, 0x39E9, 0x1084, 0x1084, 0x1084,
    0x1084, 0x1084, 0x1084, 0x1084, 0x1084, 0x1084, 0x1084, 0x1084, 0x1084, 0x1084, 0x1084, 0x1084,
    0x1084, 0x1084, 0x1084, 0x1084, 0x1084, 0x1084, 0x1084, 0x1084, 0x1084, 0x1084, 0x1084, 0x1084,
    0x1084, 0x1084, 0x1084, 0x4209, 0x7BF0, 0x7BF0, 0x39E9, 0x1084, 0x1084, 0x1084, 0x1084, 0x1084,
    0x1084, 0x1084, 0x1084, 0x1084, 0x1084, 0x1084, 0x1084, 0x1084, 0x1084, 0x1084, 0x1085, 0x1085,
    0x1085, 0x1085, 0x1085, 0x1085, 0x1065, 0x1084, 0x1084, 0x1085, 0x1085, 0x1085, 0x1085, 0x1085,
    0x1084, 0x1084, 0x1085, 0x1085, 0x1085, 0x1085, 0x1084, 0x1084, 0x1084, 0x1084, 0x1085, 0x1084,
    0x1084, 0x1085, 0x1085, 0x1084, 0x1084, 0x1085, 0x1085, 0x1085, 0x1085, 0x1085, 0x1085, 0x1085,
    0x1085, 0x1085, 0x1085, 0x1085, 0x1085, 0x1085, 0x1085, 0x1085, 0x1085, 0x1085, 0x1085, 0x1865,
    0x1065, 0x1885, 0x1886, 0x2887, 0x7130, 0x692F, 0x2086, 0x1885, 0x1085, 0x1065, 0x1084, 0x1065,
    0x1064, 0x1065, 0x1065, 0x1065, 0x1064, 0x1064, 0x1064, 0x1065, 0x1065, 0x1065, 0x1085, 0x1065,
    0x1065, 0x1065, 0x1065, 0x1065, 0x1065, 0x1065, 0x1064, 0x1065, 0x1065, 0x1065, 0x1065, 0x1065,
    0x1084, 0x1084, 0x1084, 0x1084, 0x1084, 0x1084, 0x1084, 0x1084, 0x1084, 0x1084, 0x1084, 0x1084,
    0x1084, 0x1084, 0x1084, 0x1084, 0x1084, 0x1084, 0x1084, 0x1084, 0x1084, 0x1084, 0x1084, 0x1084,
    0x1084, 0x1084, 0x1084, 0x1084, 0x1084, 0x1064, 0x1085, 0x20A9, 0x4150, 0x392D, 0x18A7, 0x18A6,
    0x1064, 0x1084, 0x1084, 0x1084, 0x1064, 0x1084, 0x1084, 0x1084, 0x1084, 0x1084, 0x1084, 0x1084,
    0x1084, 0x1084, 0x1084, 0x1084, 0x1084, 0x1084, 0x1084, 0x1084, 0x1084, 0x1084, 0x1084, 0x1084,
    0x1084, 0x1084, 0x1084, 0x1084, 0x1084, 0x1084, 0x1084, 0x1084, 0x1084, 0x1084, 0x1084, 0x1084,
    0x1084, 0x1084, 0x1085, 0x1085, 0x1085, 0x1085, 0x1085, 0x18A5, 0x1885, 0x1084, 0x1084, 0x1084,
    0x1084, 0x1084, 0x1084, 0x1084, 0x1084, 0x1084, 0x1084, 0x1084, 0x1084, 0x1084, 0x1084, 0x1084,
    0x1084, 0x1084, 0x1084, 0x1084, 0x1084, 0x1084, 0x1084, 0x1084, 0x1084, 0x1084, 0x1084, 0x1084,
    0x1084, 0x1084, 0x1084, 0x1084, 0x1084, 0x1084, 0x1084, 0x1084, 0x1084, 0x1084, 0x1084, 0x1084,
    0x1084, 0x1084, 0x1084, 0x1084, 0x1084, 0x1084, 0x1084, 0x1084, 0x1084, 0x1084, 0x1084, 0x1084,
    0x1084, 0x1084, 0x1084, 0x1084, 0x1084, 0x1084, 0x1084, 0x1084, 0x1084, 0x1084, 0x1084, 0x1084,
    0x1084, 0x1084, 0x1084, 0x1084, 0x1084, 0x1084, 0x1084, 0x1084, 0x1084, 0x1084, 0x1084, 0x1085,
    0x1085, 0x1084, 0x1084, 0x1084, 0x1084, 0x1064, 0x1085, 0x1085, 0x1084, 0x1084, 0x1084, 0x1084,
    0x1084, 0x1084, 0x1084, 0x1084, 0x1084, 0x1085, 0x1085, 0x1084, 0x1084, 0x1084, 0x1084, 0x1084,
    0x1084, 0x1084, 0x1084, 0x1084, 0x1084, 0x1084, 0x1084, 0x1085, 0x1084, 0x1085, 0x1085, 0x1085,
    0x1085, 0x1085, 0x1085, 0x1085, 0x1085, 0x1085, 0x1085, 0x1085, 0x1085, 0x1085, 0x1065, 0x1065,
    0x1064, 0x1085, 0x1885, 0x1885, 0x2086, 0x38AA, 0x7951, 0x40CB, 0x2086, 0x1065, 0x1085, 0x1065,
    0x1064, 0x1065, 0x1064, 0x1065, 0x1065, 0x1065, 0x1064, 0x1065, 0x1065, 0x1065, 0x1065, 0x1065,
    0x1065, 0x1065, 0x1065, 0x1065, 0x1065, 0x1064, 0x1064, 0x1065, 0x1065, 0x1065, 0x1065, 0x1065,
    0x1084, 0x1084, 0x1084, 0x1084, 0x1084, 0x1084, 0x1084, 0x1084, 0x1084, 0x1084, 0x1084, 0x1084,
    0x1084, 0x1084, 0x1084, 0x1084, 0x1084, 0x1084, 0x1084, 0x1084, 0x1084, 0x1084, 0x1084, 0x1084,
    0x1084, 0x1084, 0x1084, 0x1064, 0x1866, 0x1867, 0x4130, 0x392E, 0x18A6, 0x18A6, 0x1084, 0x1064,
    0x1064, 0x1064, 0x1064, 0x1064, 0x1084, 0x1084, 0x1084, 0x1084, 0x1084, 0x1084, 0x1084, 0x1084,
    0x1084, 0x1084, 0x1084, 0x1084, 0x1084, 0x1084, 0x1084, 0x1084, 0x1084, 0x1084, 0x1084, 0x1084,
    0x1084, 0x1084, 0x1084, 0x1084, 0x1084, 0x1084, 0x1084, 0x1084, 0x1084, 0x1084, 0x1084, 0x1084,
    0x1084, 0x1084, 0x1084, 0x1085, 0x1085, 0x1085, 0x1085, 0x18A5, 0x18A5, 0x1084, 0x1084, 0x1084,
    0x1084, 0x1084, 0x1084, 0x1084, 0x1084, 0x1084, 0x1084, 0x1084, 0x1084, 0x1084, 0x1084, 0x1084,
    0x1084, 0x1084, 0x1084, 0x1084, 0x1084, 0x1084, 0x1084, 0x1084, 0x1084, 0x1084, 0x1084, 0x1084,
    0x1084, 0x1084, 0x1084, 0x1084, 0x1084, 0x1084, 0x1084, 0x1084, 0x1084, 0x1084, 0x1084, 0x1084,
    0x1084, 0x1084, 0x1084, 0x1084, 0x1084, 0x1084, 0x1084, 0x1084, 0x1084, 0x1084, 0x1084, 0x1084,
    0x1084, 0x1084, 0x1084, 0x1084, 0x1084, 0x1084, 0x1084, 0x1084, 0x1084, 0x1084, 0x1084, 0x1084,
    0x1084, 0x1084, 0x1084, 0x1084, 0x1084, 0x1084, 0x1084, 0x1084, 0x1084, 0x1084, 0x1885, 0x1085,
    0x1085, 0x1084, 0x1084, 0x1084, 0x1084, 0x1084, 0x1084, 0x1084, 0x1084, 0x1084, 0x1064, 0x1084,
    0x1064, 0x1084, 0x1084, 0x1064, 0x1084, 0x1084, 0x1084, 0x1084, 0x1084, 0x1084, 0x1084, 0x1084,
    0x1084, 0x1064, 0x1084, 0x1084, 0x1084, 0x1084, 0x1084, 0x1084, 0x1084, 0x1085, 0x1085, 0x1085,
    0x1085, 0x1085, 0x1085, 0x1084, 0x1084, 0x1084, 0x1084, 0x1085, 0x1085, 0x1085, 0x1065, 0x1064,
    0x1085, 0x1085, 0x1085, 0x1085, 0x1085, 0x1885, 0x2086, 0x590D, 0x6930, 0x38AA, 0x2887, 0x1064,
    0x1064, 0x1065, 0x1064, 0x1064, 0x1065, 0x1065, 0x1064, 0x1064, 0x1065, 0x1065, 0x1065, 0x1065,
    0x1065, 0x1065, 0x1065, 0x1064, 0x1064, 0x1064, 0x1065, 0x1065, 0x1065, 0x1065, 0x1065, 0x1064,
    0x1064, 0x1084, 0x1084, 0x1084, 0x1084, 0x1084, 0x1064, 0x1084, 0x1084, 0x1084, 0x1084, 0x1084,
    0x1084, 0x1084, 0x1084, 0x1084, 0x1084, 0x1084, 0x1084, 0x1084, 0x1064, 0x1084, 0x1084, 0x1084,
    0x1064, 0x1064, 0x1887, 0x2088, 0x4130, 0x4950, 0x20A7, 0x18A5, 0x1064, 0x1084, 0x1084, 0x1064,
    0x1064, 0x1064, 0x1084, 0x1084, 0x1084, 0x1084, 0x1084, 0x1084, 0x1064, 0x1084, 0x1084, 0x1084,
    0x1084, 0x1084, 0x1084, 0x1084, 0x1084, 0x1084, 0x1084, 0x1084, 0x1084, 0x1084, 0x1084, 0x1084,
    0x1084, 0x1084, 0x1084, 0x1084, 0x1084, 0x1084, 0x1084, 0x1084, 0x1084, 0x1084, 0x1084, 0x1084,
    0x1064, 0x1064, 0x1084, 0x1084, 0x1084, 0x1085, 0x1085, 0x18A5, 0x1085, 0x1084, 0x1084, 0x1084,
    0x1084, 0x1084, 0x1084, 0x1084, 0x1084, 0x1084, 0x1084, 0x1084, 0x1084, 0x1084, 0x1084, 0x1084,
    0x1084, 0x1084, 0x1084, 0x1084, 0x1084, 0x1084, 0x1084, 0x1084, 0x1084, 0x1084, 0x1084, 0x1084,
    0x1084, 0x1084, 0x1084, 0x1084, 0x1084, 0x1084, 0x1084, 0x1084, 0x1084, 0x1084, 0x1084, 0x1084,
    0x1084, 0x1084, 0x1084, 0x1084, 0x1084, 0x1084, 0x1084, 0x1084, 0x1084, 0x1084, 0x1084, 0x1084,
    0x1084, 0x1084, 0x1084, 0x1084, 0x1084, 0x1084, 0x1084, 0x1084, 0x1084, 0x1084, 0x1084, 0x1084,
    0x1084, 0x1084, 0x1084, 0x1084, 0x1084, 0x1084, 0x1084, 0x1084, 0x1084, 0x1084, 0x1084, 0x1085,
    0x1084, 0x1084, 0x1084, 0x1084, 0x1084, 0x1084, 0x1084, 0x1084, 0x1084, 0x1084, 0x1084, 0x1064,
    0x1064, 0x1064, 0x1084, 0x1064, 0x1084, 0x1084, 0x1084, 0x1084, 0x1084, 0x1084, 0x1084, 0x1084,
    0x1064, 0x1064, 0x1064, 0x1084, 0x1084, 0x1084, 0x1084, 0x1064, 0x1084, 0x1084, 0x1084, 0x1084,
    0x1084, 0x1084, 0x1084, 0x1084, 0x1084, 0x1084, 0x1084, 0x1085, 0x1085, 0x1085, 0x1085, 0x1084,
    0x1085, 0x1084, 0x1064, 0x1065, 0x1065, 0x1065, 0x1085, 0x1085, 0x2889, 0x6952, 0x592F, 0x38A9,
    0x1866, 0x1064, 0x1064, 0x1064, 0x1064, 0x1065, 0x1064, 0x1064, 0x1064, 0x1065, 0x1064, 0x1064,
    0x1064, 0x1064, 0x1064, 0x1064, 0x1064, 0x1064, 0x1064, 0x1064, 0x1065, 0x1064, 0x1064, 0x1064,
    0x1084, 0x1084, 0x1064, 0x1064, 0x1064, 0x1084, 0x1084, 0x1064, 0x1064, 0x1084, 0x1084, 0x1084,
    0x1084, 0x1084, 0x1084, 0x1084, 0x1084, 0x1084, 0x1064, 0x1064, 0x1084, 0x1084, 0x1084, 0x1084,
    0x20A7, 0x20A8, 0x4150, 0x4170, 0x20A7, 0x1085, 0x1084, 0x1084, 0x1064, 0x1084, 0x1064, 0x1084,
    0x1064, 0x1084, 0x1084, 0x1084, 0x1064, 0x1084, 0x1084, 0x1084, 0x1064, 0x1084, 0x1084, 0x1084,
    0x1084, 0x1084, 0x1084, 0x1084, 0x1084, 0x1084, 0x1084, 0x1084, 0x1084, 0x1084, 0x1084, 0x1084,
    0x1084, 0x1084, 0x1084, 0x1084, 0x1084, 0x1084, 0x1084, 0x1084, 0x1084, 0x1084, 0x1084, 0x1084,
    0x1084, 0x1064, 0x1064, 0x1084, 0x1084, 0x1084, 0x1084, 0x1085, 0x1085, 0x1084, 0x1084, 0x1084,
    0x1084, 0x1084, 0x1084, 0x1084, 0x1084, 0x1084, 0x1084, 0x1084, 0x1084, 0x1084, 0x1084, 0x1084,
    0x1084, 0x1084, 0x1084, 0x1084, 0x1084, 0x1084, 0x1084, 0x1084, 0x1084, 0x1084, 0x1084, 0x1084,
    0x1084, 0x1084, 0x1084, 0x1084, 0x1084, 0x1084, 0x1084, 0x1084, 0x1084, 0x1084, 0x1084, 0x1084,
    0x1084, 0x1084, 0x1084, 0x1084, 0x1084, 0x1084, 0x1084, 0x1084, 0x1084, 0x1084, 0x1084, 0x1084,
    0x1084, 0x1084, 0x1084, 0x1084, 0x1084, 0x1084, 0x1084, 0x1084, 0x1084, 0x1084, 0x1084, 0x1084,
    0x1084, 0x1084, 0x1084, 0x1084, 0x1084, 0x1084, 0x1084, 0x1084, 0x1084, 0x1084, 0x1084, 0x1084,
    0x1084, 0x1084, 0x1084, 0x1084, 0x1084, 0x1084, 0x1084, 0x1084, 0x1084, 0x1084, 0x1084, 0x1084,
    0x1064, 0x1064, 0x1064, 0x1064, 0x1084, 0x1084, 0x1084, 0x1084, 0x1084, 0x1084, 0x1064, 0x1064,
    0x1084, 0x1084, 0x1084, 0x1084, 0x1084, 0x1084, 0x1084, 0x1084, 0x1084, 0x1084, 0x1084, 0x1084,
    0x1084, 0x1084, 0x1084, 0x1084, 0x1084, 0x1084, 0x1084, 0x1084, 0x1085, 0x1085, 0x1084, 0x1084,
    0x1084, 0x1084, 0x1064, 0x1064, 0x1065, 0x1065, 0x1064, 0x1064, 0x1064, 0x1064, 0x38A9, 0x7130,
    0x58ED, 0x40CA, 0x1885, 0x1084, 0x1084, 0x1064, 0x1064, 0x1064, 0x1064, 0x1064, 0x1064, 0x1064,
    0x1064, 0x1064, 0x1064, 0x1064, 0x1064, 0x1064, 0x1064, 0x1064, 0x1064, 0x1064, 0x1064, 0x1064,
    0x1084, 0x1084, 0x1084, 0x1064, 0x1064, 0x1064, 0x1064, 0x1064, 0x1064, 0x1064, 0x1084, 0x1084,
    0x1084, 0x1084, 0x1084, 0x1084, 0x1084, 0x1084, 0x1064, 0x1064, 0x1084, 0x1064, 0x20A7, 0x20A9,
    0x412F, 0x4170, 0x18A7, 0x1064, 0x1064, 0x1064, 0x1064, 0x1064, 0x1064, 0x1084, 0x1064, 0x1084,
    0x1084, 0x1084, 0x1084, 0x1084, 0x1064, 0x1064, 0x1064, 0x1084, 0x1084, 0x1084, 0x1084, 0x1084,
    0x1084, 0x1084, 0x1084, 0x1084, 0x1084, 0x1084, 0x1084, 0x1084, 0x1084, 0x1084, 0x1084, 0x1084,
    0x1084, 0x1084, 0x1084, 0x1084, 0x1084, 0x1084, 0x1084, 0x1084, 0x1084, 0x1084, 0x1084, 0x1084,
    0x1084, 0x1064, 0x1084, 0x1084, 0x1084, 0x1084, 0x1084, 0x1084, 0x1084, 0x1084, 0x1084, 0x1084,
    0x1084, 0x1084, 0x1084, 0x1084, 0x1084, 0x1084, 0x1084, 0x1084, 0x1084, 0x1084, 0x1084, 0x1084,
    0x1084, 0x1084, 0x1084, 0x1084, 0x1084, 0x1084, 0x1084, 0x1084, 0x1084, 0x1084, 0x1084, 0x1084,
    0x1084, 0x1084, 0x1084, 0x1084, 0x1084, 0x1084, 0x1084, 0x1084, 0x1084, 0x1084, 0x1084, 0x1084,
    0x1084, 0x1084, 0x1084, 0x1084, 0x1084, 0x1084, 0x1084, 0x1084, 0x1084, 0x1084, 0x1084, 0x1084,
    0x1084, 0x1084, 0x1084, 0x1084, 0x1084, 0x1084, 0x1084, 0x1084, 0x1084, 0x1084, 0x1084, 0x1084,
    0x1084, 0x1084, 0x1084, 0x1084, 0x1084, 0x1084, 0x1084, 0x1084, 0x1084, 0x1084, 0x1084, 0x1084,
    0x1084, 0x1084, 0x1084, 0x1084, 0x1084, 0x1084, 0x1084, 0x1084, 0x1084, 0x1084, 0x1064, 0x1064,
    0x1064, 0x1064, 0x1064, 0x1084, 0x1084, 0x1084, 0x1084, 0x1084, 0x1084, 0x1084, 0x1084, 0x1064,
    0x1084, 0x1064, 0x1084, 0x1084, 0x1084, 0x1084, 0x1084, 0x1084, 0x1084, 0x1064, 0x1084, 0x1084,
    0x1084, 0x1084, 0x1084, 0x1084, 0x1084, 0x1084, 0x1084, 0x1084, 0x1084, 0x1064, 0x1064, 0x1084,
    0x1084, 0x1084, 0x1064, 0x1064, 0x1064, 0x1065, 0x1064, 0x1064, 0x1064, 0x1064, 0x1064, 0x1045,
    0x590E, 0x6951, 0x48CC, 0x38CA, 0x1885, 0x1084, 0x1064, 0x1064, 0x1064, 0x1064, 0x1064, 0x1064,
    0x1064, 0x1064, 0x1064, 0x1064, 0x1064, 0x1064, 0x1064, 0x1064, 0x1064, 0x1064, 0x1064, 0x1064,
    0x1064, 0x1064, 0x1064, 0x1064, 0x1064, 0x1063, 0x0863, 0x1063, 0x1064, 0x1064, 0x1064, 0x1084,
    0x1084, 0x1064, 0x1064, 0x1084, 0x1064, 0x1064, 0x1064, 0x1064, 0x2088, 0x2089, 0x390E, 0x414F,
    0x20A8, 0x1084, 0x1084, 0x1064, 0x1064, 0x1064, 0x1064, 0x1064, 0x1084, 0x1064, 0x1064, 0x1084,
    0x1084, 0x1064, 0x1084, 0x1064, 0x1084, 0x1064, 0x1064, 0x1084, 0x1084, 0x1084, 0x1084, 0x1084,
    0x1084, 0x1084, 0x1084, 0x1064, 0x1064, 0x1084, 0x1064, 0x1084, 0x1084, 0x1084, 0x1084, 0x1084,
    0x1084, 0x1084, 0x1064, 0x1084, 0x1084, 0x1084, 0x1084, 0x1084, 0x1084, 0x1084, 0x1084, 0x1084,
    0x1084, 0x1084, 0x1084, 0x1084, 0x1084, 0x1084, 0x1084, 0x1084, 0x1084, 0x1084, 0x1084, 0x1084,
    0x1084, 0x1084, 0x1084, 0x1084, 0x1084, 0x1084, 0x1084, 0x1084, 0x1084, 0x1084, 0x1084, 0x1084,
    0x1084, 0x1084, 0x1084, 0x1084, 0x1084, 0x1084, 0x1084, 0x1084, 0x1084, 0x1084, 0x1084, 0x1084,
    0x1084, 0x1084, 0x1084, 0x1084, 0x1084, 0x1084, 0x1084, 0x1084, 0x1084, 0x1084, 0x1084, 0x1084,
    0x1084, 0x1084, 0x1084, 0x1084, 0x1084, 0x1084, 0x1084, 0x1084, 0x1084, 0x1084, 0x1084, 0x1084,
    0x1084, 0x1084, 0x1084, 0x1084, 0x1084, 0x1084, 0x1084, 0x1084, 0x1084, 0x1084, 0x1084, 0x1084,
    0x1084, 0x1084, 0x1084, 0x1084, 0x1084, 0x1084, 0x1084, 0x1084, 0x1084, 0x1084, 0x1084, 0x1084,
    0x1084, 0x1084, 0x1084, 0x1064, 0x1084, 0x1084, 0x1084, 0x1084, 0x1064, 0x1064, 0x1064, 0x1084,
    0x1064, 0x1064, 0x1064, 0x1084, 0x1084, 0x1084, 0x1084, 0x1084, 0x1084, 0x1084, 0x1084, 0x1084,
    0x1064, 0x1084, 0x1084, 0x1084, 0x1084, 0x1084, 0x1084, 0x1084, 0x1084, 0x1064, 0x1084, 0x1084,
    0x1084, 0x1064, 0x1064, 0x1064, 0x1084, 0x1084, 0x1064, 0x1084, 0x1064, 0x1064, 0x1064, 0x1064,
    0x1084, 0x1084, 0x1064, 0x1084, 0x1064, 0x1064, 0x1065, 0x1065, 0x1065, 0x1064, 0x1064, 0x1064,
    0x1064, 0x1866, 0x592F, 0x590F, 0x40AB, 0x30A9, 0x1065, 0x1064, 0x1064, 0x1064, 0x1064, 0x1064,
    0x1064, 0x1064, 0x1064, 0x1064, 0x1064, 0x1064, 0x1064, 0x1064, 0x1064, 0x1064, 0x1064, 0x1064,
    0x1064, 0x1084, 0x1064, 0x1064, 0x1064, 0x1063, 0x0863, 0x1063, 0x1063, 0x0863, 0x1064, 0x1084,
    0x1084, 0x1084, 0x1084, 0x1084, 0x1084, 0x1064, 0x2087, 0x28AA, 0x30EE, 0x310E, 0x20A8, 0x1084,
    0x1084, 0x1084, 0x1084, 0x1064, 0x1064, 0x1063, 0x1063, 0x1064, 0x1064, 0x1064, 0x1064, 0x1064,
    0x1063, 0x1063, 0x1063, 0x1063, 0x1063, 0x1063, 0x1063, 0x1064, 0x1064, 0x1084, 0x1063, 0x1063,
    0x1084, 0x1084, 0x1063, 0x1063, 0x1064, 0x1064, 0x1084, 0x1084, 0x1084, 0x1084, 0x1084, 0x1084,
    0x1084, 0x1064, 0x0863, 0x1064, 0x1063, 0x1063, 0x1064, 0x1064, 0x1064, 0x1064, 0x1064, 0x1064,
    0x1084, 0x1084, 0x1084, 0x1084, 0x1084, 0x1084, 0x1084, 0x1084, 0x1084, 0x1084, 0x1084, 0x1084,
    0x1084, 0x1084, 0x1084, 0x1084, 0x1084, 0x1085, 0x1085, 0x1084, 0x1084, 0x1084, 0x1084, 0x1084,
    0x1084, 0x1084, 0x1084, 0x1084, 0x1085, 0x1085, 0x1085, 0x1084, 0x1084, 0x1084, 0x1084, 0x1084,
    0x1084, 0x1085, 0x1085, 0x1085, 0x1085, 0x1084, 0x1085, 0x1084, 0x1084, 0x1084, 0x1084, 0x1085,
    0x1084, 0x1084, 0x1084, 0x1084, 0x1084, 0x1084, 0x1084, 0x1085, 0x1084, 0x1084, 0x1084, 0x1084,
    0x1084, 0x1084, 0x1084, 0x1085, 0x1085, 0x1084, 0x1084, 0x1084, 0x1084, 0x1084, 0x1084, 0x1084,
    0x1084, 0x1084, 0x1084, 0x1084, 0x1084, 0x1084, 0x1084, 0x1084, 0x1084, 0x1084, 0x1084, 0x1084,
    0x1084, 0x1084, 0x1084, 0x1064, 0x1064, 0x1084, 0x1064, 0x1064, 0x1064, 0x1064, 0x1064, 0x1064,
    0x1064, 0x1064, 0x1064, 0x1084, 0x1084, 0x1084, 0x1084, 0x1084, 0x1084, 0x1084, 0x1084, 0x1084,
    0x1084, 0x1064, 0x1064, 0x1064, 0x1084, 0x1064, 0x1084, 0x1084, 0x1064, 0x1064, 0x1064, 0x1064,
    0x1064, 0x1064, 0x1064, 0x1064, 0x1064, 0x1064, 0x1064, 0x1064, 0x1064, 0x1064, 0x1064, 0x1064,
    0x1084, 0x1064, 0x1084, 0x1084, 0x1084, 0x1084, 0x1065, 0x1065, 0x1065, 0x1065, 0x1064, 0x1065,
    0x1065, 0x1065, 0x1065, 0x30AA, 0x5910, 0x590F, 0x40CC, 0x2086, 0x0864, 0x1064, 0x1064, 0x1065,
    0x1064, 0x1064, 0x1064, 0x1064, 0x1064, 0x1064, 0x1044, 0x1064, 0x1064, 0x1044, 0x1064, 0x1064,
};
